2025-08-06 11:56:36.643 [korzhovvbot Telegram Connection] ERROR org.telegram.telegrambots.updatesreceivers.DefaultBotSession - Connection reset
java.net.SocketException: Connection reset
	at java.base/sun.nio.ch.NioSocketImpl.implRead(NioSocketImpl.java:318) ~[?:?]
	at java.base/sun.nio.ch.NioSocketImpl.read(NioSocketImpl.java:346) ~[?:?]
	at java.base/sun.nio.ch.NioSocketImpl$1.read(NioSocketImpl.java:796) ~[?:?]
	at java.base/java.net.Socket$SocketInputStream.implRead(Socket.java:1116) ~[?:?]
	at java.base/java.net.Socket$SocketInputStream.read(Socket.java:1103) ~[?:?]
	at java.base/sun.security.ssl.SSLSocketInputRecord.read(SSLSocketInputRecord.java:489) ~[?:?]
	at java.base/sun.security.ssl.SSLSocketInputRecord.readHeader(SSLSocketInputRecord.java:483) ~[?:?]
	at java.base/sun.security.ssl.SSLSocketInputRecord.bytesInCompletePacket(SSLSocketInputRecord.java:70) ~[?:?]
	at java.base/sun.security.ssl.SSLSocketImpl.readApplicationRecord(SSLSocketImpl.java:1462) ~[?:?]
	at java.base/sun.security.ssl.SSLSocketImpl$AppInputStream.read(SSLSocketImpl.java:1068) ~[?:?]
	at org.apache.http.impl.io.SessionInputBufferImpl.streamRead(SessionInputBufferImpl.java:137) ~[httpcore-4.4.16.jar:4.4.16]
	at org.apache.http.impl.io.SessionInputBufferImpl.fillBuffer(SessionInputBufferImpl.java:153) ~[httpcore-4.4.16.jar:4.4.16]
	at org.apache.http.impl.io.SessionInputBufferImpl.readLine(SessionInputBufferImpl.java:280) ~[httpcore-4.4.16.jar:4.4.16]
	at org.apache.http.impl.conn.DefaultHttpResponseParser.parseHead(DefaultHttpResponseParser.java:138) ~[httpclient-4.5.14.jar:4.5.14]
	at org.apache.http.impl.conn.DefaultHttpResponseParser.parseHead(DefaultHttpResponseParser.java:56) ~[httpclient-4.5.14.jar:4.5.14]
	at org.apache.http.impl.io.AbstractMessageParser.parse(AbstractMessageParser.java:259) ~[httpcore-4.4.16.jar:4.4.16]
	at org.apache.http.impl.DefaultBHttpClientConnection.receiveResponseHeader(DefaultBHttpClientConnection.java:163) ~[httpcore-4.4.16.jar:4.4.16]
	at org.apache.http.impl.conn.CPoolProxy.receiveResponseHeader(CPoolProxy.java:157) ~[httpclient-4.5.14.jar:4.5.14]
	at org.apache.http.protocol.HttpRequestExecutor.doReceiveResponse(HttpRequestExecutor.java:273) ~[httpcore-4.4.16.jar:4.4.16]
	at org.apache.http.protocol.HttpRequestExecutor.execute(HttpRequestExecutor.java:125) ~[httpcore-4.4.16.jar:4.4.16]
	at org.apache.http.impl.execchain.MainClientExec.execute(MainClientExec.java:272) ~[httpclient-4.5.14.jar:4.5.14]
	at org.apache.http.impl.execchain.ProtocolExec.execute(ProtocolExec.java:186) ~[httpclient-4.5.14.jar:4.5.14]
	at org.apache.http.impl.execchain.RetryExec.execute(RetryExec.java:89) ~[httpclient-4.5.14.jar:4.5.14]
	at org.apache.http.impl.execchain.RedirectExec.execute(RedirectExec.java:110) ~[httpclient-4.5.14.jar:4.5.14]
	at org.apache.http.impl.client.InternalHttpClient.doExecute(InternalHttpClient.java:185) ~[httpclient-4.5.14.jar:4.5.14]
	at org.apache.http.impl.client.CloseableHttpClient.execute(CloseableHttpClient.java:83) ~[httpclient-4.5.14.jar:4.5.14]
	at org.telegram.telegrambots.updatesreceivers.DefaultBotSession$ReaderThread.getUpdatesFromServer(DefaultBotSession.java:249) ~[telegrambots-6.9.7.1.jar:?]
	at org.telegram.telegrambots.updatesreceivers.DefaultBotSession$ReaderThread.run(DefaultBotSession.java:188) [telegrambots-6.9.7.1.jar:?]
2025-08-06 11:56:53.891 [HikariPool-1:housekeeper] WARN  com.zaxxer.hikari.pool.HikariPool - HikariPool-1 - Thread starvation or clock leap detected (housekeeper delta=1d4h16m26s773ms207µs300ns).
2025-08-06 11:56:53.917 [HikariPool-1:housekeeper] WARN  com.zaxxer.hikari.pool.PoolBase - HikariPool-1 - Failed to validate connection org.postgresql.jdbc.PgConnection@54e6b813 (Соединение уже было закрыто). Possibly consider using a shorter maxLifetime value.
2025-08-06 11:56:53.984 [HikariPool-1:housekeeper] WARN  com.zaxxer.hikari.pool.PoolBase - HikariPool-1 - Failed to validate connection org.postgresql.jdbc.PgConnection@582c079f (Соединение уже было закрыто). Possibly consider using a shorter maxLifetime value.
2025-08-06 11:56:54.062 [HikariPool-1:housekeeper] WARN  com.zaxxer.hikari.pool.PoolBase - HikariPool-1 - Failed to validate connection org.postgresql.jdbc.PgConnection@499bd245 (Соединение уже было закрыто). Possibly consider using a shorter maxLifetime value.
2025-08-06 11:56:54.074 [HikariPool-1:housekeeper] WARN  com.zaxxer.hikari.pool.PoolBase - HikariPool-1 - Failed to validate connection org.postgresql.jdbc.PgConnection@285cdd45 (Соединение уже было закрыто). Possibly consider using a shorter maxLifetime value.
2025-08-06 11:56:54.114 [HikariPool-1:housekeeper] WARN  com.zaxxer.hikari.pool.PoolBase - HikariPool-1 - Failed to validate connection org.postgresql.jdbc.PgConnection@24c363e9 (Соединение уже было закрыто). Possibly consider using a shorter maxLifetime value.
2025-08-06 11:56:54.116 [HikariPool-1:housekeeper] WARN  com.zaxxer.hikari.pool.PoolBase - HikariPool-1 - Failed to validate connection org.postgresql.jdbc.PgConnection@1ceb9811 (Соединение уже было закрыто). Possibly consider using a shorter maxLifetime value.
2025-08-06 11:56:54.120 [HikariPool-1:housekeeper] WARN  com.zaxxer.hikari.pool.PoolBase - HikariPool-1 - Failed to validate connection org.postgresql.jdbc.PgConnection@b757833 (Соединение уже было закрыто). Possibly consider using a shorter maxLifetime value.
2025-08-06 11:56:54.133 [HikariPool-1:housekeeper] WARN  com.zaxxer.hikari.pool.PoolBase - HikariPool-1 - Failed to validate connection org.postgresql.jdbc.PgConnection@458d3aed (Соединение уже было закрыто). Possibly consider using a shorter maxLifetime value.
2025-08-06 11:56:54.136 [HikariPool-1:housekeeper] WARN  com.zaxxer.hikari.pool.PoolBase - HikariPool-1 - Failed to validate connection org.postgresql.jdbc.PgConnection@7aeec59e (Соединение уже было закрыто). Possibly consider using a shorter maxLifetime value.
2025-08-06 11:56:54.155 [HikariPool-1:housekeeper] WARN  com.zaxxer.hikari.pool.PoolBase - HikariPool-1 - Failed to validate connection org.postgresql.jdbc.PgConnection@3a05e1c2 (Соединение уже было закрыто). Possibly consider using a shorter maxLifetime value.
2025-08-06 11:57:07.915 [korzhovvbot Telegram Connection] ERROR org.telegram.telegrambots.updatesreceivers.DefaultBotSession - Error executing org.telegram.telegrambots.meta.api.methods.updates.GetUpdates query: [409] Conflict: terminated by other getUpdates request; make sure that only one bot instance is running
org.telegram.telegrambots.meta.exceptions.TelegramApiRequestException: Error executing org.telegram.telegrambots.meta.api.methods.updates.GetUpdates query: [409] Conflict: terminated by other getUpdates request; make sure that only one bot instance is running
	at org.telegram.telegrambots.meta.api.methods.PartialBotApiMethod.deserializeResponseInternal(PartialBotApiMethod.java:54) ~[telegrambots-meta-6.9.7.1.jar:?]
	at org.telegram.telegrambots.meta.api.methods.PartialBotApiMethod.deserializeResponseArray(PartialBotApiMethod.java:39) ~[telegrambots-meta-6.9.7.1.jar:?]
	at org.telegram.telegrambots.meta.api.methods.updates.GetUpdates.deserializeResponse(GetUpdates.java:86) ~[telegrambots-meta-6.9.7.1.jar:?]
	at org.telegram.telegrambots.updatesreceivers.DefaultBotSession$ReaderThread.getUpdatesFromServer(DefaultBotSession.java:258) ~[telegrambots-6.9.7.1.jar:?]
	at org.telegram.telegrambots.updatesreceivers.DefaultBotSession$ReaderThread.run(DefaultBotSession.java:188) [telegrambots-6.9.7.1.jar:?]
2025-08-06 11:57:13.160 [korzhovvbot Telegram Connection] ERROR org.telegram.telegrambots.updatesreceivers.DefaultBotSession - Error executing org.telegram.telegrambots.meta.api.methods.updates.GetUpdates query: [409] Conflict: terminated by other getUpdates request; make sure that only one bot instance is running
org.telegram.telegrambots.meta.exceptions.TelegramApiRequestException: Error executing org.telegram.telegrambots.meta.api.methods.updates.GetUpdates query: [409] Conflict: terminated by other getUpdates request; make sure that only one bot instance is running
	at org.telegram.telegrambots.meta.api.methods.PartialBotApiMethod.deserializeResponseInternal(PartialBotApiMethod.java:54) ~[telegrambots-meta-6.9.7.1.jar:?]
	at org.telegram.telegrambots.meta.api.methods.PartialBotApiMethod.deserializeResponseArray(PartialBotApiMethod.java:39) ~[telegrambots-meta-6.9.7.1.jar:?]
	at org.telegram.telegrambots.meta.api.methods.updates.GetUpdates.deserializeResponse(GetUpdates.java:86) ~[telegrambots-meta-6.9.7.1.jar:?]
	at org.telegram.telegrambots.updatesreceivers.DefaultBotSession$ReaderThread.getUpdatesFromServer(DefaultBotSession.java:258) ~[telegrambots-6.9.7.1.jar:?]
	at org.telegram.telegrambots.updatesreceivers.DefaultBotSession$ReaderThread.run(DefaultBotSession.java:188) [telegrambots-6.9.7.1.jar:?]
2025-08-06 11:57:17.349 [korzhovvbot Telegram Connection] ERROR org.telegram.telegrambots.updatesreceivers.DefaultBotSession - Error executing org.telegram.telegrambots.meta.api.methods.updates.GetUpdates query: [409] Conflict: terminated by other getUpdates request; make sure that only one bot instance is running
org.telegram.telegrambots.meta.exceptions.TelegramApiRequestException: Error executing org.telegram.telegrambots.meta.api.methods.updates.GetUpdates query: [409] Conflict: terminated by other getUpdates request; make sure that only one bot instance is running
	at org.telegram.telegrambots.meta.api.methods.PartialBotApiMethod.deserializeResponseInternal(PartialBotApiMethod.java:54) ~[telegrambots-meta-6.9.7.1.jar:?]
	at org.telegram.telegrambots.meta.api.methods.PartialBotApiMethod.deserializeResponseArray(PartialBotApiMethod.java:39) ~[telegrambots-meta-6.9.7.1.jar:?]
	at org.telegram.telegrambots.meta.api.methods.updates.GetUpdates.deserializeResponse(GetUpdates.java:86) ~[telegrambots-meta-6.9.7.1.jar:?]
	at org.telegram.telegrambots.updatesreceivers.DefaultBotSession$ReaderThread.getUpdatesFromServer(DefaultBotSession.java:258) ~[telegrambots-6.9.7.1.jar:?]
	at org.telegram.telegrambots.updatesreceivers.DefaultBotSession$ReaderThread.run(DefaultBotSession.java:188) [telegrambots-6.9.7.1.jar:?]
2025-08-06 11:57:21.492 [korzhovvbot Telegram Connection] ERROR org.telegram.telegrambots.updatesreceivers.DefaultBotSession - Error executing org.telegram.telegrambots.meta.api.methods.updates.GetUpdates query: [409] Conflict: terminated by other getUpdates request; make sure that only one bot instance is running
org.telegram.telegrambots.meta.exceptions.TelegramApiRequestException: Error executing org.telegram.telegrambots.meta.api.methods.updates.GetUpdates query: [409] Conflict: terminated by other getUpdates request; make sure that only one bot instance is running
	at org.telegram.telegrambots.meta.api.methods.PartialBotApiMethod.deserializeResponseInternal(PartialBotApiMethod.java:54) ~[telegrambots-meta-6.9.7.1.jar:?]
	at org.telegram.telegrambots.meta.api.methods.PartialBotApiMethod.deserializeResponseArray(PartialBotApiMethod.java:39) ~[telegrambots-meta-6.9.7.1.jar:?]
	at org.telegram.telegrambots.meta.api.methods.updates.GetUpdates.deserializeResponse(GetUpdates.java:86) ~[telegrambots-meta-6.9.7.1.jar:?]
	at org.telegram.telegrambots.updatesreceivers.DefaultBotSession$ReaderThread.getUpdatesFromServer(DefaultBotSession.java:258) ~[telegrambots-6.9.7.1.jar:?]
	at org.telegram.telegrambots.updatesreceivers.DefaultBotSession$ReaderThread.run(DefaultBotSession.java:188) [telegrambots-6.9.7.1.jar:?]
2025-08-06 11:57:25.645 [korzhovvbot Telegram Connection] ERROR org.telegram.telegrambots.updatesreceivers.DefaultBotSession - Error executing org.telegram.telegrambots.meta.api.methods.updates.GetUpdates query: [409] Conflict: terminated by other getUpdates request; make sure that only one bot instance is running
org.telegram.telegrambots.meta.exceptions.TelegramApiRequestException: Error executing org.telegram.telegrambots.meta.api.methods.updates.GetUpdates query: [409] Conflict: terminated by other getUpdates request; make sure that only one bot instance is running
	at org.telegram.telegrambots.meta.api.methods.PartialBotApiMethod.deserializeResponseInternal(PartialBotApiMethod.java:54) ~[telegrambots-meta-6.9.7.1.jar:?]
	at org.telegram.telegrambots.meta.api.methods.PartialBotApiMethod.deserializeResponseArray(PartialBotApiMethod.java:39) ~[telegrambots-meta-6.9.7.1.jar:?]
	at org.telegram.telegrambots.meta.api.methods.updates.GetUpdates.deserializeResponse(GetUpdates.java:86) ~[telegrambots-meta-6.9.7.1.jar:?]
	at org.telegram.telegrambots.updatesreceivers.DefaultBotSession$ReaderThread.getUpdatesFromServer(DefaultBotSession.java:258) ~[telegrambots-6.9.7.1.jar:?]
	at org.telegram.telegrambots.updatesreceivers.DefaultBotSession$ReaderThread.run(DefaultBotSession.java:188) [telegrambots-6.9.7.1.jar:?]
2025-08-06 11:57:29.790 [korzhovvbot Telegram Connection] ERROR org.telegram.telegrambots.updatesreceivers.DefaultBotSession - Error executing org.telegram.telegrambots.meta.api.methods.updates.GetUpdates query: [409] Conflict: terminated by other getUpdates request; make sure that only one bot instance is running
org.telegram.telegrambots.meta.exceptions.TelegramApiRequestException: Error executing org.telegram.telegrambots.meta.api.methods.updates.GetUpdates query: [409] Conflict: terminated by other getUpdates request; make sure that only one bot instance is running
	at org.telegram.telegrambots.meta.api.methods.PartialBotApiMethod.deserializeResponseInternal(PartialBotApiMethod.java:54) ~[telegrambots-meta-6.9.7.1.jar:?]
	at org.telegram.telegrambots.meta.api.methods.PartialBotApiMethod.deserializeResponseArray(PartialBotApiMethod.java:39) ~[telegrambots-meta-6.9.7.1.jar:?]
	at org.telegram.telegrambots.meta.api.methods.updates.GetUpdates.deserializeResponse(GetUpdates.java:86) ~[telegrambots-meta-6.9.7.1.jar:?]
	at org.telegram.telegrambots.updatesreceivers.DefaultBotSession$ReaderThread.getUpdatesFromServer(DefaultBotSession.java:258) ~[telegrambots-6.9.7.1.jar:?]
	at org.telegram.telegrambots.updatesreceivers.DefaultBotSession$ReaderThread.run(DefaultBotSession.java:188) [telegrambots-6.9.7.1.jar:?]
2025-08-06 11:57:33.928 [korzhovvbot Telegram Connection] ERROR org.telegram.telegrambots.updatesreceivers.DefaultBotSession - Error executing org.telegram.telegrambots.meta.api.methods.updates.GetUpdates query: [409] Conflict: terminated by other getUpdates request; make sure that only one bot instance is running
org.telegram.telegrambots.meta.exceptions.TelegramApiRequestException: Error executing org.telegram.telegrambots.meta.api.methods.updates.GetUpdates query: [409] Conflict: terminated by other getUpdates request; make sure that only one bot instance is running
	at org.telegram.telegrambots.meta.api.methods.PartialBotApiMethod.deserializeResponseInternal(PartialBotApiMethod.java:54) ~[telegrambots-meta-6.9.7.1.jar:?]
	at org.telegram.telegrambots.meta.api.methods.PartialBotApiMethod.deserializeResponseArray(PartialBotApiMethod.java:39) ~[telegrambots-meta-6.9.7.1.jar:?]
	at org.telegram.telegrambots.meta.api.methods.updates.GetUpdates.deserializeResponse(GetUpdates.java:86) ~[telegrambots-meta-6.9.7.1.jar:?]
	at org.telegram.telegrambots.updatesreceivers.DefaultBotSession$ReaderThread.getUpdatesFromServer(DefaultBotSession.java:258) ~[telegrambots-6.9.7.1.jar:?]
	at org.telegram.telegrambots.updatesreceivers.DefaultBotSession$ReaderThread.run(DefaultBotSession.java:188) [telegrambots-6.9.7.1.jar:?]
2025-08-06 11:57:40.241 [korzhovvbot Telegram Connection] ERROR org.telegram.telegrambots.updatesreceivers.DefaultBotSession - Error executing org.telegram.telegrambots.meta.api.methods.updates.GetUpdates query: [409] Conflict: terminated by other getUpdates request; make sure that only one bot instance is running
org.telegram.telegrambots.meta.exceptions.TelegramApiRequestException: Error executing org.telegram.telegrambots.meta.api.methods.updates.GetUpdates query: [409] Conflict: terminated by other getUpdates request; make sure that only one bot instance is running
	at org.telegram.telegrambots.meta.api.methods.PartialBotApiMethod.deserializeResponseInternal(PartialBotApiMethod.java:54) ~[telegrambots-meta-6.9.7.1.jar:?]
	at org.telegram.telegrambots.meta.api.methods.PartialBotApiMethod.deserializeResponseArray(PartialBotApiMethod.java:39) ~[telegrambots-meta-6.9.7.1.jar:?]
	at org.telegram.telegrambots.meta.api.methods.updates.GetUpdates.deserializeResponse(GetUpdates.java:86) ~[telegrambots-meta-6.9.7.1.jar:?]
	at org.telegram.telegrambots.updatesreceivers.DefaultBotSession$ReaderThread.getUpdatesFromServer(DefaultBotSession.java:258) ~[telegrambots-6.9.7.1.jar:?]
	at org.telegram.telegrambots.updatesreceivers.DefaultBotSession$ReaderThread.run(DefaultBotSession.java:188) [telegrambots-6.9.7.1.jar:?]
2025-08-06 11:57:49.532 [korzhovvbot Telegram Connection] ERROR org.telegram.telegrambots.updatesreceivers.DefaultBotSession - Error executing org.telegram.telegrambots.meta.api.methods.updates.GetUpdates query: [409] Conflict: terminated by other getUpdates request; make sure that only one bot instance is running
org.telegram.telegrambots.meta.exceptions.TelegramApiRequestException: Error executing org.telegram.telegrambots.meta.api.methods.updates.GetUpdates query: [409] Conflict: terminated by other getUpdates request; make sure that only one bot instance is running
	at org.telegram.telegrambots.meta.api.methods.PartialBotApiMethod.deserializeResponseInternal(PartialBotApiMethod.java:54) ~[telegrambots-meta-6.9.7.1.jar:?]
	at org.telegram.telegrambots.meta.api.methods.PartialBotApiMethod.deserializeResponseArray(PartialBotApiMethod.java:39) ~[telegrambots-meta-6.9.7.1.jar:?]
	at org.telegram.telegrambots.meta.api.methods.updates.GetUpdates.deserializeResponse(GetUpdates.java:86) ~[telegrambots-meta-6.9.7.1.jar:?]
	at org.telegram.telegrambots.updatesreceivers.DefaultBotSession$ReaderThread.getUpdatesFromServer(DefaultBotSession.java:258) ~[telegrambots-6.9.7.1.jar:?]
	at org.telegram.telegrambots.updatesreceivers.DefaultBotSession$ReaderThread.run(DefaultBotSession.java:188) [telegrambots-6.9.7.1.jar:?]
2025-08-06 11:57:55.964 [korzhovvbot Telegram Connection] ERROR org.telegram.telegrambots.updatesreceivers.DefaultBotSession - Error executing org.telegram.telegrambots.meta.api.methods.updates.GetUpdates query: [409] Conflict: terminated by other getUpdates request; make sure that only one bot instance is running
org.telegram.telegrambots.meta.exceptions.TelegramApiRequestException: Error executing org.telegram.telegrambots.meta.api.methods.updates.GetUpdates query: [409] Conflict: terminated by other getUpdates request; make sure that only one bot instance is running
	at org.telegram.telegrambots.meta.api.methods.PartialBotApiMethod.deserializeResponseInternal(PartialBotApiMethod.java:54) ~[telegrambots-meta-6.9.7.1.jar:?]
	at org.telegram.telegrambots.meta.api.methods.PartialBotApiMethod.deserializeResponseArray(PartialBotApiMethod.java:39) ~[telegrambots-meta-6.9.7.1.jar:?]
	at org.telegram.telegrambots.meta.api.methods.updates.GetUpdates.deserializeResponse(GetUpdates.java:86) ~[telegrambots-meta-6.9.7.1.jar:?]
	at org.telegram.telegrambots.updatesreceivers.DefaultBotSession$ReaderThread.getUpdatesFromServer(DefaultBotSession.java:258) ~[telegrambots-6.9.7.1.jar:?]
	at org.telegram.telegrambots.updatesreceivers.DefaultBotSession$ReaderThread.run(DefaultBotSession.java:188) [telegrambots-6.9.7.1.jar:?]
2025-08-06 11:58:00.579 [korzhovvbot Telegram Connection] ERROR org.telegram.telegrambots.updatesreceivers.DefaultBotSession - Error executing org.telegram.telegrambots.meta.api.methods.updates.GetUpdates query: [409] Conflict: terminated by other getUpdates request; make sure that only one bot instance is running
org.telegram.telegrambots.meta.exceptions.TelegramApiRequestException: Error executing org.telegram.telegrambots.meta.api.methods.updates.GetUpdates query: [409] Conflict: terminated by other getUpdates request; make sure that only one bot instance is running
	at org.telegram.telegrambots.meta.api.methods.PartialBotApiMethod.deserializeResponseInternal(PartialBotApiMethod.java:54) ~[telegrambots-meta-6.9.7.1.jar:?]
	at org.telegram.telegrambots.meta.api.methods.PartialBotApiMethod.deserializeResponseArray(PartialBotApiMethod.java:39) ~[telegrambots-meta-6.9.7.1.jar:?]
	at org.telegram.telegrambots.meta.api.methods.updates.GetUpdates.deserializeResponse(GetUpdates.java:86) ~[telegrambots-meta-6.9.7.1.jar:?]
	at org.telegram.telegrambots.updatesreceivers.DefaultBotSession$ReaderThread.getUpdatesFromServer(DefaultBotSession.java:258) ~[telegrambots-6.9.7.1.jar:?]
	at org.telegram.telegrambots.updatesreceivers.DefaultBotSession$ReaderThread.run(DefaultBotSession.java:188) [telegrambots-6.9.7.1.jar:?]
2025-08-06 11:58:04.693 [korzhovvbot Telegram Connection] ERROR org.telegram.telegrambots.updatesreceivers.DefaultBotSession - Error executing org.telegram.telegrambots.meta.api.methods.updates.GetUpdates query: [409] Conflict: terminated by other getUpdates request; make sure that only one bot instance is running
org.telegram.telegrambots.meta.exceptions.TelegramApiRequestException: Error executing org.telegram.telegrambots.meta.api.methods.updates.GetUpdates query: [409] Conflict: terminated by other getUpdates request; make sure that only one bot instance is running
	at org.telegram.telegrambots.meta.api.methods.PartialBotApiMethod.deserializeResponseInternal(PartialBotApiMethod.java:54) ~[telegrambots-meta-6.9.7.1.jar:?]
	at org.telegram.telegrambots.meta.api.methods.PartialBotApiMethod.deserializeResponseArray(PartialBotApiMethod.java:39) ~[telegrambots-meta-6.9.7.1.jar:?]
	at org.telegram.telegrambots.meta.api.methods.updates.GetUpdates.deserializeResponse(GetUpdates.java:86) ~[telegrambots-meta-6.9.7.1.jar:?]
	at org.telegram.telegrambots.updatesreceivers.DefaultBotSession$ReaderThread.getUpdatesFromServer(DefaultBotSession.java:258) ~[telegrambots-6.9.7.1.jar:?]
	at org.telegram.telegrambots.updatesreceivers.DefaultBotSession$ReaderThread.run(DefaultBotSession.java:188) [telegrambots-6.9.7.1.jar:?]
2025-08-06 11:58:09.774 [korzhovvbot Telegram Connection] ERROR org.telegram.telegrambots.updatesreceivers.DefaultBotSession - Error executing org.telegram.telegrambots.meta.api.methods.updates.GetUpdates query: [409] Conflict: terminated by other getUpdates request; make sure that only one bot instance is running
org.telegram.telegrambots.meta.exceptions.TelegramApiRequestException: Error executing org.telegram.telegrambots.meta.api.methods.updates.GetUpdates query: [409] Conflict: terminated by other getUpdates request; make sure that only one bot instance is running
	at org.telegram.telegrambots.meta.api.methods.PartialBotApiMethod.deserializeResponseInternal(PartialBotApiMethod.java:54) ~[telegrambots-meta-6.9.7.1.jar:?]
	at org.telegram.telegrambots.meta.api.methods.PartialBotApiMethod.deserializeResponseArray(PartialBotApiMethod.java:39) ~[telegrambots-meta-6.9.7.1.jar:?]
	at org.telegram.telegrambots.meta.api.methods.updates.GetUpdates.deserializeResponse(GetUpdates.java:86) ~[telegrambots-meta-6.9.7.1.jar:?]
	at org.telegram.telegrambots.updatesreceivers.DefaultBotSession$ReaderThread.getUpdatesFromServer(DefaultBotSession.java:258) ~[telegrambots-6.9.7.1.jar:?]
	at org.telegram.telegrambots.updatesreceivers.DefaultBotSession$ReaderThread.run(DefaultBotSession.java:188) [telegrambots-6.9.7.1.jar:?]
2025-08-06 11:58:13.885 [korzhovvbot Telegram Connection] ERROR org.telegram.telegrambots.updatesreceivers.DefaultBotSession - Error executing org.telegram.telegrambots.meta.api.methods.updates.GetUpdates query: [409] Conflict: terminated by other getUpdates request; make sure that only one bot instance is running
org.telegram.telegrambots.meta.exceptions.TelegramApiRequestException: Error executing org.telegram.telegrambots.meta.api.methods.updates.GetUpdates query: [409] Conflict: terminated by other getUpdates request; make sure that only one bot instance is running
	at org.telegram.telegrambots.meta.api.methods.PartialBotApiMethod.deserializeResponseInternal(PartialBotApiMethod.java:54) ~[telegrambots-meta-6.9.7.1.jar:?]
	at org.telegram.telegrambots.meta.api.methods.PartialBotApiMethod.deserializeResponseArray(PartialBotApiMethod.java:39) ~[telegrambots-meta-6.9.7.1.jar:?]
	at org.telegram.telegrambots.meta.api.methods.updates.GetUpdates.deserializeResponse(GetUpdates.java:86) ~[telegrambots-meta-6.9.7.1.jar:?]
	at org.telegram.telegrambots.updatesreceivers.DefaultBotSession$ReaderThread.getUpdatesFromServer(DefaultBotSession.java:258) ~[telegrambots-6.9.7.1.jar:?]
	at org.telegram.telegrambots.updatesreceivers.DefaultBotSession$ReaderThread.run(DefaultBotSession.java:188) [telegrambots-6.9.7.1.jar:?]
2025-08-06 11:58:18.001 [korzhovvbot Telegram Connection] ERROR org.telegram.telegrambots.updatesreceivers.DefaultBotSession - Error executing org.telegram.telegrambots.meta.api.methods.updates.GetUpdates query: [409] Conflict: terminated by other getUpdates request; make sure that only one bot instance is running
org.telegram.telegrambots.meta.exceptions.TelegramApiRequestException: Error executing org.telegram.telegrambots.meta.api.methods.updates.GetUpdates query: [409] Conflict: terminated by other getUpdates request; make sure that only one bot instance is running
	at org.telegram.telegrambots.meta.api.methods.PartialBotApiMethod.deserializeResponseInternal(PartialBotApiMethod.java:54) ~[telegrambots-meta-6.9.7.1.jar:?]
	at org.telegram.telegrambots.meta.api.methods.PartialBotApiMethod.deserializeResponseArray(PartialBotApiMethod.java:39) ~[telegrambots-meta-6.9.7.1.jar:?]
	at org.telegram.telegrambots.meta.api.methods.updates.GetUpdates.deserializeResponse(GetUpdates.java:86) ~[telegrambots-meta-6.9.7.1.jar:?]
	at org.telegram.telegrambots.updatesreceivers.DefaultBotSession$ReaderThread.getUpdatesFromServer(DefaultBotSession.java:258) ~[telegrambots-6.9.7.1.jar:?]
	at org.telegram.telegrambots.updatesreceivers.DefaultBotSession$ReaderThread.run(DefaultBotSession.java:188) [telegrambots-6.9.7.1.jar:?]
2025-08-06 11:58:22.100 [korzhovvbot Telegram Connection] ERROR org.telegram.telegrambots.updatesreceivers.DefaultBotSession - Error executing org.telegram.telegrambots.meta.api.methods.updates.GetUpdates query: [409] Conflict: terminated by other getUpdates request; make sure that only one bot instance is running
org.telegram.telegrambots.meta.exceptions.TelegramApiRequestException: Error executing org.telegram.telegrambots.meta.api.methods.updates.GetUpdates query: [409] Conflict: terminated by other getUpdates request; make sure that only one bot instance is running
	at org.telegram.telegrambots.meta.api.methods.PartialBotApiMethod.deserializeResponseInternal(PartialBotApiMethod.java:54) ~[telegrambots-meta-6.9.7.1.jar:?]
	at org.telegram.telegrambots.meta.api.methods.PartialBotApiMethod.deserializeResponseArray(PartialBotApiMethod.java:39) ~[telegrambots-meta-6.9.7.1.jar:?]
	at org.telegram.telegrambots.meta.api.methods.updates.GetUpdates.deserializeResponse(GetUpdates.java:86) ~[telegrambots-meta-6.9.7.1.jar:?]
	at org.telegram.telegrambots.updatesreceivers.DefaultBotSession$ReaderThread.getUpdatesFromServer(DefaultBotSession.java:258) ~[telegrambots-6.9.7.1.jar:?]
	at org.telegram.telegrambots.updatesreceivers.DefaultBotSession$ReaderThread.run(DefaultBotSession.java:188) [telegrambots-6.9.7.1.jar:?]
2025-08-06 11:58:26.341 [korzhovvbot Telegram Connection] ERROR org.telegram.telegrambots.updatesreceivers.DefaultBotSession - Error executing org.telegram.telegrambots.meta.api.methods.updates.GetUpdates query: [409] Conflict: terminated by other getUpdates request; make sure that only one bot instance is running
org.telegram.telegrambots.meta.exceptions.TelegramApiRequestException: Error executing org.telegram.telegrambots.meta.api.methods.updates.GetUpdates query: [409] Conflict: terminated by other getUpdates request; make sure that only one bot instance is running
	at org.telegram.telegrambots.meta.api.methods.PartialBotApiMethod.deserializeResponseInternal(PartialBotApiMethod.java:54) ~[telegrambots-meta-6.9.7.1.jar:?]
	at org.telegram.telegrambots.meta.api.methods.PartialBotApiMethod.deserializeResponseArray(PartialBotApiMethod.java:39) ~[telegrambots-meta-6.9.7.1.jar:?]
	at org.telegram.telegrambots.meta.api.methods.updates.GetUpdates.deserializeResponse(GetUpdates.java:86) ~[telegrambots-meta-6.9.7.1.jar:?]
	at org.telegram.telegrambots.updatesreceivers.DefaultBotSession$ReaderThread.getUpdatesFromServer(DefaultBotSession.java:258) ~[telegrambots-6.9.7.1.jar:?]
	at org.telegram.telegrambots.updatesreceivers.DefaultBotSession$ReaderThread.run(DefaultBotSession.java:188) [telegrambots-6.9.7.1.jar:?]
2025-08-06 11:58:30.615 [korzhovvbot Telegram Connection] ERROR org.telegram.telegrambots.updatesreceivers.DefaultBotSession - Error executing org.telegram.telegrambots.meta.api.methods.updates.GetUpdates query: [409] Conflict: terminated by other getUpdates request; make sure that only one bot instance is running
org.telegram.telegrambots.meta.exceptions.TelegramApiRequestException: Error executing org.telegram.telegrambots.meta.api.methods.updates.GetUpdates query: [409] Conflict: terminated by other getUpdates request; make sure that only one bot instance is running
	at org.telegram.telegrambots.meta.api.methods.PartialBotApiMethod.deserializeResponseInternal(PartialBotApiMethod.java:54) ~[telegrambots-meta-6.9.7.1.jar:?]
	at org.telegram.telegrambots.meta.api.methods.PartialBotApiMethod.deserializeResponseArray(PartialBotApiMethod.java:39) ~[telegrambots-meta-6.9.7.1.jar:?]
	at org.telegram.telegrambots.meta.api.methods.updates.GetUpdates.deserializeResponse(GetUpdates.java:86) ~[telegrambots-meta-6.9.7.1.jar:?]
	at org.telegram.telegrambots.updatesreceivers.DefaultBotSession$ReaderThread.getUpdatesFromServer(DefaultBotSession.java:258) ~[telegrambots-6.9.7.1.jar:?]
	at org.telegram.telegrambots.updatesreceivers.DefaultBotSession$ReaderThread.run(DefaultBotSession.java:188) [telegrambots-6.9.7.1.jar:?]
2025-08-06 11:58:34.741 [korzhovvbot Telegram Connection] ERROR org.telegram.telegrambots.updatesreceivers.DefaultBotSession - Error executing org.telegram.telegrambots.meta.api.methods.updates.GetUpdates query: [409] Conflict: terminated by other getUpdates request; make sure that only one bot instance is running
org.telegram.telegrambots.meta.exceptions.TelegramApiRequestException: Error executing org.telegram.telegrambots.meta.api.methods.updates.GetUpdates query: [409] Conflict: terminated by other getUpdates request; make sure that only one bot instance is running
	at org.telegram.telegrambots.meta.api.methods.PartialBotApiMethod.deserializeResponseInternal(PartialBotApiMethod.java:54) ~[telegrambots-meta-6.9.7.1.jar:?]
	at org.telegram.telegrambots.meta.api.methods.PartialBotApiMethod.deserializeResponseArray(PartialBotApiMethod.java:39) ~[telegrambots-meta-6.9.7.1.jar:?]
	at org.telegram.telegrambots.meta.api.methods.updates.GetUpdates.deserializeResponse(GetUpdates.java:86) ~[telegrambots-meta-6.9.7.1.jar:?]
	at org.telegram.telegrambots.updatesreceivers.DefaultBotSession$ReaderThread.getUpdatesFromServer(DefaultBotSession.java:258) ~[telegrambots-6.9.7.1.jar:?]
	at org.telegram.telegrambots.updatesreceivers.DefaultBotSession$ReaderThread.run(DefaultBotSession.java:188) [telegrambots-6.9.7.1.jar:?]
2025-08-06 11:58:38.853 [korzhovvbot Telegram Connection] ERROR org.telegram.telegrambots.updatesreceivers.DefaultBotSession - Error executing org.telegram.telegrambots.meta.api.methods.updates.GetUpdates query: [409] Conflict: terminated by other getUpdates request; make sure that only one bot instance is running
org.telegram.telegrambots.meta.exceptions.TelegramApiRequestException: Error executing org.telegram.telegrambots.meta.api.methods.updates.GetUpdates query: [409] Conflict: terminated by other getUpdates request; make sure that only one bot instance is running
	at org.telegram.telegrambots.meta.api.methods.PartialBotApiMethod.deserializeResponseInternal(PartialBotApiMethod.java:54) ~[telegrambots-meta-6.9.7.1.jar:?]
	at org.telegram.telegrambots.meta.api.methods.PartialBotApiMethod.deserializeResponseArray(PartialBotApiMethod.java:39) ~[telegrambots-meta-6.9.7.1.jar:?]
	at org.telegram.telegrambots.meta.api.methods.updates.GetUpdates.deserializeResponse(GetUpdates.java:86) ~[telegrambots-meta-6.9.7.1.jar:?]
	at org.telegram.telegrambots.updatesreceivers.DefaultBotSession$ReaderThread.getUpdatesFromServer(DefaultBotSession.java:258) ~[telegrambots-6.9.7.1.jar:?]
	at org.telegram.telegrambots.updatesreceivers.DefaultBotSession$ReaderThread.run(DefaultBotSession.java:188) [telegrambots-6.9.7.1.jar:?]
2025-08-06 11:58:43.009 [korzhovvbot Telegram Connection] ERROR org.telegram.telegrambots.updatesreceivers.DefaultBotSession - Error executing org.telegram.telegrambots.meta.api.methods.updates.GetUpdates query: [409] Conflict: terminated by other getUpdates request; make sure that only one bot instance is running
org.telegram.telegrambots.meta.exceptions.TelegramApiRequestException: Error executing org.telegram.telegrambots.meta.api.methods.updates.GetUpdates query: [409] Conflict: terminated by other getUpdates request; make sure that only one bot instance is running
	at org.telegram.telegrambots.meta.api.methods.PartialBotApiMethod.deserializeResponseInternal(PartialBotApiMethod.java:54) ~[telegrambots-meta-6.9.7.1.jar:?]
	at org.telegram.telegrambots.meta.api.methods.PartialBotApiMethod.deserializeResponseArray(PartialBotApiMethod.java:39) ~[telegrambots-meta-6.9.7.1.jar:?]
	at org.telegram.telegrambots.meta.api.methods.updates.GetUpdates.deserializeResponse(GetUpdates.java:86) ~[telegrambots-meta-6.9.7.1.jar:?]
	at org.telegram.telegrambots.updatesreceivers.DefaultBotSession$ReaderThread.getUpdatesFromServer(DefaultBotSession.java:258) ~[telegrambots-6.9.7.1.jar:?]
	at org.telegram.telegrambots.updatesreceivers.DefaultBotSession$ReaderThread.run(DefaultBotSession.java:188) [telegrambots-6.9.7.1.jar:?]
2025-08-06 11:58:47.105 [korzhovvbot Telegram Connection] ERROR org.telegram.telegrambots.updatesreceivers.DefaultBotSession - Error executing org.telegram.telegrambots.meta.api.methods.updates.GetUpdates query: [409] Conflict: terminated by other getUpdates request; make sure that only one bot instance is running
org.telegram.telegrambots.meta.exceptions.TelegramApiRequestException: Error executing org.telegram.telegrambots.meta.api.methods.updates.GetUpdates query: [409] Conflict: terminated by other getUpdates request; make sure that only one bot instance is running
	at org.telegram.telegrambots.meta.api.methods.PartialBotApiMethod.deserializeResponseInternal(PartialBotApiMethod.java:54) ~[telegrambots-meta-6.9.7.1.jar:?]
	at org.telegram.telegrambots.meta.api.methods.PartialBotApiMethod.deserializeResponseArray(PartialBotApiMethod.java:39) ~[telegrambots-meta-6.9.7.1.jar:?]
	at org.telegram.telegrambots.meta.api.methods.updates.GetUpdates.deserializeResponse(GetUpdates.java:86) ~[telegrambots-meta-6.9.7.1.jar:?]
	at org.telegram.telegrambots.updatesreceivers.DefaultBotSession$ReaderThread.getUpdatesFromServer(DefaultBotSession.java:258) ~[telegrambots-6.9.7.1.jar:?]
	at org.telegram.telegrambots.updatesreceivers.DefaultBotSession$ReaderThread.run(DefaultBotSession.java:188) [telegrambots-6.9.7.1.jar:?]
2025-08-06 11:58:51.217 [korzhovvbot Telegram Connection] ERROR org.telegram.telegrambots.updatesreceivers.DefaultBotSession - Error executing org.telegram.telegrambots.meta.api.methods.updates.GetUpdates query: [409] Conflict: terminated by other getUpdates request; make sure that only one bot instance is running
org.telegram.telegrambots.meta.exceptions.TelegramApiRequestException: Error executing org.telegram.telegrambots.meta.api.methods.updates.GetUpdates query: [409] Conflict: terminated by other getUpdates request; make sure that only one bot instance is running
	at org.telegram.telegrambots.meta.api.methods.PartialBotApiMethod.deserializeResponseInternal(PartialBotApiMethod.java:54) ~[telegrambots-meta-6.9.7.1.jar:?]
	at org.telegram.telegrambots.meta.api.methods.PartialBotApiMethod.deserializeResponseArray(PartialBotApiMethod.java:39) ~[telegrambots-meta-6.9.7.1.jar:?]
	at org.telegram.telegrambots.meta.api.methods.updates.GetUpdates.deserializeResponse(GetUpdates.java:86) ~[telegrambots-meta-6.9.7.1.jar:?]
	at org.telegram.telegrambots.updatesreceivers.DefaultBotSession$ReaderThread.getUpdatesFromServer(DefaultBotSession.java:258) ~[telegrambots-6.9.7.1.jar:?]
	at org.telegram.telegrambots.updatesreceivers.DefaultBotSession$ReaderThread.run(DefaultBotSession.java:188) [telegrambots-6.9.7.1.jar:?]
2025-08-06 11:58:55.332 [korzhovvbot Telegram Connection] ERROR org.telegram.telegrambots.updatesreceivers.DefaultBotSession - Error executing org.telegram.telegrambots.meta.api.methods.updates.GetUpdates query: [409] Conflict: terminated by other getUpdates request; make sure that only one bot instance is running
org.telegram.telegrambots.meta.exceptions.TelegramApiRequestException: Error executing org.telegram.telegrambots.meta.api.methods.updates.GetUpdates query: [409] Conflict: terminated by other getUpdates request; make sure that only one bot instance is running
	at org.telegram.telegrambots.meta.api.methods.PartialBotApiMethod.deserializeResponseInternal(PartialBotApiMethod.java:54) ~[telegrambots-meta-6.9.7.1.jar:?]
	at org.telegram.telegrambots.meta.api.methods.PartialBotApiMethod.deserializeResponseArray(PartialBotApiMethod.java:39) ~[telegrambots-meta-6.9.7.1.jar:?]
	at org.telegram.telegrambots.meta.api.methods.updates.GetUpdates.deserializeResponse(GetUpdates.java:86) ~[telegrambots-meta-6.9.7.1.jar:?]
	at org.telegram.telegrambots.updatesreceivers.DefaultBotSession$ReaderThread.getUpdatesFromServer(DefaultBotSession.java:258) ~[telegrambots-6.9.7.1.jar:?]
	at org.telegram.telegrambots.updatesreceivers.DefaultBotSession$ReaderThread.run(DefaultBotSession.java:188) [telegrambots-6.9.7.1.jar:?]
2025-08-06 11:58:59.450 [korzhovvbot Telegram Connection] ERROR org.telegram.telegrambots.updatesreceivers.DefaultBotSession - Error executing org.telegram.telegrambots.meta.api.methods.updates.GetUpdates query: [409] Conflict: terminated by other getUpdates request; make sure that only one bot instance is running
org.telegram.telegrambots.meta.exceptions.TelegramApiRequestException: Error executing org.telegram.telegrambots.meta.api.methods.updates.GetUpdates query: [409] Conflict: terminated by other getUpdates request; make sure that only one bot instance is running
	at org.telegram.telegrambots.meta.api.methods.PartialBotApiMethod.deserializeResponseInternal(PartialBotApiMethod.java:54) ~[telegrambots-meta-6.9.7.1.jar:?]
	at org.telegram.telegrambots.meta.api.methods.PartialBotApiMethod.deserializeResponseArray(PartialBotApiMethod.java:39) ~[telegrambots-meta-6.9.7.1.jar:?]
	at org.telegram.telegrambots.meta.api.methods.updates.GetUpdates.deserializeResponse(GetUpdates.java:86) ~[telegrambots-meta-6.9.7.1.jar:?]
	at org.telegram.telegrambots.updatesreceivers.DefaultBotSession$ReaderThread.getUpdatesFromServer(DefaultBotSession.java:258) ~[telegrambots-6.9.7.1.jar:?]
	at org.telegram.telegrambots.updatesreceivers.DefaultBotSession$ReaderThread.run(DefaultBotSession.java:188) [telegrambots-6.9.7.1.jar:?]
2025-08-06 11:59:03.729 [korzhovvbot Telegram Connection] ERROR org.telegram.telegrambots.updatesreceivers.DefaultBotSession - Error executing org.telegram.telegrambots.meta.api.methods.updates.GetUpdates query: [409] Conflict: terminated by other getUpdates request; make sure that only one bot instance is running
org.telegram.telegrambots.meta.exceptions.TelegramApiRequestException: Error executing org.telegram.telegrambots.meta.api.methods.updates.GetUpdates query: [409] Conflict: terminated by other getUpdates request; make sure that only one bot instance is running
	at org.telegram.telegrambots.meta.api.methods.PartialBotApiMethod.deserializeResponseInternal(PartialBotApiMethod.java:54) ~[telegrambots-meta-6.9.7.1.jar:?]
	at org.telegram.telegrambots.meta.api.methods.PartialBotApiMethod.deserializeResponseArray(PartialBotApiMethod.java:39) ~[telegrambots-meta-6.9.7.1.jar:?]
	at org.telegram.telegrambots.meta.api.methods.updates.GetUpdates.deserializeResponse(GetUpdates.java:86) ~[telegrambots-meta-6.9.7.1.jar:?]
	at org.telegram.telegrambots.updatesreceivers.DefaultBotSession$ReaderThread.getUpdatesFromServer(DefaultBotSession.java:258) ~[telegrambots-6.9.7.1.jar:?]
	at org.telegram.telegrambots.updatesreceivers.DefaultBotSession$ReaderThread.run(DefaultBotSession.java:188) [telegrambots-6.9.7.1.jar:?]
2025-08-06 11:59:07.947 [korzhovvbot Telegram Connection] ERROR org.telegram.telegrambots.updatesreceivers.DefaultBotSession - Error executing org.telegram.telegrambots.meta.api.methods.updates.GetUpdates query: [409] Conflict: terminated by other getUpdates request; make sure that only one bot instance is running
org.telegram.telegrambots.meta.exceptions.TelegramApiRequestException: Error executing org.telegram.telegrambots.meta.api.methods.updates.GetUpdates query: [409] Conflict: terminated by other getUpdates request; make sure that only one bot instance is running
	at org.telegram.telegrambots.meta.api.methods.PartialBotApiMethod.deserializeResponseInternal(PartialBotApiMethod.java:54) ~[telegrambots-meta-6.9.7.1.jar:?]
	at org.telegram.telegrambots.meta.api.methods.PartialBotApiMethod.deserializeResponseArray(PartialBotApiMethod.java:39) ~[telegrambots-meta-6.9.7.1.jar:?]
	at org.telegram.telegrambots.meta.api.methods.updates.GetUpdates.deserializeResponse(GetUpdates.java:86) ~[telegrambots-meta-6.9.7.1.jar:?]
	at org.telegram.telegrambots.updatesreceivers.DefaultBotSession$ReaderThread.getUpdatesFromServer(DefaultBotSession.java:258) ~[telegrambots-6.9.7.1.jar:?]
	at org.telegram.telegrambots.updatesreceivers.DefaultBotSession$ReaderThread.run(DefaultBotSession.java:188) [telegrambots-6.9.7.1.jar:?]
2025-08-06 11:59:12.062 [korzhovvbot Telegram Connection] ERROR org.telegram.telegrambots.updatesreceivers.DefaultBotSession - Error executing org.telegram.telegrambots.meta.api.methods.updates.GetUpdates query: [409] Conflict: terminated by other getUpdates request; make sure that only one bot instance is running
org.telegram.telegrambots.meta.exceptions.TelegramApiRequestException: Error executing org.telegram.telegrambots.meta.api.methods.updates.GetUpdates query: [409] Conflict: terminated by other getUpdates request; make sure that only one bot instance is running
	at org.telegram.telegrambots.meta.api.methods.PartialBotApiMethod.deserializeResponseInternal(PartialBotApiMethod.java:54) ~[telegrambots-meta-6.9.7.1.jar:?]
	at org.telegram.telegrambots.meta.api.methods.PartialBotApiMethod.deserializeResponseArray(PartialBotApiMethod.java:39) ~[telegrambots-meta-6.9.7.1.jar:?]
	at org.telegram.telegrambots.meta.api.methods.updates.GetUpdates.deserializeResponse(GetUpdates.java:86) ~[telegrambots-meta-6.9.7.1.jar:?]
	at org.telegram.telegrambots.updatesreceivers.DefaultBotSession$ReaderThread.getUpdatesFromServer(DefaultBotSession.java:258) ~[telegrambots-6.9.7.1.jar:?]
	at org.telegram.telegrambots.updatesreceivers.DefaultBotSession$ReaderThread.run(DefaultBotSession.java:188) [telegrambots-6.9.7.1.jar:?]
2025-08-06 11:59:16.195 [korzhovvbot Telegram Connection] ERROR org.telegram.telegrambots.updatesreceivers.DefaultBotSession - Error executing org.telegram.telegrambots.meta.api.methods.updates.GetUpdates query: [409] Conflict: terminated by other getUpdates request; make sure that only one bot instance is running
org.telegram.telegrambots.meta.exceptions.TelegramApiRequestException: Error executing org.telegram.telegrambots.meta.api.methods.updates.GetUpdates query: [409] Conflict: terminated by other getUpdates request; make sure that only one bot instance is running
	at org.telegram.telegrambots.meta.api.methods.PartialBotApiMethod.deserializeResponseInternal(PartialBotApiMethod.java:54) ~[telegrambots-meta-6.9.7.1.jar:?]
	at org.telegram.telegrambots.meta.api.methods.PartialBotApiMethod.deserializeResponseArray(PartialBotApiMethod.java:39) ~[telegrambots-meta-6.9.7.1.jar:?]
	at org.telegram.telegrambots.meta.api.methods.updates.GetUpdates.deserializeResponse(GetUpdates.java:86) ~[telegrambots-meta-6.9.7.1.jar:?]
	at org.telegram.telegrambots.updatesreceivers.DefaultBotSession$ReaderThread.getUpdatesFromServer(DefaultBotSession.java:258) ~[telegrambots-6.9.7.1.jar:?]
	at org.telegram.telegrambots.updatesreceivers.DefaultBotSession$ReaderThread.run(DefaultBotSession.java:188) [telegrambots-6.9.7.1.jar:?]
2025-08-06 11:59:20.581 [korzhovvbot Telegram Connection] ERROR org.telegram.telegrambots.updatesreceivers.DefaultBotSession - Error executing org.telegram.telegrambots.meta.api.methods.updates.GetUpdates query: [409] Conflict: terminated by other getUpdates request; make sure that only one bot instance is running
org.telegram.telegrambots.meta.exceptions.TelegramApiRequestException: Error executing org.telegram.telegrambots.meta.api.methods.updates.GetUpdates query: [409] Conflict: terminated by other getUpdates request; make sure that only one bot instance is running
	at org.telegram.telegrambots.meta.api.methods.PartialBotApiMethod.deserializeResponseInternal(PartialBotApiMethod.java:54) ~[telegrambots-meta-6.9.7.1.jar:?]
	at org.telegram.telegrambots.meta.api.methods.PartialBotApiMethod.deserializeResponseArray(PartialBotApiMethod.java:39) ~[telegrambots-meta-6.9.7.1.jar:?]
	at org.telegram.telegrambots.meta.api.methods.updates.GetUpdates.deserializeResponse(GetUpdates.java:86) ~[telegrambots-meta-6.9.7.1.jar:?]
	at org.telegram.telegrambots.updatesreceivers.DefaultBotSession$ReaderThread.getUpdatesFromServer(DefaultBotSession.java:258) ~[telegrambots-6.9.7.1.jar:?]
	at org.telegram.telegrambots.updatesreceivers.DefaultBotSession$ReaderThread.run(DefaultBotSession.java:188) [telegrambots-6.9.7.1.jar:?]
2025-08-06 11:59:24.696 [korzhovvbot Telegram Connection] ERROR org.telegram.telegrambots.updatesreceivers.DefaultBotSession - Error executing org.telegram.telegrambots.meta.api.methods.updates.GetUpdates query: [409] Conflict: terminated by other getUpdates request; make sure that only one bot instance is running
org.telegram.telegrambots.meta.exceptions.TelegramApiRequestException: Error executing org.telegram.telegrambots.meta.api.methods.updates.GetUpdates query: [409] Conflict: terminated by other getUpdates request; make sure that only one bot instance is running
	at org.telegram.telegrambots.meta.api.methods.PartialBotApiMethod.deserializeResponseInternal(PartialBotApiMethod.java:54) ~[telegrambots-meta-6.9.7.1.jar:?]
	at org.telegram.telegrambots.meta.api.methods.PartialBotApiMethod.deserializeResponseArray(PartialBotApiMethod.java:39) ~[telegrambots-meta-6.9.7.1.jar:?]
	at org.telegram.telegrambots.meta.api.methods.updates.GetUpdates.deserializeResponse(GetUpdates.java:86) ~[telegrambots-meta-6.9.7.1.jar:?]
	at org.telegram.telegrambots.updatesreceivers.DefaultBotSession$ReaderThread.getUpdatesFromServer(DefaultBotSession.java:258) ~[telegrambots-6.9.7.1.jar:?]
	at org.telegram.telegrambots.updatesreceivers.DefaultBotSession$ReaderThread.run(DefaultBotSession.java:188) [telegrambots-6.9.7.1.jar:?]
2025-08-06 11:59:28.797 [korzhovvbot Telegram Connection] ERROR org.telegram.telegrambots.updatesreceivers.DefaultBotSession - Error executing org.telegram.telegrambots.meta.api.methods.updates.GetUpdates query: [409] Conflict: terminated by other getUpdates request; make sure that only one bot instance is running
org.telegram.telegrambots.meta.exceptions.TelegramApiRequestException: Error executing org.telegram.telegrambots.meta.api.methods.updates.GetUpdates query: [409] Conflict: terminated by other getUpdates request; make sure that only one bot instance is running
	at org.telegram.telegrambots.meta.api.methods.PartialBotApiMethod.deserializeResponseInternal(PartialBotApiMethod.java:54) ~[telegrambots-meta-6.9.7.1.jar:?]
	at org.telegram.telegrambots.meta.api.methods.PartialBotApiMethod.deserializeResponseArray(PartialBotApiMethod.java:39) ~[telegrambots-meta-6.9.7.1.jar:?]
	at org.telegram.telegrambots.meta.api.methods.updates.GetUpdates.deserializeResponse(GetUpdates.java:86) ~[telegrambots-meta-6.9.7.1.jar:?]
	at org.telegram.telegrambots.updatesreceivers.DefaultBotSession$ReaderThread.getUpdatesFromServer(DefaultBotSession.java:258) ~[telegrambots-6.9.7.1.jar:?]
	at org.telegram.telegrambots.updatesreceivers.DefaultBotSession$ReaderThread.run(DefaultBotSession.java:188) [telegrambots-6.9.7.1.jar:?]
2025-08-06 11:59:32.902 [korzhovvbot Telegram Connection] ERROR org.telegram.telegrambots.updatesreceivers.DefaultBotSession - Error executing org.telegram.telegrambots.meta.api.methods.updates.GetUpdates query: [409] Conflict: terminated by other getUpdates request; make sure that only one bot instance is running
org.telegram.telegrambots.meta.exceptions.TelegramApiRequestException: Error executing org.telegram.telegrambots.meta.api.methods.updates.GetUpdates query: [409] Conflict: terminated by other getUpdates request; make sure that only one bot instance is running
	at org.telegram.telegrambots.meta.api.methods.PartialBotApiMethod.deserializeResponseInternal(PartialBotApiMethod.java:54) ~[telegrambots-meta-6.9.7.1.jar:?]
	at org.telegram.telegrambots.meta.api.methods.PartialBotApiMethod.deserializeResponseArray(PartialBotApiMethod.java:39) ~[telegrambots-meta-6.9.7.1.jar:?]
	at org.telegram.telegrambots.meta.api.methods.updates.GetUpdates.deserializeResponse(GetUpdates.java:86) ~[telegrambots-meta-6.9.7.1.jar:?]
	at org.telegram.telegrambots.updatesreceivers.DefaultBotSession$ReaderThread.getUpdatesFromServer(DefaultBotSession.java:258) ~[telegrambots-6.9.7.1.jar:?]
	at org.telegram.telegrambots.updatesreceivers.DefaultBotSession$ReaderThread.run(DefaultBotSession.java:188) [telegrambots-6.9.7.1.jar:?]
2025-08-06 11:59:37.112 [korzhovvbot Telegram Connection] ERROR org.telegram.telegrambots.updatesreceivers.DefaultBotSession - Error executing org.telegram.telegrambots.meta.api.methods.updates.GetUpdates query: [409] Conflict: terminated by other getUpdates request; make sure that only one bot instance is running
org.telegram.telegrambots.meta.exceptions.TelegramApiRequestException: Error executing org.telegram.telegrambots.meta.api.methods.updates.GetUpdates query: [409] Conflict: terminated by other getUpdates request; make sure that only one bot instance is running
	at org.telegram.telegrambots.meta.api.methods.PartialBotApiMethod.deserializeResponseInternal(PartialBotApiMethod.java:54) ~[telegrambots-meta-6.9.7.1.jar:?]
	at org.telegram.telegrambots.meta.api.methods.PartialBotApiMethod.deserializeResponseArray(PartialBotApiMethod.java:39) ~[telegrambots-meta-6.9.7.1.jar:?]
	at org.telegram.telegrambots.meta.api.methods.updates.GetUpdates.deserializeResponse(GetUpdates.java:86) ~[telegrambots-meta-6.9.7.1.jar:?]
	at org.telegram.telegrambots.updatesreceivers.DefaultBotSession$ReaderThread.getUpdatesFromServer(DefaultBotSession.java:258) ~[telegrambots-6.9.7.1.jar:?]
	at org.telegram.telegrambots.updatesreceivers.DefaultBotSession$ReaderThread.run(DefaultBotSession.java:188) [telegrambots-6.9.7.1.jar:?]
2025-08-06 11:59:41.276 [korzhovvbot Telegram Connection] ERROR org.telegram.telegrambots.updatesreceivers.DefaultBotSession - Error executing org.telegram.telegrambots.meta.api.methods.updates.GetUpdates query: [409] Conflict: terminated by other getUpdates request; make sure that only one bot instance is running
org.telegram.telegrambots.meta.exceptions.TelegramApiRequestException: Error executing org.telegram.telegrambots.meta.api.methods.updates.GetUpdates query: [409] Conflict: terminated by other getUpdates request; make sure that only one bot instance is running
	at org.telegram.telegrambots.meta.api.methods.PartialBotApiMethod.deserializeResponseInternal(PartialBotApiMethod.java:54) ~[telegrambots-meta-6.9.7.1.jar:?]
	at org.telegram.telegrambots.meta.api.methods.PartialBotApiMethod.deserializeResponseArray(PartialBotApiMethod.java:39) ~[telegrambots-meta-6.9.7.1.jar:?]
	at org.telegram.telegrambots.meta.api.methods.updates.GetUpdates.deserializeResponse(GetUpdates.java:86) ~[telegrambots-meta-6.9.7.1.jar:?]
	at org.telegram.telegrambots.updatesreceivers.DefaultBotSession$ReaderThread.getUpdatesFromServer(DefaultBotSession.java:258) ~[telegrambots-6.9.7.1.jar:?]
	at org.telegram.telegrambots.updatesreceivers.DefaultBotSession$ReaderThread.run(DefaultBotSession.java:188) [telegrambots-6.9.7.1.jar:?]
2025-08-06 11:59:45.395 [korzhovvbot Telegram Connection] ERROR org.telegram.telegrambots.updatesreceivers.DefaultBotSession - Error executing org.telegram.telegrambots.meta.api.methods.updates.GetUpdates query: [409] Conflict: terminated by other getUpdates request; make sure that only one bot instance is running
org.telegram.telegrambots.meta.exceptions.TelegramApiRequestException: Error executing org.telegram.telegrambots.meta.api.methods.updates.GetUpdates query: [409] Conflict: terminated by other getUpdates request; make sure that only one bot instance is running
	at org.telegram.telegrambots.meta.api.methods.PartialBotApiMethod.deserializeResponseInternal(PartialBotApiMethod.java:54) ~[telegrambots-meta-6.9.7.1.jar:?]
	at org.telegram.telegrambots.meta.api.methods.PartialBotApiMethod.deserializeResponseArray(PartialBotApiMethod.java:39) ~[telegrambots-meta-6.9.7.1.jar:?]
	at org.telegram.telegrambots.meta.api.methods.updates.GetUpdates.deserializeResponse(GetUpdates.java:86) ~[telegrambots-meta-6.9.7.1.jar:?]
	at org.telegram.telegrambots.updatesreceivers.DefaultBotSession$ReaderThread.getUpdatesFromServer(DefaultBotSession.java:258) ~[telegrambots-6.9.7.1.jar:?]
	at org.telegram.telegrambots.updatesreceivers.DefaultBotSession$ReaderThread.run(DefaultBotSession.java:188) [telegrambots-6.9.7.1.jar:?]
2025-08-06 11:59:49.488 [korzhovvbot Telegram Connection] ERROR org.telegram.telegrambots.updatesreceivers.DefaultBotSession - Error executing org.telegram.telegrambots.meta.api.methods.updates.GetUpdates query: [409] Conflict: terminated by other getUpdates request; make sure that only one bot instance is running
org.telegram.telegrambots.meta.exceptions.TelegramApiRequestException: Error executing org.telegram.telegrambots.meta.api.methods.updates.GetUpdates query: [409] Conflict: terminated by other getUpdates request; make sure that only one bot instance is running
	at org.telegram.telegrambots.meta.api.methods.PartialBotApiMethod.deserializeResponseInternal(PartialBotApiMethod.java:54) ~[telegrambots-meta-6.9.7.1.jar:?]
	at org.telegram.telegrambots.meta.api.methods.PartialBotApiMethod.deserializeResponseArray(PartialBotApiMethod.java:39) ~[telegrambots-meta-6.9.7.1.jar:?]
	at org.telegram.telegrambots.meta.api.methods.updates.GetUpdates.deserializeResponse(GetUpdates.java:86) ~[telegrambots-meta-6.9.7.1.jar:?]
	at org.telegram.telegrambots.updatesreceivers.DefaultBotSession$ReaderThread.getUpdatesFromServer(DefaultBotSession.java:258) ~[telegrambots-6.9.7.1.jar:?]
	at org.telegram.telegrambots.updatesreceivers.DefaultBotSession$ReaderThread.run(DefaultBotSession.java:188) [telegrambots-6.9.7.1.jar:?]
2025-08-06 11:59:53.596 [korzhovvbot Telegram Connection] ERROR org.telegram.telegrambots.updatesreceivers.DefaultBotSession - Error executing org.telegram.telegrambots.meta.api.methods.updates.GetUpdates query: [409] Conflict: terminated by other getUpdates request; make sure that only one bot instance is running
org.telegram.telegrambots.meta.exceptions.TelegramApiRequestException: Error executing org.telegram.telegrambots.meta.api.methods.updates.GetUpdates query: [409] Conflict: terminated by other getUpdates request; make sure that only one bot instance is running
	at org.telegram.telegrambots.meta.api.methods.PartialBotApiMethod.deserializeResponseInternal(PartialBotApiMethod.java:54) ~[telegrambots-meta-6.9.7.1.jar:?]
	at org.telegram.telegrambots.meta.api.methods.PartialBotApiMethod.deserializeResponseArray(PartialBotApiMethod.java:39) ~[telegrambots-meta-6.9.7.1.jar:?]
	at org.telegram.telegrambots.meta.api.methods.updates.GetUpdates.deserializeResponse(GetUpdates.java:86) ~[telegrambots-meta-6.9.7.1.jar:?]
	at org.telegram.telegrambots.updatesreceivers.DefaultBotSession$ReaderThread.getUpdatesFromServer(DefaultBotSession.java:258) ~[telegrambots-6.9.7.1.jar:?]
	at org.telegram.telegrambots.updatesreceivers.DefaultBotSession$ReaderThread.run(DefaultBotSession.java:188) [telegrambots-6.9.7.1.jar:?]
2025-08-06 11:59:57.790 [korzhovvbot Telegram Connection] ERROR org.telegram.telegrambots.updatesreceivers.DefaultBotSession - Error executing org.telegram.telegrambots.meta.api.methods.updates.GetUpdates query: [409] Conflict: terminated by other getUpdates request; make sure that only one bot instance is running
org.telegram.telegrambots.meta.exceptions.TelegramApiRequestException: Error executing org.telegram.telegrambots.meta.api.methods.updates.GetUpdates query: [409] Conflict: terminated by other getUpdates request; make sure that only one bot instance is running
	at org.telegram.telegrambots.meta.api.methods.PartialBotApiMethod.deserializeResponseInternal(PartialBotApiMethod.java:54) ~[telegrambots-meta-6.9.7.1.jar:?]
	at org.telegram.telegrambots.meta.api.methods.PartialBotApiMethod.deserializeResponseArray(PartialBotApiMethod.java:39) ~[telegrambots-meta-6.9.7.1.jar:?]
	at org.telegram.telegrambots.meta.api.methods.updates.GetUpdates.deserializeResponse(GetUpdates.java:86) ~[telegrambots-meta-6.9.7.1.jar:?]
	at org.telegram.telegrambots.updatesreceivers.DefaultBotSession$ReaderThread.getUpdatesFromServer(DefaultBotSession.java:258) ~[telegrambots-6.9.7.1.jar:?]
	at org.telegram.telegrambots.updatesreceivers.DefaultBotSession$ReaderThread.run(DefaultBotSession.java:188) [telegrambots-6.9.7.1.jar:?]
2025-08-06 12:00:01.905 [korzhovvbot Telegram Connection] ERROR org.telegram.telegrambots.updatesreceivers.DefaultBotSession - Error executing org.telegram.telegrambots.meta.api.methods.updates.GetUpdates query: [409] Conflict: terminated by other getUpdates request; make sure that only one bot instance is running
org.telegram.telegrambots.meta.exceptions.TelegramApiRequestException: Error executing org.telegram.telegrambots.meta.api.methods.updates.GetUpdates query: [409] Conflict: terminated by other getUpdates request; make sure that only one bot instance is running
	at org.telegram.telegrambots.meta.api.methods.PartialBotApiMethod.deserializeResponseInternal(PartialBotApiMethod.java:54) ~[telegrambots-meta-6.9.7.1.jar:?]
	at org.telegram.telegrambots.meta.api.methods.PartialBotApiMethod.deserializeResponseArray(PartialBotApiMethod.java:39) ~[telegrambots-meta-6.9.7.1.jar:?]
	at org.telegram.telegrambots.meta.api.methods.updates.GetUpdates.deserializeResponse(GetUpdates.java:86) ~[telegrambots-meta-6.9.7.1.jar:?]
	at org.telegram.telegrambots.updatesreceivers.DefaultBotSession$ReaderThread.getUpdatesFromServer(DefaultBotSession.java:258) ~[telegrambots-6.9.7.1.jar:?]
	at org.telegram.telegrambots.updatesreceivers.DefaultBotSession$ReaderThread.run(DefaultBotSession.java:188) [telegrambots-6.9.7.1.jar:?]
2025-08-06 12:00:06.001 [korzhovvbot Telegram Connection] ERROR org.telegram.telegrambots.updatesreceivers.DefaultBotSession - Error executing org.telegram.telegrambots.meta.api.methods.updates.GetUpdates query: [409] Conflict: terminated by other getUpdates request; make sure that only one bot instance is running
org.telegram.telegrambots.meta.exceptions.TelegramApiRequestException: Error executing org.telegram.telegrambots.meta.api.methods.updates.GetUpdates query: [409] Conflict: terminated by other getUpdates request; make sure that only one bot instance is running
	at org.telegram.telegrambots.meta.api.methods.PartialBotApiMethod.deserializeResponseInternal(PartialBotApiMethod.java:54) ~[telegrambots-meta-6.9.7.1.jar:?]
	at org.telegram.telegrambots.meta.api.methods.PartialBotApiMethod.deserializeResponseArray(PartialBotApiMethod.java:39) ~[telegrambots-meta-6.9.7.1.jar:?]
	at org.telegram.telegrambots.meta.api.methods.updates.GetUpdates.deserializeResponse(GetUpdates.java:86) ~[telegrambots-meta-6.9.7.1.jar:?]
	at org.telegram.telegrambots.updatesreceivers.DefaultBotSession$ReaderThread.getUpdatesFromServer(DefaultBotSession.java:258) ~[telegrambots-6.9.7.1.jar:?]
	at org.telegram.telegrambots.updatesreceivers.DefaultBotSession$ReaderThread.run(DefaultBotSession.java:188) [telegrambots-6.9.7.1.jar:?]
2025-08-06 12:00:10.174 [korzhovvbot Telegram Connection] ERROR org.telegram.telegrambots.updatesreceivers.DefaultBotSession - Error executing org.telegram.telegrambots.meta.api.methods.updates.GetUpdates query: [409] Conflict: terminated by other getUpdates request; make sure that only one bot instance is running
org.telegram.telegrambots.meta.exceptions.TelegramApiRequestException: Error executing org.telegram.telegrambots.meta.api.methods.updates.GetUpdates query: [409] Conflict: terminated by other getUpdates request; make sure that only one bot instance is running
	at org.telegram.telegrambots.meta.api.methods.PartialBotApiMethod.deserializeResponseInternal(PartialBotApiMethod.java:54) ~[telegrambots-meta-6.9.7.1.jar:?]
	at org.telegram.telegrambots.meta.api.methods.PartialBotApiMethod.deserializeResponseArray(PartialBotApiMethod.java:39) ~[telegrambots-meta-6.9.7.1.jar:?]
	at org.telegram.telegrambots.meta.api.methods.updates.GetUpdates.deserializeResponse(GetUpdates.java:86) ~[telegrambots-meta-6.9.7.1.jar:?]
	at org.telegram.telegrambots.updatesreceivers.DefaultBotSession$ReaderThread.getUpdatesFromServer(DefaultBotSession.java:258) ~[telegrambots-6.9.7.1.jar:?]
	at org.telegram.telegrambots.updatesreceivers.DefaultBotSession$ReaderThread.run(DefaultBotSession.java:188) [telegrambots-6.9.7.1.jar:?]
2025-08-06 12:00:14.279 [korzhovvbot Telegram Connection] ERROR org.telegram.telegrambots.updatesreceivers.DefaultBotSession - Error executing org.telegram.telegrambots.meta.api.methods.updates.GetUpdates query: [409] Conflict: terminated by other getUpdates request; make sure that only one bot instance is running
org.telegram.telegrambots.meta.exceptions.TelegramApiRequestException: Error executing org.telegram.telegrambots.meta.api.methods.updates.GetUpdates query: [409] Conflict: terminated by other getUpdates request; make sure that only one bot instance is running
	at org.telegram.telegrambots.meta.api.methods.PartialBotApiMethod.deserializeResponseInternal(PartialBotApiMethod.java:54) ~[telegrambots-meta-6.9.7.1.jar:?]
	at org.telegram.telegrambots.meta.api.methods.PartialBotApiMethod.deserializeResponseArray(PartialBotApiMethod.java:39) ~[telegrambots-meta-6.9.7.1.jar:?]
	at org.telegram.telegrambots.meta.api.methods.updates.GetUpdates.deserializeResponse(GetUpdates.java:86) ~[telegrambots-meta-6.9.7.1.jar:?]
	at org.telegram.telegrambots.updatesreceivers.DefaultBotSession$ReaderThread.getUpdatesFromServer(DefaultBotSession.java:258) ~[telegrambots-6.9.7.1.jar:?]
	at org.telegram.telegrambots.updatesreceivers.DefaultBotSession$ReaderThread.run(DefaultBotSession.java:188) [telegrambots-6.9.7.1.jar:?]
2025-08-06 12:00:18.527 [korzhovvbot Telegram Connection] ERROR org.telegram.telegrambots.updatesreceivers.DefaultBotSession - Error executing org.telegram.telegrambots.meta.api.methods.updates.GetUpdates query: [409] Conflict: terminated by other getUpdates request; make sure that only one bot instance is running
org.telegram.telegrambots.meta.exceptions.TelegramApiRequestException: Error executing org.telegram.telegrambots.meta.api.methods.updates.GetUpdates query: [409] Conflict: terminated by other getUpdates request; make sure that only one bot instance is running
	at org.telegram.telegrambots.meta.api.methods.PartialBotApiMethod.deserializeResponseInternal(PartialBotApiMethod.java:54) ~[telegrambots-meta-6.9.7.1.jar:?]
	at org.telegram.telegrambots.meta.api.methods.PartialBotApiMethod.deserializeResponseArray(PartialBotApiMethod.java:39) ~[telegrambots-meta-6.9.7.1.jar:?]
	at org.telegram.telegrambots.meta.api.methods.updates.GetUpdates.deserializeResponse(GetUpdates.java:86) ~[telegrambots-meta-6.9.7.1.jar:?]
	at org.telegram.telegrambots.updatesreceivers.DefaultBotSession$ReaderThread.getUpdatesFromServer(DefaultBotSession.java:258) ~[telegrambots-6.9.7.1.jar:?]
	at org.telegram.telegrambots.updatesreceivers.DefaultBotSession$ReaderThread.run(DefaultBotSession.java:188) [telegrambots-6.9.7.1.jar:?]
2025-08-06 12:00:22.796 [korzhovvbot Telegram Connection] ERROR org.telegram.telegrambots.updatesreceivers.DefaultBotSession - Error executing org.telegram.telegrambots.meta.api.methods.updates.GetUpdates query: [409] Conflict: terminated by other getUpdates request; make sure that only one bot instance is running
org.telegram.telegrambots.meta.exceptions.TelegramApiRequestException: Error executing org.telegram.telegrambots.meta.api.methods.updates.GetUpdates query: [409] Conflict: terminated by other getUpdates request; make sure that only one bot instance is running
	at org.telegram.telegrambots.meta.api.methods.PartialBotApiMethod.deserializeResponseInternal(PartialBotApiMethod.java:54) ~[telegrambots-meta-6.9.7.1.jar:?]
	at org.telegram.telegrambots.meta.api.methods.PartialBotApiMethod.deserializeResponseArray(PartialBotApiMethod.java:39) ~[telegrambots-meta-6.9.7.1.jar:?]
	at org.telegram.telegrambots.meta.api.methods.updates.GetUpdates.deserializeResponse(GetUpdates.java:86) ~[telegrambots-meta-6.9.7.1.jar:?]
	at org.telegram.telegrambots.updatesreceivers.DefaultBotSession$ReaderThread.getUpdatesFromServer(DefaultBotSession.java:258) ~[telegrambots-6.9.7.1.jar:?]
	at org.telegram.telegrambots.updatesreceivers.DefaultBotSession$ReaderThread.run(DefaultBotSession.java:188) [telegrambots-6.9.7.1.jar:?]
2025-08-06 12:00:26.912 [korzhovvbot Telegram Connection] ERROR org.telegram.telegrambots.updatesreceivers.DefaultBotSession - Error executing org.telegram.telegrambots.meta.api.methods.updates.GetUpdates query: [409] Conflict: terminated by other getUpdates request; make sure that only one bot instance is running
org.telegram.telegrambots.meta.exceptions.TelegramApiRequestException: Error executing org.telegram.telegrambots.meta.api.methods.updates.GetUpdates query: [409] Conflict: terminated by other getUpdates request; make sure that only one bot instance is running
	at org.telegram.telegrambots.meta.api.methods.PartialBotApiMethod.deserializeResponseInternal(PartialBotApiMethod.java:54) ~[telegrambots-meta-6.9.7.1.jar:?]
	at org.telegram.telegrambots.meta.api.methods.PartialBotApiMethod.deserializeResponseArray(PartialBotApiMethod.java:39) ~[telegrambots-meta-6.9.7.1.jar:?]
	at org.telegram.telegrambots.meta.api.methods.updates.GetUpdates.deserializeResponse(GetUpdates.java:86) ~[telegrambots-meta-6.9.7.1.jar:?]
	at org.telegram.telegrambots.updatesreceivers.DefaultBotSession$ReaderThread.getUpdatesFromServer(DefaultBotSession.java:258) ~[telegrambots-6.9.7.1.jar:?]
	at org.telegram.telegrambots.updatesreceivers.DefaultBotSession$ReaderThread.run(DefaultBotSession.java:188) [telegrambots-6.9.7.1.jar:?]
2025-08-06 12:00:31.591 [korzhovvbot Telegram Connection] ERROR org.telegram.telegrambots.updatesreceivers.DefaultBotSession - Error executing org.telegram.telegrambots.meta.api.methods.updates.GetUpdates query: [409] Conflict: terminated by other getUpdates request; make sure that only one bot instance is running
org.telegram.telegrambots.meta.exceptions.TelegramApiRequestException: Error executing org.telegram.telegrambots.meta.api.methods.updates.GetUpdates query: [409] Conflict: terminated by other getUpdates request; make sure that only one bot instance is running
	at org.telegram.telegrambots.meta.api.methods.PartialBotApiMethod.deserializeResponseInternal(PartialBotApiMethod.java:54) ~[telegrambots-meta-6.9.7.1.jar:?]
	at org.telegram.telegrambots.meta.api.methods.PartialBotApiMethod.deserializeResponseArray(PartialBotApiMethod.java:39) ~[telegrambots-meta-6.9.7.1.jar:?]
	at org.telegram.telegrambots.meta.api.methods.updates.GetUpdates.deserializeResponse(GetUpdates.java:86) ~[telegrambots-meta-6.9.7.1.jar:?]
	at org.telegram.telegrambots.updatesreceivers.DefaultBotSession$ReaderThread.getUpdatesFromServer(DefaultBotSession.java:258) ~[telegrambots-6.9.7.1.jar:?]
	at org.telegram.telegrambots.updatesreceivers.DefaultBotSession$ReaderThread.run(DefaultBotSession.java:188) [telegrambots-6.9.7.1.jar:?]
2025-08-06 12:00:35.743 [korzhovvbot Telegram Connection] ERROR org.telegram.telegrambots.updatesreceivers.DefaultBotSession - Error executing org.telegram.telegrambots.meta.api.methods.updates.GetUpdates query: [409] Conflict: terminated by other getUpdates request; make sure that only one bot instance is running
org.telegram.telegrambots.meta.exceptions.TelegramApiRequestException: Error executing org.telegram.telegrambots.meta.api.methods.updates.GetUpdates query: [409] Conflict: terminated by other getUpdates request; make sure that only one bot instance is running
	at org.telegram.telegrambots.meta.api.methods.PartialBotApiMethod.deserializeResponseInternal(PartialBotApiMethod.java:54) ~[telegrambots-meta-6.9.7.1.jar:?]
	at org.telegram.telegrambots.meta.api.methods.PartialBotApiMethod.deserializeResponseArray(PartialBotApiMethod.java:39) ~[telegrambots-meta-6.9.7.1.jar:?]
	at org.telegram.telegrambots.meta.api.methods.updates.GetUpdates.deserializeResponse(GetUpdates.java:86) ~[telegrambots-meta-6.9.7.1.jar:?]
	at org.telegram.telegrambots.updatesreceivers.DefaultBotSession$ReaderThread.getUpdatesFromServer(DefaultBotSession.java:258) ~[telegrambots-6.9.7.1.jar:?]
	at org.telegram.telegrambots.updatesreceivers.DefaultBotSession$ReaderThread.run(DefaultBotSession.java:188) [telegrambots-6.9.7.1.jar:?]
2025-08-06 12:00:39.894 [korzhovvbot Telegram Connection] ERROR org.telegram.telegrambots.updatesreceivers.DefaultBotSession - Error executing org.telegram.telegrambots.meta.api.methods.updates.GetUpdates query: [409] Conflict: terminated by other getUpdates request; make sure that only one bot instance is running
org.telegram.telegrambots.meta.exceptions.TelegramApiRequestException: Error executing org.telegram.telegrambots.meta.api.methods.updates.GetUpdates query: [409] Conflict: terminated by other getUpdates request; make sure that only one bot instance is running
	at org.telegram.telegrambots.meta.api.methods.PartialBotApiMethod.deserializeResponseInternal(PartialBotApiMethod.java:54) ~[telegrambots-meta-6.9.7.1.jar:?]
	at org.telegram.telegrambots.meta.api.methods.PartialBotApiMethod.deserializeResponseArray(PartialBotApiMethod.java:39) ~[telegrambots-meta-6.9.7.1.jar:?]
	at org.telegram.telegrambots.meta.api.methods.updates.GetUpdates.deserializeResponse(GetUpdates.java:86) ~[telegrambots-meta-6.9.7.1.jar:?]
	at org.telegram.telegrambots.updatesreceivers.DefaultBotSession$ReaderThread.getUpdatesFromServer(DefaultBotSession.java:258) ~[telegrambots-6.9.7.1.jar:?]
	at org.telegram.telegrambots.updatesreceivers.DefaultBotSession$ReaderThread.run(DefaultBotSession.java:188) [telegrambots-6.9.7.1.jar:?]
2025-08-06 12:00:43.997 [korzhovvbot Telegram Connection] ERROR org.telegram.telegrambots.updatesreceivers.DefaultBotSession - Error executing org.telegram.telegrambots.meta.api.methods.updates.GetUpdates query: [409] Conflict: terminated by other getUpdates request; make sure that only one bot instance is running
org.telegram.telegrambots.meta.exceptions.TelegramApiRequestException: Error executing org.telegram.telegrambots.meta.api.methods.updates.GetUpdates query: [409] Conflict: terminated by other getUpdates request; make sure that only one bot instance is running
	at org.telegram.telegrambots.meta.api.methods.PartialBotApiMethod.deserializeResponseInternal(PartialBotApiMethod.java:54) ~[telegrambots-meta-6.9.7.1.jar:?]
	at org.telegram.telegrambots.meta.api.methods.PartialBotApiMethod.deserializeResponseArray(PartialBotApiMethod.java:39) ~[telegrambots-meta-6.9.7.1.jar:?]
	at org.telegram.telegrambots.meta.api.methods.updates.GetUpdates.deserializeResponse(GetUpdates.java:86) ~[telegrambots-meta-6.9.7.1.jar:?]
	at org.telegram.telegrambots.updatesreceivers.DefaultBotSession$ReaderThread.getUpdatesFromServer(DefaultBotSession.java:258) ~[telegrambots-6.9.7.1.jar:?]
	at org.telegram.telegrambots.updatesreceivers.DefaultBotSession$ReaderThread.run(DefaultBotSession.java:188) [telegrambots-6.9.7.1.jar:?]
2025-08-06 12:00:48.104 [korzhovvbot Telegram Connection] ERROR org.telegram.telegrambots.updatesreceivers.DefaultBotSession - Error executing org.telegram.telegrambots.meta.api.methods.updates.GetUpdates query: [409] Conflict: terminated by other getUpdates request; make sure that only one bot instance is running
org.telegram.telegrambots.meta.exceptions.TelegramApiRequestException: Error executing org.telegram.telegrambots.meta.api.methods.updates.GetUpdates query: [409] Conflict: terminated by other getUpdates request; make sure that only one bot instance is running
	at org.telegram.telegrambots.meta.api.methods.PartialBotApiMethod.deserializeResponseInternal(PartialBotApiMethod.java:54) ~[telegrambots-meta-6.9.7.1.jar:?]
	at org.telegram.telegrambots.meta.api.methods.PartialBotApiMethod.deserializeResponseArray(PartialBotApiMethod.java:39) ~[telegrambots-meta-6.9.7.1.jar:?]
	at org.telegram.telegrambots.meta.api.methods.updates.GetUpdates.deserializeResponse(GetUpdates.java:86) ~[telegrambots-meta-6.9.7.1.jar:?]
	at org.telegram.telegrambots.updatesreceivers.DefaultBotSession$ReaderThread.getUpdatesFromServer(DefaultBotSession.java:258) ~[telegrambots-6.9.7.1.jar:?]
	at org.telegram.telegrambots.updatesreceivers.DefaultBotSession$ReaderThread.run(DefaultBotSession.java:188) [telegrambots-6.9.7.1.jar:?]
2025-08-06 12:00:52.841 [korzhovvbot Telegram Connection] ERROR org.telegram.telegrambots.updatesreceivers.DefaultBotSession - Error executing org.telegram.telegrambots.meta.api.methods.updates.GetUpdates query: [409] Conflict: terminated by other getUpdates request; make sure that only one bot instance is running
org.telegram.telegrambots.meta.exceptions.TelegramApiRequestException: Error executing org.telegram.telegrambots.meta.api.methods.updates.GetUpdates query: [409] Conflict: terminated by other getUpdates request; make sure that only one bot instance is running
	at org.telegram.telegrambots.meta.api.methods.PartialBotApiMethod.deserializeResponseInternal(PartialBotApiMethod.java:54) ~[telegrambots-meta-6.9.7.1.jar:?]
	at org.telegram.telegrambots.meta.api.methods.PartialBotApiMethod.deserializeResponseArray(PartialBotApiMethod.java:39) ~[telegrambots-meta-6.9.7.1.jar:?]
	at org.telegram.telegrambots.meta.api.methods.updates.GetUpdates.deserializeResponse(GetUpdates.java:86) ~[telegrambots-meta-6.9.7.1.jar:?]
	at org.telegram.telegrambots.updatesreceivers.DefaultBotSession$ReaderThread.getUpdatesFromServer(DefaultBotSession.java:258) ~[telegrambots-6.9.7.1.jar:?]
	at org.telegram.telegrambots.updatesreceivers.DefaultBotSession$ReaderThread.run(DefaultBotSession.java:188) [telegrambots-6.9.7.1.jar:?]
2025-08-06 12:00:57.218 [korzhovvbot Telegram Connection] ERROR org.telegram.telegrambots.updatesreceivers.DefaultBotSession - Error executing org.telegram.telegrambots.meta.api.methods.updates.GetUpdates query: [409] Conflict: terminated by other getUpdates request; make sure that only one bot instance is running
org.telegram.telegrambots.meta.exceptions.TelegramApiRequestException: Error executing org.telegram.telegrambots.meta.api.methods.updates.GetUpdates query: [409] Conflict: terminated by other getUpdates request; make sure that only one bot instance is running
	at org.telegram.telegrambots.meta.api.methods.PartialBotApiMethod.deserializeResponseInternal(PartialBotApiMethod.java:54) ~[telegrambots-meta-6.9.7.1.jar:?]
	at org.telegram.telegrambots.meta.api.methods.PartialBotApiMethod.deserializeResponseArray(PartialBotApiMethod.java:39) ~[telegrambots-meta-6.9.7.1.jar:?]
	at org.telegram.telegrambots.meta.api.methods.updates.GetUpdates.deserializeResponse(GetUpdates.java:86) ~[telegrambots-meta-6.9.7.1.jar:?]
	at org.telegram.telegrambots.updatesreceivers.DefaultBotSession$ReaderThread.getUpdatesFromServer(DefaultBotSession.java:258) ~[telegrambots-6.9.7.1.jar:?]
	at org.telegram.telegrambots.updatesreceivers.DefaultBotSession$ReaderThread.run(DefaultBotSession.java:188) [telegrambots-6.9.7.1.jar:?]
2025-08-06 12:01:02.014 [korzhovvbot Telegram Connection] ERROR org.telegram.telegrambots.updatesreceivers.DefaultBotSession - Error executing org.telegram.telegrambots.meta.api.methods.updates.GetUpdates query: [409] Conflict: terminated by other getUpdates request; make sure that only one bot instance is running
org.telegram.telegrambots.meta.exceptions.TelegramApiRequestException: Error executing org.telegram.telegrambots.meta.api.methods.updates.GetUpdates query: [409] Conflict: terminated by other getUpdates request; make sure that only one bot instance is running
	at org.telegram.telegrambots.meta.api.methods.PartialBotApiMethod.deserializeResponseInternal(PartialBotApiMethod.java:54) ~[telegrambots-meta-6.9.7.1.jar:?]
	at org.telegram.telegrambots.meta.api.methods.PartialBotApiMethod.deserializeResponseArray(PartialBotApiMethod.java:39) ~[telegrambots-meta-6.9.7.1.jar:?]
	at org.telegram.telegrambots.meta.api.methods.updates.GetUpdates.deserializeResponse(GetUpdates.java:86) ~[telegrambots-meta-6.9.7.1.jar:?]
	at org.telegram.telegrambots.updatesreceivers.DefaultBotSession$ReaderThread.getUpdatesFromServer(DefaultBotSession.java:258) ~[telegrambots-6.9.7.1.jar:?]
	at org.telegram.telegrambots.updatesreceivers.DefaultBotSession$ReaderThread.run(DefaultBotSession.java:188) [telegrambots-6.9.7.1.jar:?]
2025-08-06 12:01:06.128 [korzhovvbot Telegram Connection] ERROR org.telegram.telegrambots.updatesreceivers.DefaultBotSession - Error executing org.telegram.telegrambots.meta.api.methods.updates.GetUpdates query: [409] Conflict: terminated by other getUpdates request; make sure that only one bot instance is running
org.telegram.telegrambots.meta.exceptions.TelegramApiRequestException: Error executing org.telegram.telegrambots.meta.api.methods.updates.GetUpdates query: [409] Conflict: terminated by other getUpdates request; make sure that only one bot instance is running
	at org.telegram.telegrambots.meta.api.methods.PartialBotApiMethod.deserializeResponseInternal(PartialBotApiMethod.java:54) ~[telegrambots-meta-6.9.7.1.jar:?]
	at org.telegram.telegrambots.meta.api.methods.PartialBotApiMethod.deserializeResponseArray(PartialBotApiMethod.java:39) ~[telegrambots-meta-6.9.7.1.jar:?]
	at org.telegram.telegrambots.meta.api.methods.updates.GetUpdates.deserializeResponse(GetUpdates.java:86) ~[telegrambots-meta-6.9.7.1.jar:?]
	at org.telegram.telegrambots.updatesreceivers.DefaultBotSession$ReaderThread.getUpdatesFromServer(DefaultBotSession.java:258) ~[telegrambots-6.9.7.1.jar:?]
	at org.telegram.telegrambots.updatesreceivers.DefaultBotSession$ReaderThread.run(DefaultBotSession.java:188) [telegrambots-6.9.7.1.jar:?]
2025-08-06 12:01:10.539 [korzhovvbot Telegram Connection] ERROR org.telegram.telegrambots.updatesreceivers.DefaultBotSession - Error executing org.telegram.telegrambots.meta.api.methods.updates.GetUpdates query: [409] Conflict: terminated by other getUpdates request; make sure that only one bot instance is running
org.telegram.telegrambots.meta.exceptions.TelegramApiRequestException: Error executing org.telegram.telegrambots.meta.api.methods.updates.GetUpdates query: [409] Conflict: terminated by other getUpdates request; make sure that only one bot instance is running
	at org.telegram.telegrambots.meta.api.methods.PartialBotApiMethod.deserializeResponseInternal(PartialBotApiMethod.java:54) ~[telegrambots-meta-6.9.7.1.jar:?]
	at org.telegram.telegrambots.meta.api.methods.PartialBotApiMethod.deserializeResponseArray(PartialBotApiMethod.java:39) ~[telegrambots-meta-6.9.7.1.jar:?]
	at org.telegram.telegrambots.meta.api.methods.updates.GetUpdates.deserializeResponse(GetUpdates.java:86) ~[telegrambots-meta-6.9.7.1.jar:?]
	at org.telegram.telegrambots.updatesreceivers.DefaultBotSession$ReaderThread.getUpdatesFromServer(DefaultBotSession.java:258) ~[telegrambots-6.9.7.1.jar:?]
	at org.telegram.telegrambots.updatesreceivers.DefaultBotSession$ReaderThread.run(DefaultBotSession.java:188) [telegrambots-6.9.7.1.jar:?]
2025-08-06 12:01:14.655 [korzhovvbot Telegram Connection] ERROR org.telegram.telegrambots.updatesreceivers.DefaultBotSession - Error executing org.telegram.telegrambots.meta.api.methods.updates.GetUpdates query: [409] Conflict: terminated by other getUpdates request; make sure that only one bot instance is running
org.telegram.telegrambots.meta.exceptions.TelegramApiRequestException: Error executing org.telegram.telegrambots.meta.api.methods.updates.GetUpdates query: [409] Conflict: terminated by other getUpdates request; make sure that only one bot instance is running
	at org.telegram.telegrambots.meta.api.methods.PartialBotApiMethod.deserializeResponseInternal(PartialBotApiMethod.java:54) ~[telegrambots-meta-6.9.7.1.jar:?]
	at org.telegram.telegrambots.meta.api.methods.PartialBotApiMethod.deserializeResponseArray(PartialBotApiMethod.java:39) ~[telegrambots-meta-6.9.7.1.jar:?]
	at org.telegram.telegrambots.meta.api.methods.updates.GetUpdates.deserializeResponse(GetUpdates.java:86) ~[telegrambots-meta-6.9.7.1.jar:?]
	at org.telegram.telegrambots.updatesreceivers.DefaultBotSession$ReaderThread.getUpdatesFromServer(DefaultBotSession.java:258) ~[telegrambots-6.9.7.1.jar:?]
	at org.telegram.telegrambots.updatesreceivers.DefaultBotSession$ReaderThread.run(DefaultBotSession.java:188) [telegrambots-6.9.7.1.jar:?]
2025-08-06 12:01:18.758 [korzhovvbot Telegram Connection] ERROR org.telegram.telegrambots.updatesreceivers.DefaultBotSession - Error executing org.telegram.telegrambots.meta.api.methods.updates.GetUpdates query: [409] Conflict: terminated by other getUpdates request; make sure that only one bot instance is running
org.telegram.telegrambots.meta.exceptions.TelegramApiRequestException: Error executing org.telegram.telegrambots.meta.api.methods.updates.GetUpdates query: [409] Conflict: terminated by other getUpdates request; make sure that only one bot instance is running
	at org.telegram.telegrambots.meta.api.methods.PartialBotApiMethod.deserializeResponseInternal(PartialBotApiMethod.java:54) ~[telegrambots-meta-6.9.7.1.jar:?]
	at org.telegram.telegrambots.meta.api.methods.PartialBotApiMethod.deserializeResponseArray(PartialBotApiMethod.java:39) ~[telegrambots-meta-6.9.7.1.jar:?]
	at org.telegram.telegrambots.meta.api.methods.updates.GetUpdates.deserializeResponse(GetUpdates.java:86) ~[telegrambots-meta-6.9.7.1.jar:?]
	at org.telegram.telegrambots.updatesreceivers.DefaultBotSession$ReaderThread.getUpdatesFromServer(DefaultBotSession.java:258) ~[telegrambots-6.9.7.1.jar:?]
	at org.telegram.telegrambots.updatesreceivers.DefaultBotSession$ReaderThread.run(DefaultBotSession.java:188) [telegrambots-6.9.7.1.jar:?]
2025-08-06 12:01:22.872 [korzhovvbot Telegram Connection] ERROR org.telegram.telegrambots.updatesreceivers.DefaultBotSession - Error executing org.telegram.telegrambots.meta.api.methods.updates.GetUpdates query: [409] Conflict: terminated by other getUpdates request; make sure that only one bot instance is running
org.telegram.telegrambots.meta.exceptions.TelegramApiRequestException: Error executing org.telegram.telegrambots.meta.api.methods.updates.GetUpdates query: [409] Conflict: terminated by other getUpdates request; make sure that only one bot instance is running
	at org.telegram.telegrambots.meta.api.methods.PartialBotApiMethod.deserializeResponseInternal(PartialBotApiMethod.java:54) ~[telegrambots-meta-6.9.7.1.jar:?]
	at org.telegram.telegrambots.meta.api.methods.PartialBotApiMethod.deserializeResponseArray(PartialBotApiMethod.java:39) ~[telegrambots-meta-6.9.7.1.jar:?]
	at org.telegram.telegrambots.meta.api.methods.updates.GetUpdates.deserializeResponse(GetUpdates.java:86) ~[telegrambots-meta-6.9.7.1.jar:?]
	at org.telegram.telegrambots.updatesreceivers.DefaultBotSession$ReaderThread.getUpdatesFromServer(DefaultBotSession.java:258) ~[telegrambots-6.9.7.1.jar:?]
	at org.telegram.telegrambots.updatesreceivers.DefaultBotSession$ReaderThread.run(DefaultBotSession.java:188) [telegrambots-6.9.7.1.jar:?]
2025-08-06 12:01:26.977 [korzhovvbot Telegram Connection] ERROR org.telegram.telegrambots.updatesreceivers.DefaultBotSession - Error executing org.telegram.telegrambots.meta.api.methods.updates.GetUpdates query: [409] Conflict: terminated by other getUpdates request; make sure that only one bot instance is running
org.telegram.telegrambots.meta.exceptions.TelegramApiRequestException: Error executing org.telegram.telegrambots.meta.api.methods.updates.GetUpdates query: [409] Conflict: terminated by other getUpdates request; make sure that only one bot instance is running
	at org.telegram.telegrambots.meta.api.methods.PartialBotApiMethod.deserializeResponseInternal(PartialBotApiMethod.java:54) ~[telegrambots-meta-6.9.7.1.jar:?]
	at org.telegram.telegrambots.meta.api.methods.PartialBotApiMethod.deserializeResponseArray(PartialBotApiMethod.java:39) ~[telegrambots-meta-6.9.7.1.jar:?]
	at org.telegram.telegrambots.meta.api.methods.updates.GetUpdates.deserializeResponse(GetUpdates.java:86) ~[telegrambots-meta-6.9.7.1.jar:?]
	at org.telegram.telegrambots.updatesreceivers.DefaultBotSession$ReaderThread.getUpdatesFromServer(DefaultBotSession.java:258) ~[telegrambots-6.9.7.1.jar:?]
	at org.telegram.telegrambots.updatesreceivers.DefaultBotSession$ReaderThread.run(DefaultBotSession.java:188) [telegrambots-6.9.7.1.jar:?]
2025-08-06 12:01:31.222 [korzhovvbot Telegram Connection] ERROR org.telegram.telegrambots.updatesreceivers.DefaultBotSession - Error executing org.telegram.telegrambots.meta.api.methods.updates.GetUpdates query: [409] Conflict: terminated by other getUpdates request; make sure that only one bot instance is running
org.telegram.telegrambots.meta.exceptions.TelegramApiRequestException: Error executing org.telegram.telegrambots.meta.api.methods.updates.GetUpdates query: [409] Conflict: terminated by other getUpdates request; make sure that only one bot instance is running
	at org.telegram.telegrambots.meta.api.methods.PartialBotApiMethod.deserializeResponseInternal(PartialBotApiMethod.java:54) ~[telegrambots-meta-6.9.7.1.jar:?]
	at org.telegram.telegrambots.meta.api.methods.PartialBotApiMethod.deserializeResponseArray(PartialBotApiMethod.java:39) ~[telegrambots-meta-6.9.7.1.jar:?]
	at org.telegram.telegrambots.meta.api.methods.updates.GetUpdates.deserializeResponse(GetUpdates.java:86) ~[telegrambots-meta-6.9.7.1.jar:?]
	at org.telegram.telegrambots.updatesreceivers.DefaultBotSession$ReaderThread.getUpdatesFromServer(DefaultBotSession.java:258) ~[telegrambots-6.9.7.1.jar:?]
	at org.telegram.telegrambots.updatesreceivers.DefaultBotSession$ReaderThread.run(DefaultBotSession.java:188) [telegrambots-6.9.7.1.jar:?]
2025-08-06 12:01:35.361 [korzhovvbot Telegram Connection] ERROR org.telegram.telegrambots.updatesreceivers.DefaultBotSession - Error executing org.telegram.telegrambots.meta.api.methods.updates.GetUpdates query: [409] Conflict: terminated by other getUpdates request; make sure that only one bot instance is running
org.telegram.telegrambots.meta.exceptions.TelegramApiRequestException: Error executing org.telegram.telegrambots.meta.api.methods.updates.GetUpdates query: [409] Conflict: terminated by other getUpdates request; make sure that only one bot instance is running
	at org.telegram.telegrambots.meta.api.methods.PartialBotApiMethod.deserializeResponseInternal(PartialBotApiMethod.java:54) ~[telegrambots-meta-6.9.7.1.jar:?]
	at org.telegram.telegrambots.meta.api.methods.PartialBotApiMethod.deserializeResponseArray(PartialBotApiMethod.java:39) ~[telegrambots-meta-6.9.7.1.jar:?]
	at org.telegram.telegrambots.meta.api.methods.updates.GetUpdates.deserializeResponse(GetUpdates.java:86) ~[telegrambots-meta-6.9.7.1.jar:?]
	at org.telegram.telegrambots.updatesreceivers.DefaultBotSession$ReaderThread.getUpdatesFromServer(DefaultBotSession.java:258) ~[telegrambots-6.9.7.1.jar:?]
	at org.telegram.telegrambots.updatesreceivers.DefaultBotSession$ReaderThread.run(DefaultBotSession.java:188) [telegrambots-6.9.7.1.jar:?]
2025-08-06 12:01:39.476 [korzhovvbot Telegram Connection] ERROR org.telegram.telegrambots.updatesreceivers.DefaultBotSession - Error executing org.telegram.telegrambots.meta.api.methods.updates.GetUpdates query: [409] Conflict: terminated by other getUpdates request; make sure that only one bot instance is running
org.telegram.telegrambots.meta.exceptions.TelegramApiRequestException: Error executing org.telegram.telegrambots.meta.api.methods.updates.GetUpdates query: [409] Conflict: terminated by other getUpdates request; make sure that only one bot instance is running
	at org.telegram.telegrambots.meta.api.methods.PartialBotApiMethod.deserializeResponseInternal(PartialBotApiMethod.java:54) ~[telegrambots-meta-6.9.7.1.jar:?]
	at org.telegram.telegrambots.meta.api.methods.PartialBotApiMethod.deserializeResponseArray(PartialBotApiMethod.java:39) ~[telegrambots-meta-6.9.7.1.jar:?]
	at org.telegram.telegrambots.meta.api.methods.updates.GetUpdates.deserializeResponse(GetUpdates.java:86) ~[telegrambots-meta-6.9.7.1.jar:?]
	at org.telegram.telegrambots.updatesreceivers.DefaultBotSession$ReaderThread.getUpdatesFromServer(DefaultBotSession.java:258) ~[telegrambots-6.9.7.1.jar:?]
	at org.telegram.telegrambots.updatesreceivers.DefaultBotSession$ReaderThread.run(DefaultBotSession.java:188) [telegrambots-6.9.7.1.jar:?]
2025-08-06 12:01:43.877 [korzhovvbot Telegram Connection] ERROR org.telegram.telegrambots.updatesreceivers.DefaultBotSession - Error executing org.telegram.telegrambots.meta.api.methods.updates.GetUpdates query: [409] Conflict: terminated by other getUpdates request; make sure that only one bot instance is running
org.telegram.telegrambots.meta.exceptions.TelegramApiRequestException: Error executing org.telegram.telegrambots.meta.api.methods.updates.GetUpdates query: [409] Conflict: terminated by other getUpdates request; make sure that only one bot instance is running
	at org.telegram.telegrambots.meta.api.methods.PartialBotApiMethod.deserializeResponseInternal(PartialBotApiMethod.java:54) ~[telegrambots-meta-6.9.7.1.jar:?]
	at org.telegram.telegrambots.meta.api.methods.PartialBotApiMethod.deserializeResponseArray(PartialBotApiMethod.java:39) ~[telegrambots-meta-6.9.7.1.jar:?]
	at org.telegram.telegrambots.meta.api.methods.updates.GetUpdates.deserializeResponse(GetUpdates.java:86) ~[telegrambots-meta-6.9.7.1.jar:?]
	at org.telegram.telegrambots.updatesreceivers.DefaultBotSession$ReaderThread.getUpdatesFromServer(DefaultBotSession.java:258) ~[telegrambots-6.9.7.1.jar:?]
	at org.telegram.telegrambots.updatesreceivers.DefaultBotSession$ReaderThread.run(DefaultBotSession.java:188) [telegrambots-6.9.7.1.jar:?]
2025-08-06 12:01:47.973 [korzhovvbot Telegram Connection] ERROR org.telegram.telegrambots.updatesreceivers.DefaultBotSession - Error executing org.telegram.telegrambots.meta.api.methods.updates.GetUpdates query: [409] Conflict: terminated by other getUpdates request; make sure that only one bot instance is running
org.telegram.telegrambots.meta.exceptions.TelegramApiRequestException: Error executing org.telegram.telegrambots.meta.api.methods.updates.GetUpdates query: [409] Conflict: terminated by other getUpdates request; make sure that only one bot instance is running
	at org.telegram.telegrambots.meta.api.methods.PartialBotApiMethod.deserializeResponseInternal(PartialBotApiMethod.java:54) ~[telegrambots-meta-6.9.7.1.jar:?]
	at org.telegram.telegrambots.meta.api.methods.PartialBotApiMethod.deserializeResponseArray(PartialBotApiMethod.java:39) ~[telegrambots-meta-6.9.7.1.jar:?]
	at org.telegram.telegrambots.meta.api.methods.updates.GetUpdates.deserializeResponse(GetUpdates.java:86) ~[telegrambots-meta-6.9.7.1.jar:?]
	at org.telegram.telegrambots.updatesreceivers.DefaultBotSession$ReaderThread.getUpdatesFromServer(DefaultBotSession.java:258) ~[telegrambots-6.9.7.1.jar:?]
	at org.telegram.telegrambots.updatesreceivers.DefaultBotSession$ReaderThread.run(DefaultBotSession.java:188) [telegrambots-6.9.7.1.jar:?]
2025-08-06 12:01:52.077 [korzhovvbot Telegram Connection] ERROR org.telegram.telegrambots.updatesreceivers.DefaultBotSession - Error executing org.telegram.telegrambots.meta.api.methods.updates.GetUpdates query: [409] Conflict: terminated by other getUpdates request; make sure that only one bot instance is running
org.telegram.telegrambots.meta.exceptions.TelegramApiRequestException: Error executing org.telegram.telegrambots.meta.api.methods.updates.GetUpdates query: [409] Conflict: terminated by other getUpdates request; make sure that only one bot instance is running
	at org.telegram.telegrambots.meta.api.methods.PartialBotApiMethod.deserializeResponseInternal(PartialBotApiMethod.java:54) ~[telegrambots-meta-6.9.7.1.jar:?]
	at org.telegram.telegrambots.meta.api.methods.PartialBotApiMethod.deserializeResponseArray(PartialBotApiMethod.java:39) ~[telegrambots-meta-6.9.7.1.jar:?]
	at org.telegram.telegrambots.meta.api.methods.updates.GetUpdates.deserializeResponse(GetUpdates.java:86) ~[telegrambots-meta-6.9.7.1.jar:?]
	at org.telegram.telegrambots.updatesreceivers.DefaultBotSession$ReaderThread.getUpdatesFromServer(DefaultBotSession.java:258) ~[telegrambots-6.9.7.1.jar:?]
	at org.telegram.telegrambots.updatesreceivers.DefaultBotSession$ReaderThread.run(DefaultBotSession.java:188) [telegrambots-6.9.7.1.jar:?]
2025-08-06 12:01:56.185 [korzhovvbot Telegram Connection] ERROR org.telegram.telegrambots.updatesreceivers.DefaultBotSession - Error executing org.telegram.telegrambots.meta.api.methods.updates.GetUpdates query: [409] Conflict: terminated by other getUpdates request; make sure that only one bot instance is running
org.telegram.telegrambots.meta.exceptions.TelegramApiRequestException: Error executing org.telegram.telegrambots.meta.api.methods.updates.GetUpdates query: [409] Conflict: terminated by other getUpdates request; make sure that only one bot instance is running
	at org.telegram.telegrambots.meta.api.methods.PartialBotApiMethod.deserializeResponseInternal(PartialBotApiMethod.java:54) ~[telegrambots-meta-6.9.7.1.jar:?]
	at org.telegram.telegrambots.meta.api.methods.PartialBotApiMethod.deserializeResponseArray(PartialBotApiMethod.java:39) ~[telegrambots-meta-6.9.7.1.jar:?]
	at org.telegram.telegrambots.meta.api.methods.updates.GetUpdates.deserializeResponse(GetUpdates.java:86) ~[telegrambots-meta-6.9.7.1.jar:?]
	at org.telegram.telegrambots.updatesreceivers.DefaultBotSession$ReaderThread.getUpdatesFromServer(DefaultBotSession.java:258) ~[telegrambots-6.9.7.1.jar:?]
	at org.telegram.telegrambots.updatesreceivers.DefaultBotSession$ReaderThread.run(DefaultBotSession.java:188) [telegrambots-6.9.7.1.jar:?]
2025-08-06 12:02:00.548 [korzhovvbot Telegram Connection] ERROR org.telegram.telegrambots.updatesreceivers.DefaultBotSession - Error executing org.telegram.telegrambots.meta.api.methods.updates.GetUpdates query: [409] Conflict: terminated by other getUpdates request; make sure that only one bot instance is running
org.telegram.telegrambots.meta.exceptions.TelegramApiRequestException: Error executing org.telegram.telegrambots.meta.api.methods.updates.GetUpdates query: [409] Conflict: terminated by other getUpdates request; make sure that only one bot instance is running
	at org.telegram.telegrambots.meta.api.methods.PartialBotApiMethod.deserializeResponseInternal(PartialBotApiMethod.java:54) ~[telegrambots-meta-6.9.7.1.jar:?]
	at org.telegram.telegrambots.meta.api.methods.PartialBotApiMethod.deserializeResponseArray(PartialBotApiMethod.java:39) ~[telegrambots-meta-6.9.7.1.jar:?]
	at org.telegram.telegrambots.meta.api.methods.updates.GetUpdates.deserializeResponse(GetUpdates.java:86) ~[telegrambots-meta-6.9.7.1.jar:?]
	at org.telegram.telegrambots.updatesreceivers.DefaultBotSession$ReaderThread.getUpdatesFromServer(DefaultBotSession.java:258) ~[telegrambots-6.9.7.1.jar:?]
	at org.telegram.telegrambots.updatesreceivers.DefaultBotSession$ReaderThread.run(DefaultBotSession.java:188) [telegrambots-6.9.7.1.jar:?]
2025-08-06 12:02:03.023 [SpringApplicationShutdownHook] INFO  org.springframework.boot.web.embedded.tomcat.GracefulShutdown - Commencing graceful shutdown. Waiting for active requests to complete
2025-08-06 12:02:03.326 [tomcat-shutdown] INFO  org.springframework.boot.web.embedded.tomcat.GracefulShutdown - Graceful shutdown complete
2025-08-06 12:02:03.731 [SpringApplicationShutdownHook] INFO  org.springframework.orm.jpa.LocalContainerEntityManagerFactoryBean - Closing JPA EntityManagerFactory for persistence unit 'default'
2025-08-06 12:02:04.166 [SpringApplicationShutdownHook] INFO  com.zaxxer.hikari.HikariDataSource - HikariPool-1 - Shutdown initiated...
2025-08-06 12:02:04.366 [SpringApplicationShutdownHook] INFO  com.zaxxer.hikari.HikariDataSource - HikariPool-1 - Shutdown completed.
2025-08-06 12:02:04.649 [korzhovvbot Telegram Connection] ERROR org.telegram.telegrambots.updatesreceivers.DefaultBotSession - Error executing org.telegram.telegrambots.meta.api.methods.updates.GetUpdates query: [409] Conflict: terminated by other getUpdates request; make sure that only one bot instance is running
org.telegram.telegrambots.meta.exceptions.TelegramApiRequestException: Error executing org.telegram.telegrambots.meta.api.methods.updates.GetUpdates query: [409] Conflict: terminated by other getUpdates request; make sure that only one bot instance is running
	at org.telegram.telegrambots.meta.api.methods.PartialBotApiMethod.deserializeResponseInternal(PartialBotApiMethod.java:54) ~[telegrambots-meta-6.9.7.1.jar:?]
	at org.telegram.telegrambots.meta.api.methods.PartialBotApiMethod.deserializeResponseArray(PartialBotApiMethod.java:39) ~[telegrambots-meta-6.9.7.1.jar:?]
	at org.telegram.telegrambots.meta.api.methods.updates.GetUpdates.deserializeResponse(GetUpdates.java:86) ~[telegrambots-meta-6.9.7.1.jar:?]
	at org.telegram.telegrambots.updatesreceivers.DefaultBotSession$ReaderThread.getUpdatesFromServer(DefaultBotSession.java:258) ~[telegrambots-6.9.7.1.jar:?]
	at org.telegram.telegrambots.updatesreceivers.DefaultBotSession$ReaderThread.run(DefaultBotSession.java:188) [telegrambots-6.9.7.1.jar:?]
2025-08-06 12:02:27.360 [main] INFO  com.example.studentsbot.Main - Starting Main using Java 23.0.2 with PID 18208 (C:\Users\Serge\Documents\Bot\Новая папка\stud_tg_tests\StudentsBot\StudentsBot\target\classes started by Serge in C:\Users\Serge\Documents\Bot\Новая папка)
2025-08-06 12:02:27.389 [main] DEBUG com.example.studentsbot.Main - Running with Spring Boot v3.5.0, Spring v6.2.7
2025-08-06 12:02:27.393 [main] INFO  com.example.studentsbot.Main - No active profile set, falling back to 1 default profile: "default"
2025-08-06 12:02:30.202 [main] INFO  org.springframework.data.repository.config.RepositoryConfigurationDelegate - Bootstrapping Spring Data JPA repositories in DEFAULT mode.
2025-08-06 12:02:30.405 [main] INFO  org.springframework.data.repository.config.RepositoryConfigurationDelegate - Finished Spring Data repository scanning in 179 ms. Found 2 JPA repository interfaces.
2025-08-06 12:02:32.420 [main] INFO  org.springframework.boot.web.embedded.tomcat.TomcatWebServer - Tomcat initialized with port 8080 (http)
2025-08-06 12:02:32.493 [main] INFO  org.apache.coyote.http11.Http11NioProtocol - Initializing ProtocolHandler ["http-nio-0.0.0.0-8080"]
2025-08-06 12:02:32.500 [main] INFO  org.apache.catalina.core.StandardService - Starting service [Tomcat]
2025-08-06 12:02:32.501 [main] INFO  org.apache.catalina.core.StandardEngine - Starting Servlet engine: [Apache Tomcat/10.1.41]
2025-08-06 12:02:32.800 [main] INFO  org.apache.catalina.core.ContainerBase.[Tomcat].[localhost].[/] - Initializing Spring embedded WebApplicationContext
2025-08-06 12:02:32.806 [main] INFO  org.springframework.boot.web.servlet.context.ServletWebServerApplicationContext - Root WebApplicationContext: initialization completed in 5229 ms
2025-08-06 12:02:33.524 [main] INFO  com.zaxxer.hikari.HikariDataSource - HikariPool-1 - Starting...
2025-08-06 12:02:34.166 [main] INFO  com.zaxxer.hikari.pool.HikariPool - HikariPool-1 - Added connection org.postgresql.jdbc.PgConnection@12cd129c
2025-08-06 12:02:34.171 [main] INFO  com.zaxxer.hikari.HikariDataSource - HikariPool-1 - Start completed.
2025-08-06 12:02:34.737 [main] INFO  liquibase.database - Set default schema name to public
2025-08-06 12:02:36.304 [main] INFO  liquibase.changelog - Reading from public.databasechangelog
2025-08-06 12:02:36.700 [main] INFO  liquibase.ui - Database is up to date, no changesets to execute
2025-08-06 12:02:36.726 [main] INFO  liquibase.changelog - Reading from public.databasechangelog
2025-08-06 12:02:36.773 [main] INFO  liquibase.util - UPDATE SUMMARY
2025-08-06 12:02:36.774 [main] INFO  liquibase.util - Run:                          0
2025-08-06 12:02:36.775 [main] INFO  liquibase.util - Previously run:               4
2025-08-06 12:02:36.775 [main] INFO  liquibase.util - Filtered out:                 0
2025-08-06 12:02:36.776 [main] INFO  liquibase.util - -------------------------------
2025-08-06 12:02:36.776 [main] INFO  liquibase.util - Total change sets:            4
2025-08-06 12:02:36.780 [main] INFO  liquibase.util - Update summary generated
2025-08-06 12:02:36.785 [main] INFO  liquibase.command - Command execution complete
2025-08-06 12:02:38.737 [main] INFO  org.hibernate.jpa.internal.util.LogHelper - HHH000204: Processing PersistenceUnitInfo [name: default]
2025-08-06 12:02:39.125 [main] INFO  org.hibernate.Version - HHH000412: Hibernate ORM core version 6.6.15.Final
2025-08-06 12:02:39.273 [main] INFO  org.hibernate.cache.internal.RegionFactoryInitiator - HHH000026: Second-level cache disabled
2025-08-06 12:02:40.752 [main] INFO  org.springframework.orm.jpa.persistenceunit.SpringPersistenceUnitInfo - No LoadTimeWeaver setup: ignoring JPA class transformer
2025-08-06 12:02:41.118 [main] INFO  org.hibernate.orm.connections.pooling - HHH10001005: Database info:
	Database JDBC URL [Connecting through datasource 'HikariDataSource (HikariPool-1)']
	Database driver: undefined/unknown
	Database version: 17.5
	Autocommit mode: undefined/unknown
	Isolation level: undefined/unknown
	Minimum pool size: undefined/unknown
	Maximum pool size: undefined/unknown
2025-08-06 12:02:43.516 [main] INFO  org.hibernate.engine.transaction.jta.platform.internal.JtaPlatformInitiator - HHH000489: No JTA platform available (set 'hibernate.transaction.jta.platform' to enable JTA platform integration)
2025-08-06 12:02:43.639 [main] INFO  org.springframework.orm.jpa.LocalContainerEntityManagerFactoryBean - Initialized JPA EntityManagerFactory for persistence unit 'default'
2025-08-06 12:02:45.589 [main] WARN  org.springframework.boot.autoconfigure.orm.jpa.JpaBaseConfiguration$JpaWebConfiguration - spring.jpa.open-in-view is enabled by default. Therefore, database queries may be performed during view rendering. Explicitly configure spring.jpa.open-in-view to disable this warning
2025-08-06 12:02:45.668 [main] INFO  org.springframework.boot.autoconfigure.web.servlet.WelcomePageHandlerMapping - Adding welcome page: class path resource [static/index.html]
2025-08-06 12:02:46.462 [main] INFO  org.springframework.security.config.annotation.authentication.configuration.InitializeUserDetailsBeanManagerConfigurer$InitializeUserDetailsManagerConfigurer - Global AuthenticationManager configured with UserDetailsService bean with name userDetailsService
2025-08-06 12:02:46.903 [main] INFO  org.springframework.validation.beanvalidation.OptionalValidatorFactoryBean - Failed to set up a Bean Validation provider: jakarta.validation.NoProviderFoundException: Unable to create a Configuration, because no Jakarta Bean Validation provider could be found. Add a provider like Hibernate Validator (RI) to your classpath.
2025-08-06 12:02:48.163 [main] INFO  org.apache.coyote.http11.Http11NioProtocol - Starting ProtocolHandler ["http-nio-0.0.0.0-8080"]
2025-08-06 12:02:48.227 [main] INFO  org.springframework.boot.web.embedded.tomcat.TomcatWebServer - Tomcat started on port 8080 (http) with context path '/'
2025-08-06 12:02:48.267 [main] INFO  com.example.studentsbot.Main - Started Main in 22.284 seconds (process running for 25.203)
2025-08-06 12:02:53.736 [korzhovvbot Telegram Connection] ERROR org.telegram.telegrambots.updatesreceivers.DefaultBotSession - Error executing org.telegram.telegrambots.meta.api.methods.updates.GetUpdates query: [409] Conflict: terminated by other getUpdates request; make sure that only one bot instance is running
org.telegram.telegrambots.meta.exceptions.TelegramApiRequestException: Error executing org.telegram.telegrambots.meta.api.methods.updates.GetUpdates query: [409] Conflict: terminated by other getUpdates request; make sure that only one bot instance is running
	at org.telegram.telegrambots.meta.api.methods.PartialBotApiMethod.deserializeResponseInternal(PartialBotApiMethod.java:54) ~[telegrambots-meta-6.9.7.1.jar:?]
	at org.telegram.telegrambots.meta.api.methods.PartialBotApiMethod.deserializeResponseArray(PartialBotApiMethod.java:39) ~[telegrambots-meta-6.9.7.1.jar:?]
	at org.telegram.telegrambots.meta.api.methods.updates.GetUpdates.deserializeResponse(GetUpdates.java:86) ~[telegrambots-meta-6.9.7.1.jar:?]
	at org.telegram.telegrambots.updatesreceivers.DefaultBotSession$ReaderThread.getUpdatesFromServer(DefaultBotSession.java:258) ~[telegrambots-6.9.7.1.jar:?]
	at org.telegram.telegrambots.updatesreceivers.DefaultBotSession$ReaderThread.run(DefaultBotSession.java:188) [telegrambots-6.9.7.1.jar:?]
2025-08-06 12:02:57.882 [korzhovvbot Telegram Connection] ERROR org.telegram.telegrambots.updatesreceivers.DefaultBotSession - Error executing org.telegram.telegrambots.meta.api.methods.updates.GetUpdates query: [409] Conflict: terminated by other getUpdates request; make sure that only one bot instance is running
org.telegram.telegrambots.meta.exceptions.TelegramApiRequestException: Error executing org.telegram.telegrambots.meta.api.methods.updates.GetUpdates query: [409] Conflict: terminated by other getUpdates request; make sure that only one bot instance is running
	at org.telegram.telegrambots.meta.api.methods.PartialBotApiMethod.deserializeResponseInternal(PartialBotApiMethod.java:54) ~[telegrambots-meta-6.9.7.1.jar:?]
	at org.telegram.telegrambots.meta.api.methods.PartialBotApiMethod.deserializeResponseArray(PartialBotApiMethod.java:39) ~[telegrambots-meta-6.9.7.1.jar:?]
	at org.telegram.telegrambots.meta.api.methods.updates.GetUpdates.deserializeResponse(GetUpdates.java:86) ~[telegrambots-meta-6.9.7.1.jar:?]
	at org.telegram.telegrambots.updatesreceivers.DefaultBotSession$ReaderThread.getUpdatesFromServer(DefaultBotSession.java:258) ~[telegrambots-6.9.7.1.jar:?]
	at org.telegram.telegrambots.updatesreceivers.DefaultBotSession$ReaderThread.run(DefaultBotSession.java:188) [telegrambots-6.9.7.1.jar:?]
2025-08-06 12:03:02.051 [korzhovvbot Telegram Connection] ERROR org.telegram.telegrambots.updatesreceivers.DefaultBotSession - Error executing org.telegram.telegrambots.meta.api.methods.updates.GetUpdates query: [409] Conflict: terminated by other getUpdates request; make sure that only one bot instance is running
org.telegram.telegrambots.meta.exceptions.TelegramApiRequestException: Error executing org.telegram.telegrambots.meta.api.methods.updates.GetUpdates query: [409] Conflict: terminated by other getUpdates request; make sure that only one bot instance is running
	at org.telegram.telegrambots.meta.api.methods.PartialBotApiMethod.deserializeResponseInternal(PartialBotApiMethod.java:54) ~[telegrambots-meta-6.9.7.1.jar:?]
	at org.telegram.telegrambots.meta.api.methods.PartialBotApiMethod.deserializeResponseArray(PartialBotApiMethod.java:39) ~[telegrambots-meta-6.9.7.1.jar:?]
	at org.telegram.telegrambots.meta.api.methods.updates.GetUpdates.deserializeResponse(GetUpdates.java:86) ~[telegrambots-meta-6.9.7.1.jar:?]
	at org.telegram.telegrambots.updatesreceivers.DefaultBotSession$ReaderThread.getUpdatesFromServer(DefaultBotSession.java:258) ~[telegrambots-6.9.7.1.jar:?]
	at org.telegram.telegrambots.updatesreceivers.DefaultBotSession$ReaderThread.run(DefaultBotSession.java:188) [telegrambots-6.9.7.1.jar:?]
2025-08-06 12:03:06.151 [korzhovvbot Telegram Connection] ERROR org.telegram.telegrambots.updatesreceivers.DefaultBotSession - Error executing org.telegram.telegrambots.meta.api.methods.updates.GetUpdates query: [409] Conflict: terminated by other getUpdates request; make sure that only one bot instance is running
org.telegram.telegrambots.meta.exceptions.TelegramApiRequestException: Error executing org.telegram.telegrambots.meta.api.methods.updates.GetUpdates query: [409] Conflict: terminated by other getUpdates request; make sure that only one bot instance is running
	at org.telegram.telegrambots.meta.api.methods.PartialBotApiMethod.deserializeResponseInternal(PartialBotApiMethod.java:54) ~[telegrambots-meta-6.9.7.1.jar:?]
	at org.telegram.telegrambots.meta.api.methods.PartialBotApiMethod.deserializeResponseArray(PartialBotApiMethod.java:39) ~[telegrambots-meta-6.9.7.1.jar:?]
	at org.telegram.telegrambots.meta.api.methods.updates.GetUpdates.deserializeResponse(GetUpdates.java:86) ~[telegrambots-meta-6.9.7.1.jar:?]
	at org.telegram.telegrambots.updatesreceivers.DefaultBotSession$ReaderThread.getUpdatesFromServer(DefaultBotSession.java:258) ~[telegrambots-6.9.7.1.jar:?]
	at org.telegram.telegrambots.updatesreceivers.DefaultBotSession$ReaderThread.run(DefaultBotSession.java:188) [telegrambots-6.9.7.1.jar:?]
2025-08-06 12:03:10.257 [korzhovvbot Telegram Connection] ERROR org.telegram.telegrambots.updatesreceivers.DefaultBotSession - Error executing org.telegram.telegrambots.meta.api.methods.updates.GetUpdates query: [409] Conflict: terminated by other getUpdates request; make sure that only one bot instance is running
org.telegram.telegrambots.meta.exceptions.TelegramApiRequestException: Error executing org.telegram.telegrambots.meta.api.methods.updates.GetUpdates query: [409] Conflict: terminated by other getUpdates request; make sure that only one bot instance is running
	at org.telegram.telegrambots.meta.api.methods.PartialBotApiMethod.deserializeResponseInternal(PartialBotApiMethod.java:54) ~[telegrambots-meta-6.9.7.1.jar:?]
	at org.telegram.telegrambots.meta.api.methods.PartialBotApiMethod.deserializeResponseArray(PartialBotApiMethod.java:39) ~[telegrambots-meta-6.9.7.1.jar:?]
	at org.telegram.telegrambots.meta.api.methods.updates.GetUpdates.deserializeResponse(GetUpdates.java:86) ~[telegrambots-meta-6.9.7.1.jar:?]
	at org.telegram.telegrambots.updatesreceivers.DefaultBotSession$ReaderThread.getUpdatesFromServer(DefaultBotSession.java:258) ~[telegrambots-6.9.7.1.jar:?]
	at org.telegram.telegrambots.updatesreceivers.DefaultBotSession$ReaderThread.run(DefaultBotSession.java:188) [telegrambots-6.9.7.1.jar:?]
2025-08-06 12:03:14.374 [korzhovvbot Telegram Connection] ERROR org.telegram.telegrambots.updatesreceivers.DefaultBotSession - Error executing org.telegram.telegrambots.meta.api.methods.updates.GetUpdates query: [409] Conflict: terminated by other getUpdates request; make sure that only one bot instance is running
org.telegram.telegrambots.meta.exceptions.TelegramApiRequestException: Error executing org.telegram.telegrambots.meta.api.methods.updates.GetUpdates query: [409] Conflict: terminated by other getUpdates request; make sure that only one bot instance is running
	at org.telegram.telegrambots.meta.api.methods.PartialBotApiMethod.deserializeResponseInternal(PartialBotApiMethod.java:54) ~[telegrambots-meta-6.9.7.1.jar:?]
	at org.telegram.telegrambots.meta.api.methods.PartialBotApiMethod.deserializeResponseArray(PartialBotApiMethod.java:39) ~[telegrambots-meta-6.9.7.1.jar:?]
	at org.telegram.telegrambots.meta.api.methods.updates.GetUpdates.deserializeResponse(GetUpdates.java:86) ~[telegrambots-meta-6.9.7.1.jar:?]
	at org.telegram.telegrambots.updatesreceivers.DefaultBotSession$ReaderThread.getUpdatesFromServer(DefaultBotSession.java:258) ~[telegrambots-6.9.7.1.jar:?]
	at org.telegram.telegrambots.updatesreceivers.DefaultBotSession$ReaderThread.run(DefaultBotSession.java:188) [telegrambots-6.9.7.1.jar:?]
2025-08-06 12:03:18.476 [korzhovvbot Telegram Connection] ERROR org.telegram.telegrambots.updatesreceivers.DefaultBotSession - Error executing org.telegram.telegrambots.meta.api.methods.updates.GetUpdates query: [409] Conflict: terminated by other getUpdates request; make sure that only one bot instance is running
org.telegram.telegrambots.meta.exceptions.TelegramApiRequestException: Error executing org.telegram.telegrambots.meta.api.methods.updates.GetUpdates query: [409] Conflict: terminated by other getUpdates request; make sure that only one bot instance is running
	at org.telegram.telegrambots.meta.api.methods.PartialBotApiMethod.deserializeResponseInternal(PartialBotApiMethod.java:54) ~[telegrambots-meta-6.9.7.1.jar:?]
	at org.telegram.telegrambots.meta.api.methods.PartialBotApiMethod.deserializeResponseArray(PartialBotApiMethod.java:39) ~[telegrambots-meta-6.9.7.1.jar:?]
	at org.telegram.telegrambots.meta.api.methods.updates.GetUpdates.deserializeResponse(GetUpdates.java:86) ~[telegrambots-meta-6.9.7.1.jar:?]
	at org.telegram.telegrambots.updatesreceivers.DefaultBotSession$ReaderThread.getUpdatesFromServer(DefaultBotSession.java:258) ~[telegrambots-6.9.7.1.jar:?]
	at org.telegram.telegrambots.updatesreceivers.DefaultBotSession$ReaderThread.run(DefaultBotSession.java:188) [telegrambots-6.9.7.1.jar:?]
2025-08-06 12:03:22.578 [korzhovvbot Telegram Connection] ERROR org.telegram.telegrambots.updatesreceivers.DefaultBotSession - Error executing org.telegram.telegrambots.meta.api.methods.updates.GetUpdates query: [409] Conflict: terminated by other getUpdates request; make sure that only one bot instance is running
org.telegram.telegrambots.meta.exceptions.TelegramApiRequestException: Error executing org.telegram.telegrambots.meta.api.methods.updates.GetUpdates query: [409] Conflict: terminated by other getUpdates request; make sure that only one bot instance is running
	at org.telegram.telegrambots.meta.api.methods.PartialBotApiMethod.deserializeResponseInternal(PartialBotApiMethod.java:54) ~[telegrambots-meta-6.9.7.1.jar:?]
	at org.telegram.telegrambots.meta.api.methods.PartialBotApiMethod.deserializeResponseArray(PartialBotApiMethod.java:39) ~[telegrambots-meta-6.9.7.1.jar:?]
	at org.telegram.telegrambots.meta.api.methods.updates.GetUpdates.deserializeResponse(GetUpdates.java:86) ~[telegrambots-meta-6.9.7.1.jar:?]
	at org.telegram.telegrambots.updatesreceivers.DefaultBotSession$ReaderThread.getUpdatesFromServer(DefaultBotSession.java:258) ~[telegrambots-6.9.7.1.jar:?]
	at org.telegram.telegrambots.updatesreceivers.DefaultBotSession$ReaderThread.run(DefaultBotSession.java:188) [telegrambots-6.9.7.1.jar:?]
2025-08-06 12:03:26.683 [korzhovvbot Telegram Connection] ERROR org.telegram.telegrambots.updatesreceivers.DefaultBotSession - Error executing org.telegram.telegrambots.meta.api.methods.updates.GetUpdates query: [409] Conflict: terminated by other getUpdates request; make sure that only one bot instance is running
org.telegram.telegrambots.meta.exceptions.TelegramApiRequestException: Error executing org.telegram.telegrambots.meta.api.methods.updates.GetUpdates query: [409] Conflict: terminated by other getUpdates request; make sure that only one bot instance is running
	at org.telegram.telegrambots.meta.api.methods.PartialBotApiMethod.deserializeResponseInternal(PartialBotApiMethod.java:54) ~[telegrambots-meta-6.9.7.1.jar:?]
	at org.telegram.telegrambots.meta.api.methods.PartialBotApiMethod.deserializeResponseArray(PartialBotApiMethod.java:39) ~[telegrambots-meta-6.9.7.1.jar:?]
	at org.telegram.telegrambots.meta.api.methods.updates.GetUpdates.deserializeResponse(GetUpdates.java:86) ~[telegrambots-meta-6.9.7.1.jar:?]
	at org.telegram.telegrambots.updatesreceivers.DefaultBotSession$ReaderThread.getUpdatesFromServer(DefaultBotSession.java:258) ~[telegrambots-6.9.7.1.jar:?]
	at org.telegram.telegrambots.updatesreceivers.DefaultBotSession$ReaderThread.run(DefaultBotSession.java:188) [telegrambots-6.9.7.1.jar:?]
2025-08-06 12:03:30.779 [korzhovvbot Telegram Connection] ERROR org.telegram.telegrambots.updatesreceivers.DefaultBotSession - Error executing org.telegram.telegrambots.meta.api.methods.updates.GetUpdates query: [409] Conflict: terminated by other getUpdates request; make sure that only one bot instance is running
org.telegram.telegrambots.meta.exceptions.TelegramApiRequestException: Error executing org.telegram.telegrambots.meta.api.methods.updates.GetUpdates query: [409] Conflict: terminated by other getUpdates request; make sure that only one bot instance is running
	at org.telegram.telegrambots.meta.api.methods.PartialBotApiMethod.deserializeResponseInternal(PartialBotApiMethod.java:54) ~[telegrambots-meta-6.9.7.1.jar:?]
	at org.telegram.telegrambots.meta.api.methods.PartialBotApiMethod.deserializeResponseArray(PartialBotApiMethod.java:39) ~[telegrambots-meta-6.9.7.1.jar:?]
	at org.telegram.telegrambots.meta.api.methods.updates.GetUpdates.deserializeResponse(GetUpdates.java:86) ~[telegrambots-meta-6.9.7.1.jar:?]
	at org.telegram.telegrambots.updatesreceivers.DefaultBotSession$ReaderThread.getUpdatesFromServer(DefaultBotSession.java:258) ~[telegrambots-6.9.7.1.jar:?]
	at org.telegram.telegrambots.updatesreceivers.DefaultBotSession$ReaderThread.run(DefaultBotSession.java:188) [telegrambots-6.9.7.1.jar:?]
2025-08-06 12:03:34.891 [korzhovvbot Telegram Connection] ERROR org.telegram.telegrambots.updatesreceivers.DefaultBotSession - Error executing org.telegram.telegrambots.meta.api.methods.updates.GetUpdates query: [409] Conflict: terminated by other getUpdates request; make sure that only one bot instance is running
org.telegram.telegrambots.meta.exceptions.TelegramApiRequestException: Error executing org.telegram.telegrambots.meta.api.methods.updates.GetUpdates query: [409] Conflict: terminated by other getUpdates request; make sure that only one bot instance is running
	at org.telegram.telegrambots.meta.api.methods.PartialBotApiMethod.deserializeResponseInternal(PartialBotApiMethod.java:54) ~[telegrambots-meta-6.9.7.1.jar:?]
	at org.telegram.telegrambots.meta.api.methods.PartialBotApiMethod.deserializeResponseArray(PartialBotApiMethod.java:39) ~[telegrambots-meta-6.9.7.1.jar:?]
	at org.telegram.telegrambots.meta.api.methods.updates.GetUpdates.deserializeResponse(GetUpdates.java:86) ~[telegrambots-meta-6.9.7.1.jar:?]
	at org.telegram.telegrambots.updatesreceivers.DefaultBotSession$ReaderThread.getUpdatesFromServer(DefaultBotSession.java:258) ~[telegrambots-6.9.7.1.jar:?]
	at org.telegram.telegrambots.updatesreceivers.DefaultBotSession$ReaderThread.run(DefaultBotSession.java:188) [telegrambots-6.9.7.1.jar:?]
2025-08-06 12:03:38.998 [korzhovvbot Telegram Connection] ERROR org.telegram.telegrambots.updatesreceivers.DefaultBotSession - Error executing org.telegram.telegrambots.meta.api.methods.updates.GetUpdates query: [409] Conflict: terminated by other getUpdates request; make sure that only one bot instance is running
org.telegram.telegrambots.meta.exceptions.TelegramApiRequestException: Error executing org.telegram.telegrambots.meta.api.methods.updates.GetUpdates query: [409] Conflict: terminated by other getUpdates request; make sure that only one bot instance is running
	at org.telegram.telegrambots.meta.api.methods.PartialBotApiMethod.deserializeResponseInternal(PartialBotApiMethod.java:54) ~[telegrambots-meta-6.9.7.1.jar:?]
	at org.telegram.telegrambots.meta.api.methods.PartialBotApiMethod.deserializeResponseArray(PartialBotApiMethod.java:39) ~[telegrambots-meta-6.9.7.1.jar:?]
	at org.telegram.telegrambots.meta.api.methods.updates.GetUpdates.deserializeResponse(GetUpdates.java:86) ~[telegrambots-meta-6.9.7.1.jar:?]
	at org.telegram.telegrambots.updatesreceivers.DefaultBotSession$ReaderThread.getUpdatesFromServer(DefaultBotSession.java:258) ~[telegrambots-6.9.7.1.jar:?]
	at org.telegram.telegrambots.updatesreceivers.DefaultBotSession$ReaderThread.run(DefaultBotSession.java:188) [telegrambots-6.9.7.1.jar:?]
2025-08-06 12:03:43.103 [korzhovvbot Telegram Connection] ERROR org.telegram.telegrambots.updatesreceivers.DefaultBotSession - Error executing org.telegram.telegrambots.meta.api.methods.updates.GetUpdates query: [409] Conflict: terminated by other getUpdates request; make sure that only one bot instance is running
org.telegram.telegrambots.meta.exceptions.TelegramApiRequestException: Error executing org.telegram.telegrambots.meta.api.methods.updates.GetUpdates query: [409] Conflict: terminated by other getUpdates request; make sure that only one bot instance is running
	at org.telegram.telegrambots.meta.api.methods.PartialBotApiMethod.deserializeResponseInternal(PartialBotApiMethod.java:54) ~[telegrambots-meta-6.9.7.1.jar:?]
	at org.telegram.telegrambots.meta.api.methods.PartialBotApiMethod.deserializeResponseArray(PartialBotApiMethod.java:39) ~[telegrambots-meta-6.9.7.1.jar:?]
	at org.telegram.telegrambots.meta.api.methods.updates.GetUpdates.deserializeResponse(GetUpdates.java:86) ~[telegrambots-meta-6.9.7.1.jar:?]
	at org.telegram.telegrambots.updatesreceivers.DefaultBotSession$ReaderThread.getUpdatesFromServer(DefaultBotSession.java:258) ~[telegrambots-6.9.7.1.jar:?]
	at org.telegram.telegrambots.updatesreceivers.DefaultBotSession$ReaderThread.run(DefaultBotSession.java:188) [telegrambots-6.9.7.1.jar:?]
2025-08-06 12:03:47.210 [korzhovvbot Telegram Connection] ERROR org.telegram.telegrambots.updatesreceivers.DefaultBotSession - Error executing org.telegram.telegrambots.meta.api.methods.updates.GetUpdates query: [409] Conflict: terminated by other getUpdates request; make sure that only one bot instance is running
org.telegram.telegrambots.meta.exceptions.TelegramApiRequestException: Error executing org.telegram.telegrambots.meta.api.methods.updates.GetUpdates query: [409] Conflict: terminated by other getUpdates request; make sure that only one bot instance is running
	at org.telegram.telegrambots.meta.api.methods.PartialBotApiMethod.deserializeResponseInternal(PartialBotApiMethod.java:54) ~[telegrambots-meta-6.9.7.1.jar:?]
	at org.telegram.telegrambots.meta.api.methods.PartialBotApiMethod.deserializeResponseArray(PartialBotApiMethod.java:39) ~[telegrambots-meta-6.9.7.1.jar:?]
	at org.telegram.telegrambots.meta.api.methods.updates.GetUpdates.deserializeResponse(GetUpdates.java:86) ~[telegrambots-meta-6.9.7.1.jar:?]
	at org.telegram.telegrambots.updatesreceivers.DefaultBotSession$ReaderThread.getUpdatesFromServer(DefaultBotSession.java:258) ~[telegrambots-6.9.7.1.jar:?]
	at org.telegram.telegrambots.updatesreceivers.DefaultBotSession$ReaderThread.run(DefaultBotSession.java:188) [telegrambots-6.9.7.1.jar:?]
2025-08-06 12:03:51.319 [korzhovvbot Telegram Connection] ERROR org.telegram.telegrambots.updatesreceivers.DefaultBotSession - Error executing org.telegram.telegrambots.meta.api.methods.updates.GetUpdates query: [409] Conflict: terminated by other getUpdates request; make sure that only one bot instance is running
org.telegram.telegrambots.meta.exceptions.TelegramApiRequestException: Error executing org.telegram.telegrambots.meta.api.methods.updates.GetUpdates query: [409] Conflict: terminated by other getUpdates request; make sure that only one bot instance is running
	at org.telegram.telegrambots.meta.api.methods.PartialBotApiMethod.deserializeResponseInternal(PartialBotApiMethod.java:54) ~[telegrambots-meta-6.9.7.1.jar:?]
	at org.telegram.telegrambots.meta.api.methods.PartialBotApiMethod.deserializeResponseArray(PartialBotApiMethod.java:39) ~[telegrambots-meta-6.9.7.1.jar:?]
	at org.telegram.telegrambots.meta.api.methods.updates.GetUpdates.deserializeResponse(GetUpdates.java:86) ~[telegrambots-meta-6.9.7.1.jar:?]
	at org.telegram.telegrambots.updatesreceivers.DefaultBotSession$ReaderThread.getUpdatesFromServer(DefaultBotSession.java:258) ~[telegrambots-6.9.7.1.jar:?]
	at org.telegram.telegrambots.updatesreceivers.DefaultBotSession$ReaderThread.run(DefaultBotSession.java:188) [telegrambots-6.9.7.1.jar:?]
2025-08-06 12:03:55.426 [korzhovvbot Telegram Connection] ERROR org.telegram.telegrambots.updatesreceivers.DefaultBotSession - Error executing org.telegram.telegrambots.meta.api.methods.updates.GetUpdates query: [409] Conflict: terminated by other getUpdates request; make sure that only one bot instance is running
org.telegram.telegrambots.meta.exceptions.TelegramApiRequestException: Error executing org.telegram.telegrambots.meta.api.methods.updates.GetUpdates query: [409] Conflict: terminated by other getUpdates request; make sure that only one bot instance is running
	at org.telegram.telegrambots.meta.api.methods.PartialBotApiMethod.deserializeResponseInternal(PartialBotApiMethod.java:54) ~[telegrambots-meta-6.9.7.1.jar:?]
	at org.telegram.telegrambots.meta.api.methods.PartialBotApiMethod.deserializeResponseArray(PartialBotApiMethod.java:39) ~[telegrambots-meta-6.9.7.1.jar:?]
	at org.telegram.telegrambots.meta.api.methods.updates.GetUpdates.deserializeResponse(GetUpdates.java:86) ~[telegrambots-meta-6.9.7.1.jar:?]
	at org.telegram.telegrambots.updatesreceivers.DefaultBotSession$ReaderThread.getUpdatesFromServer(DefaultBotSession.java:258) ~[telegrambots-6.9.7.1.jar:?]
	at org.telegram.telegrambots.updatesreceivers.DefaultBotSession$ReaderThread.run(DefaultBotSession.java:188) [telegrambots-6.9.7.1.jar:?]
2025-08-06 12:03:59.525 [korzhovvbot Telegram Connection] ERROR org.telegram.telegrambots.updatesreceivers.DefaultBotSession - Error executing org.telegram.telegrambots.meta.api.methods.updates.GetUpdates query: [409] Conflict: terminated by other getUpdates request; make sure that only one bot instance is running
org.telegram.telegrambots.meta.exceptions.TelegramApiRequestException: Error executing org.telegram.telegrambots.meta.api.methods.updates.GetUpdates query: [409] Conflict: terminated by other getUpdates request; make sure that only one bot instance is running
	at org.telegram.telegrambots.meta.api.methods.PartialBotApiMethod.deserializeResponseInternal(PartialBotApiMethod.java:54) ~[telegrambots-meta-6.9.7.1.jar:?]
	at org.telegram.telegrambots.meta.api.methods.PartialBotApiMethod.deserializeResponseArray(PartialBotApiMethod.java:39) ~[telegrambots-meta-6.9.7.1.jar:?]
	at org.telegram.telegrambots.meta.api.methods.updates.GetUpdates.deserializeResponse(GetUpdates.java:86) ~[telegrambots-meta-6.9.7.1.jar:?]
	at org.telegram.telegrambots.updatesreceivers.DefaultBotSession$ReaderThread.getUpdatesFromServer(DefaultBotSession.java:258) ~[telegrambots-6.9.7.1.jar:?]
	at org.telegram.telegrambots.updatesreceivers.DefaultBotSession$ReaderThread.run(DefaultBotSession.java:188) [telegrambots-6.9.7.1.jar:?]
2025-08-06 12:04:03.861 [korzhovvbot Telegram Connection] ERROR org.telegram.telegrambots.updatesreceivers.DefaultBotSession - Error executing org.telegram.telegrambots.meta.api.methods.updates.GetUpdates query: [409] Conflict: terminated by other getUpdates request; make sure that only one bot instance is running
org.telegram.telegrambots.meta.exceptions.TelegramApiRequestException: Error executing org.telegram.telegrambots.meta.api.methods.updates.GetUpdates query: [409] Conflict: terminated by other getUpdates request; make sure that only one bot instance is running
	at org.telegram.telegrambots.meta.api.methods.PartialBotApiMethod.deserializeResponseInternal(PartialBotApiMethod.java:54) ~[telegrambots-meta-6.9.7.1.jar:?]
	at org.telegram.telegrambots.meta.api.methods.PartialBotApiMethod.deserializeResponseArray(PartialBotApiMethod.java:39) ~[telegrambots-meta-6.9.7.1.jar:?]
	at org.telegram.telegrambots.meta.api.methods.updates.GetUpdates.deserializeResponse(GetUpdates.java:86) ~[telegrambots-meta-6.9.7.1.jar:?]
	at org.telegram.telegrambots.updatesreceivers.DefaultBotSession$ReaderThread.getUpdatesFromServer(DefaultBotSession.java:258) ~[telegrambots-6.9.7.1.jar:?]
	at org.telegram.telegrambots.updatesreceivers.DefaultBotSession$ReaderThread.run(DefaultBotSession.java:188) [telegrambots-6.9.7.1.jar:?]
2025-08-06 12:04:07.964 [korzhovvbot Telegram Connection] ERROR org.telegram.telegrambots.updatesreceivers.DefaultBotSession - Error executing org.telegram.telegrambots.meta.api.methods.updates.GetUpdates query: [409] Conflict: terminated by other getUpdates request; make sure that only one bot instance is running
org.telegram.telegrambots.meta.exceptions.TelegramApiRequestException: Error executing org.telegram.telegrambots.meta.api.methods.updates.GetUpdates query: [409] Conflict: terminated by other getUpdates request; make sure that only one bot instance is running
	at org.telegram.telegrambots.meta.api.methods.PartialBotApiMethod.deserializeResponseInternal(PartialBotApiMethod.java:54) ~[telegrambots-meta-6.9.7.1.jar:?]
	at org.telegram.telegrambots.meta.api.methods.PartialBotApiMethod.deserializeResponseArray(PartialBotApiMethod.java:39) ~[telegrambots-meta-6.9.7.1.jar:?]
	at org.telegram.telegrambots.meta.api.methods.updates.GetUpdates.deserializeResponse(GetUpdates.java:86) ~[telegrambots-meta-6.9.7.1.jar:?]
	at org.telegram.telegrambots.updatesreceivers.DefaultBotSession$ReaderThread.getUpdatesFromServer(DefaultBotSession.java:258) ~[telegrambots-6.9.7.1.jar:?]
	at org.telegram.telegrambots.updatesreceivers.DefaultBotSession$ReaderThread.run(DefaultBotSession.java:188) [telegrambots-6.9.7.1.jar:?]
2025-08-06 12:04:12.059 [korzhovvbot Telegram Connection] ERROR org.telegram.telegrambots.updatesreceivers.DefaultBotSession - Error executing org.telegram.telegrambots.meta.api.methods.updates.GetUpdates query: [409] Conflict: terminated by other getUpdates request; make sure that only one bot instance is running
org.telegram.telegrambots.meta.exceptions.TelegramApiRequestException: Error executing org.telegram.telegrambots.meta.api.methods.updates.GetUpdates query: [409] Conflict: terminated by other getUpdates request; make sure that only one bot instance is running
	at org.telegram.telegrambots.meta.api.methods.PartialBotApiMethod.deserializeResponseInternal(PartialBotApiMethod.java:54) ~[telegrambots-meta-6.9.7.1.jar:?]
	at org.telegram.telegrambots.meta.api.methods.PartialBotApiMethod.deserializeResponseArray(PartialBotApiMethod.java:39) ~[telegrambots-meta-6.9.7.1.jar:?]
	at org.telegram.telegrambots.meta.api.methods.updates.GetUpdates.deserializeResponse(GetUpdates.java:86) ~[telegrambots-meta-6.9.7.1.jar:?]
	at org.telegram.telegrambots.updatesreceivers.DefaultBotSession$ReaderThread.getUpdatesFromServer(DefaultBotSession.java:258) ~[telegrambots-6.9.7.1.jar:?]
	at org.telegram.telegrambots.updatesreceivers.DefaultBotSession$ReaderThread.run(DefaultBotSession.java:188) [telegrambots-6.9.7.1.jar:?]
2025-08-06 12:04:16.161 [korzhovvbot Telegram Connection] ERROR org.telegram.telegrambots.updatesreceivers.DefaultBotSession - Error executing org.telegram.telegrambots.meta.api.methods.updates.GetUpdates query: [409] Conflict: terminated by other getUpdates request; make sure that only one bot instance is running
org.telegram.telegrambots.meta.exceptions.TelegramApiRequestException: Error executing org.telegram.telegrambots.meta.api.methods.updates.GetUpdates query: [409] Conflict: terminated by other getUpdates request; make sure that only one bot instance is running
	at org.telegram.telegrambots.meta.api.methods.PartialBotApiMethod.deserializeResponseInternal(PartialBotApiMethod.java:54) ~[telegrambots-meta-6.9.7.1.jar:?]
	at org.telegram.telegrambots.meta.api.methods.PartialBotApiMethod.deserializeResponseArray(PartialBotApiMethod.java:39) ~[telegrambots-meta-6.9.7.1.jar:?]
	at org.telegram.telegrambots.meta.api.methods.updates.GetUpdates.deserializeResponse(GetUpdates.java:86) ~[telegrambots-meta-6.9.7.1.jar:?]
	at org.telegram.telegrambots.updatesreceivers.DefaultBotSession$ReaderThread.getUpdatesFromServer(DefaultBotSession.java:258) ~[telegrambots-6.9.7.1.jar:?]
	at org.telegram.telegrambots.updatesreceivers.DefaultBotSession$ReaderThread.run(DefaultBotSession.java:188) [telegrambots-6.9.7.1.jar:?]
2025-08-06 12:04:20.257 [korzhovvbot Telegram Connection] ERROR org.telegram.telegrambots.updatesreceivers.DefaultBotSession - Error executing org.telegram.telegrambots.meta.api.methods.updates.GetUpdates query: [409] Conflict: terminated by other getUpdates request; make sure that only one bot instance is running
org.telegram.telegrambots.meta.exceptions.TelegramApiRequestException: Error executing org.telegram.telegrambots.meta.api.methods.updates.GetUpdates query: [409] Conflict: terminated by other getUpdates request; make sure that only one bot instance is running
	at org.telegram.telegrambots.meta.api.methods.PartialBotApiMethod.deserializeResponseInternal(PartialBotApiMethod.java:54) ~[telegrambots-meta-6.9.7.1.jar:?]
	at org.telegram.telegrambots.meta.api.methods.PartialBotApiMethod.deserializeResponseArray(PartialBotApiMethod.java:39) ~[telegrambots-meta-6.9.7.1.jar:?]
	at org.telegram.telegrambots.meta.api.methods.updates.GetUpdates.deserializeResponse(GetUpdates.java:86) ~[telegrambots-meta-6.9.7.1.jar:?]
	at org.telegram.telegrambots.updatesreceivers.DefaultBotSession$ReaderThread.getUpdatesFromServer(DefaultBotSession.java:258) ~[telegrambots-6.9.7.1.jar:?]
	at org.telegram.telegrambots.updatesreceivers.DefaultBotSession$ReaderThread.run(DefaultBotSession.java:188) [telegrambots-6.9.7.1.jar:?]
2025-08-06 12:04:24.373 [korzhovvbot Telegram Connection] ERROR org.telegram.telegrambots.updatesreceivers.DefaultBotSession - Error executing org.telegram.telegrambots.meta.api.methods.updates.GetUpdates query: [409] Conflict: terminated by other getUpdates request; make sure that only one bot instance is running
org.telegram.telegrambots.meta.exceptions.TelegramApiRequestException: Error executing org.telegram.telegrambots.meta.api.methods.updates.GetUpdates query: [409] Conflict: terminated by other getUpdates request; make sure that only one bot instance is running
	at org.telegram.telegrambots.meta.api.methods.PartialBotApiMethod.deserializeResponseInternal(PartialBotApiMethod.java:54) ~[telegrambots-meta-6.9.7.1.jar:?]
	at org.telegram.telegrambots.meta.api.methods.PartialBotApiMethod.deserializeResponseArray(PartialBotApiMethod.java:39) ~[telegrambots-meta-6.9.7.1.jar:?]
	at org.telegram.telegrambots.meta.api.methods.updates.GetUpdates.deserializeResponse(GetUpdates.java:86) ~[telegrambots-meta-6.9.7.1.jar:?]
	at org.telegram.telegrambots.updatesreceivers.DefaultBotSession$ReaderThread.getUpdatesFromServer(DefaultBotSession.java:258) ~[telegrambots-6.9.7.1.jar:?]
	at org.telegram.telegrambots.updatesreceivers.DefaultBotSession$ReaderThread.run(DefaultBotSession.java:188) [telegrambots-6.9.7.1.jar:?]
2025-08-06 12:04:28.489 [korzhovvbot Telegram Connection] ERROR org.telegram.telegrambots.updatesreceivers.DefaultBotSession - Error executing org.telegram.telegrambots.meta.api.methods.updates.GetUpdates query: [409] Conflict: terminated by other getUpdates request; make sure that only one bot instance is running
org.telegram.telegrambots.meta.exceptions.TelegramApiRequestException: Error executing org.telegram.telegrambots.meta.api.methods.updates.GetUpdates query: [409] Conflict: terminated by other getUpdates request; make sure that only one bot instance is running
	at org.telegram.telegrambots.meta.api.methods.PartialBotApiMethod.deserializeResponseInternal(PartialBotApiMethod.java:54) ~[telegrambots-meta-6.9.7.1.jar:?]
	at org.telegram.telegrambots.meta.api.methods.PartialBotApiMethod.deserializeResponseArray(PartialBotApiMethod.java:39) ~[telegrambots-meta-6.9.7.1.jar:?]
	at org.telegram.telegrambots.meta.api.methods.updates.GetUpdates.deserializeResponse(GetUpdates.java:86) ~[telegrambots-meta-6.9.7.1.jar:?]
	at org.telegram.telegrambots.updatesreceivers.DefaultBotSession$ReaderThread.getUpdatesFromServer(DefaultBotSession.java:258) ~[telegrambots-6.9.7.1.jar:?]
	at org.telegram.telegrambots.updatesreceivers.DefaultBotSession$ReaderThread.run(DefaultBotSession.java:188) [telegrambots-6.9.7.1.jar:?]
2025-08-06 12:04:32.586 [korzhovvbot Telegram Connection] ERROR org.telegram.telegrambots.updatesreceivers.DefaultBotSession - Error executing org.telegram.telegrambots.meta.api.methods.updates.GetUpdates query: [409] Conflict: terminated by other getUpdates request; make sure that only one bot instance is running
org.telegram.telegrambots.meta.exceptions.TelegramApiRequestException: Error executing org.telegram.telegrambots.meta.api.methods.updates.GetUpdates query: [409] Conflict: terminated by other getUpdates request; make sure that only one bot instance is running
	at org.telegram.telegrambots.meta.api.methods.PartialBotApiMethod.deserializeResponseInternal(PartialBotApiMethod.java:54) ~[telegrambots-meta-6.9.7.1.jar:?]
	at org.telegram.telegrambots.meta.api.methods.PartialBotApiMethod.deserializeResponseArray(PartialBotApiMethod.java:39) ~[telegrambots-meta-6.9.7.1.jar:?]
	at org.telegram.telegrambots.meta.api.methods.updates.GetUpdates.deserializeResponse(GetUpdates.java:86) ~[telegrambots-meta-6.9.7.1.jar:?]
	at org.telegram.telegrambots.updatesreceivers.DefaultBotSession$ReaderThread.getUpdatesFromServer(DefaultBotSession.java:258) ~[telegrambots-6.9.7.1.jar:?]
	at org.telegram.telegrambots.updatesreceivers.DefaultBotSession$ReaderThread.run(DefaultBotSession.java:188) [telegrambots-6.9.7.1.jar:?]
2025-08-06 12:04:36.690 [korzhovvbot Telegram Connection] ERROR org.telegram.telegrambots.updatesreceivers.DefaultBotSession - Error executing org.telegram.telegrambots.meta.api.methods.updates.GetUpdates query: [409] Conflict: terminated by other getUpdates request; make sure that only one bot instance is running
org.telegram.telegrambots.meta.exceptions.TelegramApiRequestException: Error executing org.telegram.telegrambots.meta.api.methods.updates.GetUpdates query: [409] Conflict: terminated by other getUpdates request; make sure that only one bot instance is running
	at org.telegram.telegrambots.meta.api.methods.PartialBotApiMethod.deserializeResponseInternal(PartialBotApiMethod.java:54) ~[telegrambots-meta-6.9.7.1.jar:?]
	at org.telegram.telegrambots.meta.api.methods.PartialBotApiMethod.deserializeResponseArray(PartialBotApiMethod.java:39) ~[telegrambots-meta-6.9.7.1.jar:?]
	at org.telegram.telegrambots.meta.api.methods.updates.GetUpdates.deserializeResponse(GetUpdates.java:86) ~[telegrambots-meta-6.9.7.1.jar:?]
	at org.telegram.telegrambots.updatesreceivers.DefaultBotSession$ReaderThread.getUpdatesFromServer(DefaultBotSession.java:258) ~[telegrambots-6.9.7.1.jar:?]
	at org.telegram.telegrambots.updatesreceivers.DefaultBotSession$ReaderThread.run(DefaultBotSession.java:188) [telegrambots-6.9.7.1.jar:?]
2025-08-06 12:04:40.815 [korzhovvbot Telegram Connection] ERROR org.telegram.telegrambots.updatesreceivers.DefaultBotSession - Error executing org.telegram.telegrambots.meta.api.methods.updates.GetUpdates query: [409] Conflict: terminated by other getUpdates request; make sure that only one bot instance is running
org.telegram.telegrambots.meta.exceptions.TelegramApiRequestException: Error executing org.telegram.telegrambots.meta.api.methods.updates.GetUpdates query: [409] Conflict: terminated by other getUpdates request; make sure that only one bot instance is running
	at org.telegram.telegrambots.meta.api.methods.PartialBotApiMethod.deserializeResponseInternal(PartialBotApiMethod.java:54) ~[telegrambots-meta-6.9.7.1.jar:?]
	at org.telegram.telegrambots.meta.api.methods.PartialBotApiMethod.deserializeResponseArray(PartialBotApiMethod.java:39) ~[telegrambots-meta-6.9.7.1.jar:?]
	at org.telegram.telegrambots.meta.api.methods.updates.GetUpdates.deserializeResponse(GetUpdates.java:86) ~[telegrambots-meta-6.9.7.1.jar:?]
	at org.telegram.telegrambots.updatesreceivers.DefaultBotSession$ReaderThread.getUpdatesFromServer(DefaultBotSession.java:258) ~[telegrambots-6.9.7.1.jar:?]
	at org.telegram.telegrambots.updatesreceivers.DefaultBotSession$ReaderThread.run(DefaultBotSession.java:188) [telegrambots-6.9.7.1.jar:?]
2025-08-06 12:04:44.916 [korzhovvbot Telegram Connection] ERROR org.telegram.telegrambots.updatesreceivers.DefaultBotSession - Error executing org.telegram.telegrambots.meta.api.methods.updates.GetUpdates query: [409] Conflict: terminated by other getUpdates request; make sure that only one bot instance is running
org.telegram.telegrambots.meta.exceptions.TelegramApiRequestException: Error executing org.telegram.telegrambots.meta.api.methods.updates.GetUpdates query: [409] Conflict: terminated by other getUpdates request; make sure that only one bot instance is running
	at org.telegram.telegrambots.meta.api.methods.PartialBotApiMethod.deserializeResponseInternal(PartialBotApiMethod.java:54) ~[telegrambots-meta-6.9.7.1.jar:?]
	at org.telegram.telegrambots.meta.api.methods.PartialBotApiMethod.deserializeResponseArray(PartialBotApiMethod.java:39) ~[telegrambots-meta-6.9.7.1.jar:?]
	at org.telegram.telegrambots.meta.api.methods.updates.GetUpdates.deserializeResponse(GetUpdates.java:86) ~[telegrambots-meta-6.9.7.1.jar:?]
	at org.telegram.telegrambots.updatesreceivers.DefaultBotSession$ReaderThread.getUpdatesFromServer(DefaultBotSession.java:258) ~[telegrambots-6.9.7.1.jar:?]
	at org.telegram.telegrambots.updatesreceivers.DefaultBotSession$ReaderThread.run(DefaultBotSession.java:188) [telegrambots-6.9.7.1.jar:?]
2025-08-06 12:04:45.072 [SpringApplicationShutdownHook] INFO  org.springframework.boot.web.embedded.tomcat.GracefulShutdown - Commencing graceful shutdown. Waiting for active requests to complete
2025-08-06 12:04:45.114 [tomcat-shutdown] INFO  org.springframework.boot.web.embedded.tomcat.GracefulShutdown - Graceful shutdown complete
2025-08-06 12:04:45.130 [SpringApplicationShutdownHook] INFO  org.springframework.orm.jpa.LocalContainerEntityManagerFactoryBean - Closing JPA EntityManagerFactory for persistence unit 'default'
2025-08-06 12:04:45.138 [SpringApplicationShutdownHook] INFO  com.zaxxer.hikari.HikariDataSource - HikariPool-1 - Shutdown initiated...
2025-08-06 12:04:45.156 [SpringApplicationShutdownHook] INFO  com.zaxxer.hikari.HikariDataSource - HikariPool-1 - Shutdown completed.
2025-08-06 12:05:11.543 [main] INFO  com.example.studentsbot.Main - Starting Main using Java 23.0.2 with PID 4376 (C:\Users\Serge\Documents\Bot\Новая папка\stud_tg_tests\StudentsBot\StudentsBot\target\classes started by Serge in C:\Users\Serge\Documents\Bot\Новая папка)
2025-08-06 12:05:11.585 [main] DEBUG com.example.studentsbot.Main - Running with Spring Boot v3.5.0, Spring v6.2.7
2025-08-06 12:05:11.588 [main] INFO  com.example.studentsbot.Main - No active profile set, falling back to 1 default profile: "default"
2025-08-06 12:05:14.332 [main] INFO  org.springframework.data.repository.config.RepositoryConfigurationDelegate - Bootstrapping Spring Data JPA repositories in DEFAULT mode.
2025-08-06 12:05:14.525 [main] INFO  org.springframework.data.repository.config.RepositoryConfigurationDelegate - Finished Spring Data repository scanning in 164 ms. Found 2 JPA repository interfaces.
2025-08-06 12:05:16.093 [main] INFO  org.springframework.boot.web.embedded.tomcat.TomcatWebServer - Tomcat initialized with port 8080 (http)
2025-08-06 12:05:16.135 [main] INFO  org.apache.coyote.http11.Http11NioProtocol - Initializing ProtocolHandler ["http-nio-0.0.0.0-8080"]
2025-08-06 12:05:16.140 [main] INFO  org.apache.catalina.core.StandardService - Starting service [Tomcat]
2025-08-06 12:05:16.141 [main] INFO  org.apache.catalina.core.StandardEngine - Starting Servlet engine: [Apache Tomcat/10.1.41]
2025-08-06 12:05:16.380 [main] INFO  org.apache.catalina.core.ContainerBase.[Tomcat].[localhost].[/] - Initializing Spring embedded WebApplicationContext
2025-08-06 12:05:16.384 [main] INFO  org.springframework.boot.web.servlet.context.ServletWebServerApplicationContext - Root WebApplicationContext: initialization completed in 4582 ms
2025-08-06 12:05:16.927 [main] INFO  com.zaxxer.hikari.HikariDataSource - HikariPool-1 - Starting...
2025-08-06 12:05:17.391 [main] INFO  com.zaxxer.hikari.pool.HikariPool - HikariPool-1 - Added connection org.postgresql.jdbc.PgConnection@78065fcd
2025-08-06 12:05:17.394 [main] INFO  com.zaxxer.hikari.HikariDataSource - HikariPool-1 - Start completed.
2025-08-06 12:05:17.849 [main] INFO  liquibase.database - Set default schema name to public
2025-08-06 12:05:19.095 [main] INFO  liquibase.changelog - Reading from public.databasechangelog
2025-08-06 12:05:19.387 [main] INFO  liquibase.ui - Database is up to date, no changesets to execute
2025-08-06 12:05:19.402 [main] INFO  liquibase.changelog - Reading from public.databasechangelog
2025-08-06 12:05:19.437 [main] INFO  liquibase.util - UPDATE SUMMARY
2025-08-06 12:05:19.438 [main] INFO  liquibase.util - Run:                          0
2025-08-06 12:05:19.438 [main] INFO  liquibase.util - Previously run:               4
2025-08-06 12:05:19.439 [main] INFO  liquibase.util - Filtered out:                 0
2025-08-06 12:05:19.439 [main] INFO  liquibase.util - -------------------------------
2025-08-06 12:05:19.440 [main] INFO  liquibase.util - Total change sets:            4
2025-08-06 12:05:19.442 [main] INFO  liquibase.util - Update summary generated
2025-08-06 12:05:19.447 [main] INFO  liquibase.command - Command execution complete
2025-08-06 12:05:20.729 [main] INFO  org.hibernate.jpa.internal.util.LogHelper - HHH000204: Processing PersistenceUnitInfo [name: default]
2025-08-06 12:05:20.895 [main] INFO  org.hibernate.Version - HHH000412: Hibernate ORM core version 6.6.15.Final
2025-08-06 12:05:21.049 [main] INFO  org.hibernate.cache.internal.RegionFactoryInitiator - HHH000026: Second-level cache disabled
2025-08-06 12:05:21.845 [main] INFO  org.springframework.orm.jpa.persistenceunit.SpringPersistenceUnitInfo - No LoadTimeWeaver setup: ignoring JPA class transformer
2025-08-06 12:05:22.098 [main] INFO  org.hibernate.orm.connections.pooling - HHH10001005: Database info:
	Database JDBC URL [Connecting through datasource 'HikariDataSource (HikariPool-1)']
	Database driver: undefined/unknown
	Database version: 17.5
	Autocommit mode: undefined/unknown
	Isolation level: undefined/unknown
	Minimum pool size: undefined/unknown
	Maximum pool size: undefined/unknown
2025-08-06 12:05:23.942 [main] INFO  org.hibernate.engine.transaction.jta.platform.internal.JtaPlatformInitiator - HHH000489: No JTA platform available (set 'hibernate.transaction.jta.platform' to enable JTA platform integration)
2025-08-06 12:05:24.069 [main] INFO  org.springframework.orm.jpa.LocalContainerEntityManagerFactoryBean - Initialized JPA EntityManagerFactory for persistence unit 'default'
2025-08-06 12:05:25.545 [main] WARN  org.springframework.boot.autoconfigure.orm.jpa.JpaBaseConfiguration$JpaWebConfiguration - spring.jpa.open-in-view is enabled by default. Therefore, database queries may be performed during view rendering. Explicitly configure spring.jpa.open-in-view to disable this warning
2025-08-06 12:05:25.618 [main] INFO  org.springframework.boot.autoconfigure.web.servlet.WelcomePageHandlerMapping - Adding welcome page: class path resource [static/index.html]
2025-08-06 12:05:26.356 [main] INFO  org.springframework.security.config.annotation.authentication.configuration.InitializeUserDetailsBeanManagerConfigurer$InitializeUserDetailsManagerConfigurer - Global AuthenticationManager configured with UserDetailsService bean with name userDetailsService
2025-08-06 12:05:26.741 [main] INFO  org.springframework.validation.beanvalidation.OptionalValidatorFactoryBean - Failed to set up a Bean Validation provider: jakarta.validation.NoProviderFoundException: Unable to create a Configuration, because no Jakarta Bean Validation provider could be found. Add a provider like Hibernate Validator (RI) to your classpath.
2025-08-06 12:05:27.211 [main] INFO  org.apache.coyote.http11.Http11NioProtocol - Starting ProtocolHandler ["http-nio-0.0.0.0-8080"]
2025-08-06 12:05:27.255 [main] INFO  org.springframework.boot.web.embedded.tomcat.TomcatWebServer - Tomcat started on port 8080 (http) with context path '/'
2025-08-06 12:05:27.275 [main] INFO  com.example.studentsbot.Main - Started Main in 17.05 seconds (process running for 19.698)
2025-08-06 12:05:58.111 [korzhovvbot Telegram Executor] DEBUG com.example.studentsbot.StudentsBot - Message from 7201674426: /start
2025-08-06 12:05:59.478 [korzhovvbot Telegram Executor] INFO  USER_ACTIONS - ЗапустилTsehSerg7201674426
2025-08-06 12:06:01.217 [korzhovvbot Telegram Executor] DEBUG com.example.studentsbot.StudentsBot - Message from 7201674426: null
2025-08-06 12:06:01.219 [korzhovvbot Telegram Executor] INFO  com.example.studentsbot.db.UserVerification - Checking access: chatId=7201674426, normalizedPhone=79312610989
2025-08-06 12:06:02.614 [korzhovvbot Telegram Executor] INFO  com.example.studentsbot.db.UserVerification - Result: true
2025-08-06 12:06:02.614 [korzhovvbot Telegram Executor] INFO  AUTH_LOGGER - 79312610989
2025-08-06 12:06:02.740 [korzhovvbot Telegram Executor] INFO  com.example.studentsbot.StudentsBot - Opening directory menu for TsehSerg (ID: 7201674426)
2025-08-06 12:06:05.238 [korzhovvbot Telegram Executor] INFO  NAVIGATION_LOGGER - User 7201674426 action: dir:Barmen
2025-08-06 12:06:05.269 [korzhovvbot Telegram Executor] INFO  USER_ACTIONS - Перешел в @TsehSerg (ID: 7201674426): dir:Barmen
2025-08-06 12:06:05.440 [korzhovvbot Telegram Executor] DEBUG com.example.studentsbot.StudentsBot - Callback from 7201674426: dir:Barmen
2025-08-06 12:06:08.146 [korzhovvbot Telegram Executor] INFO  NAVIGATION_LOGGER - User 7201674426 action: file:Стандарт по этикету.pdf
2025-08-06 12:06:08.186 [korzhovvbot Telegram Executor] INFO  USER_ACTIONS - Перешел в @TsehSerg (ID: 7201674426): file:Стандарт по этикету.pdf
2025-08-06 12:06:10.235 [korzhovvbot Telegram Executor] DEBUG com.example.studentsbot.StudentsBot - Callback from 7201674426: file:Стандарт по этикету.pdf
2025-08-06 12:07:05.217 [korzhovvbot Telegram Executor] DEBUG com.example.studentsbot.StudentsBot - Message from 7201674426: 📁 Меню
2025-08-06 12:07:05.217 [korzhovvbot Telegram Executor] INFO  com.example.studentsbot.StudentsBot - Opening directory menu for TsehSerg (ID: 7201674426)
2025-08-06 12:07:05.530 [korzhovvbot Telegram Executor] ERROR com.example.studentsbot.StudentsBot - Ошибка при отправке кнопки меню: Error executing org.telegram.telegrambots.meta.api.methods.send.SendMessage query: [400] Bad Request: text must be non-empty
2025-08-06 12:07:06.767 [korzhovvbot Telegram Executor] INFO  NAVIGATION_LOGGER - User 7201674426 action: dir:Admin
2025-08-06 12:07:06.811 [korzhovvbot Telegram Executor] INFO  USER_ACTIONS - Перешел в @TsehSerg (ID: 7201674426): dir:Admin
2025-08-06 12:07:06.983 [korzhovvbot Telegram Executor] DEBUG com.example.studentsbot.StudentsBot - Callback from 7201674426: dir:Admin
2025-08-06 12:07:08.265 [korzhovvbot Telegram Executor] INFO  NAVIGATION_LOGGER - User 7201674426 action: close_menu
2025-08-06 12:07:08.362 [korzhovvbot Telegram Executor] DEBUG com.example.studentsbot.StudentsBot - Callback from 7201674426: close_menu
2025-08-06 12:07:09.276 [korzhovvbot Telegram Executor] DEBUG com.example.studentsbot.StudentsBot - Message from 7201674426: 📁 Меню
2025-08-06 12:07:09.278 [korzhovvbot Telegram Executor] INFO  com.example.studentsbot.StudentsBot - Opening directory menu for TsehSerg (ID: 7201674426)
2025-08-06 12:07:09.467 [korzhovvbot Telegram Executor] ERROR com.example.studentsbot.StudentsBot - Ошибка при отправке кнопки меню: Error executing org.telegram.telegrambots.meta.api.methods.send.SendMessage query: [400] Bad Request: text must be non-empty
2025-08-06 12:07:10.757 [korzhovvbot Telegram Executor] INFO  NAVIGATION_LOGGER - User 7201674426 action: dir:Barmen
2025-08-06 12:07:10.794 [korzhovvbot Telegram Executor] INFO  USER_ACTIONS - Перешел в @TsehSerg (ID: 7201674426): dir:Barmen
2025-08-06 12:07:10.913 [korzhovvbot Telegram Executor] DEBUG com.example.studentsbot.StudentsBot - Callback from 7201674426: dir:Barmen
2025-08-06 12:07:13.549 [korzhovvbot Telegram Executor] INFO  NAVIGATION_LOGGER - User 7201674426 action: file:История кофе.docx
2025-08-06 12:07:13.579 [korzhovvbot Telegram Executor] INFO  USER_ACTIONS - Перешел в @TsehSerg (ID: 7201674426): file:История кофе.docx
2025-08-06 12:07:16.227 [korzhovvbot Telegram Executor] DEBUG com.example.studentsbot.StudentsBot - Callback from 7201674426: file:История кофе.docx
2025-08-06 12:13:25.978 [korzhovvbot Telegram Executor] DEBUG com.example.studentsbot.StudentsBot - Message from 7201674426: 📁 Меню
2025-08-06 12:13:25.979 [korzhovvbot Telegram Executor] INFO  com.example.studentsbot.StudentsBot - Opening directory menu for TsehSerg (ID: 7201674426)
2025-08-06 12:13:26.447 [korzhovvbot Telegram Executor] ERROR com.example.studentsbot.StudentsBot - Ошибка при отправке кнопки меню: Error executing org.telegram.telegrambots.meta.api.methods.send.SendMessage query: [400] Bad Request: text must be non-empty
2025-08-06 12:13:27.748 [korzhovvbot Telegram Executor] INFO  NAVIGATION_LOGGER - User 7201674426 action: dir:Admin
2025-08-06 12:13:27.776 [korzhovvbot Telegram Executor] INFO  USER_ACTIONS - Перешел в @TsehSerg (ID: 7201674426): dir:Admin
2025-08-06 12:13:27.916 [korzhovvbot Telegram Executor] DEBUG com.example.studentsbot.StudentsBot - Callback from 7201674426: dir:Admin
2025-08-06 12:13:30.668 [korzhovvbot Telegram Executor] INFO  NAVIGATION_LOGGER - User 7201674426 action: ..
2025-08-06 12:13:30.865 [korzhovvbot Telegram Executor] DEBUG com.example.studentsbot.StudentsBot - Callback from 7201674426: ..
2025-08-06 12:13:31.733 [korzhovvbot Telegram Executor] INFO  NAVIGATION_LOGGER - User 7201674426 action: dir:Barmen
2025-08-06 12:13:31.765 [korzhovvbot Telegram Executor] INFO  USER_ACTIONS - Перешел в @TsehSerg (ID: 7201674426): dir:Barmen
2025-08-06 12:13:31.860 [korzhovvbot Telegram Executor] DEBUG com.example.studentsbot.StudentsBot - Callback from 7201674426: dir:Barmen
2025-08-06 12:13:33.570 [korzhovvbot Telegram Executor] INFO  NAVIGATION_LOGGER - User 7201674426 action: file:Ристретто.mp4
2025-08-06 12:13:33.612 [korzhovvbot Telegram Executor] INFO  USER_ACTIONS - Перешел в @TsehSerg (ID: 7201674426): file:Ристретто.mp4
2025-08-06 12:13:50.378 [korzhovvbot Telegram Executor] DEBUG com.example.studentsbot.StudentsBot - Callback from 7201674426: file:Ристретто.mp4
2025-08-06 12:16:14.329 [korzhovvbot Telegram Executor] DEBUG com.example.studentsbot.StudentsBot - Message from 7201674426: 📁 Меню
2025-08-06 12:16:14.334 [korzhovvbot Telegram Executor] INFO  com.example.studentsbot.StudentsBot - Opening directory menu for TsehSerg (ID: 7201674426)
2025-08-06 12:16:14.735 [korzhovvbot Telegram Executor] ERROR com.example.studentsbot.StudentsBot - Ошибка при отправке кнопки меню: Error executing org.telegram.telegrambots.meta.api.methods.send.SendMessage query: [400] Bad Request: text must be non-empty
2025-08-06 12:16:15.813 [korzhovvbot Telegram Executor] INFO  NAVIGATION_LOGGER - User 7201674426 action: dir:Barmen
2025-08-06 12:16:15.858 [korzhovvbot Telegram Executor] INFO  USER_ACTIONS - Перешел в @TsehSerg (ID: 7201674426): dir:Barmen
2025-08-06 12:16:15.861 [korzhovvbot Telegram Executor] DEBUG com.example.studentsbot.StudentsBot - Callback from 7201674426: dir:Barmen
2025-08-06 12:16:29.066 [korzhovvbot Telegram Executor] INFO  NAVIGATION_LOGGER - User 7201674426 action: dir:Barmen
2025-08-06 12:16:29.117 [korzhovvbot Telegram Executor] INFO  USER_ACTIONS - Перешел в @TsehSerg (ID: 7201674426): dir:Barmen
2025-08-06 12:16:30.094 [korzhovvbot Telegram Executor] DEBUG com.example.studentsbot.StudentsBot - Callback from 7201674426: dir:Barmen
2025-08-06 12:16:31.585 [korzhovvbot Telegram Executor] INFO  NAVIGATION_LOGGER - User 7201674426 action: close_menu
2025-08-06 12:16:31.783 [korzhovvbot Telegram Executor] DEBUG com.example.studentsbot.StudentsBot - Callback from 7201674426: close_menu
2025-08-06 12:16:33.061 [korzhovvbot Telegram Executor] DEBUG com.example.studentsbot.StudentsBot - Message from 7201674426: 📁 Меню
2025-08-06 12:16:33.062 [korzhovvbot Telegram Executor] INFO  com.example.studentsbot.StudentsBot - Opening directory menu for TsehSerg (ID: 7201674426)
2025-08-06 12:16:33.307 [korzhovvbot Telegram Executor] ERROR com.example.studentsbot.StudentsBot - Ошибка при отправке кнопки меню: Error executing org.telegram.telegrambots.meta.api.methods.send.SendMessage query: [400] Bad Request: text must be non-empty
2025-08-06 12:16:34.209 [korzhovvbot Telegram Executor] INFO  NAVIGATION_LOGGER - User 7201674426 action: dir:Barmen
2025-08-06 12:16:34.238 [korzhovvbot Telegram Executor] INFO  USER_ACTIONS - Перешел в @TsehSerg (ID: 7201674426): dir:Barmen
2025-08-06 12:16:34.342 [korzhovvbot Telegram Executor] DEBUG com.example.studentsbot.StudentsBot - Callback from 7201674426: dir:Barmen
2025-08-06 12:16:35.868 [korzhovvbot Telegram Executor] INFO  NAVIGATION_LOGGER - User 7201674426 action: file:Для бармена.docx
2025-08-06 12:16:35.896 [korzhovvbot Telegram Executor] INFO  USER_ACTIONS - Перешел в @TsehSerg (ID: 7201674426): file:Для бармена.docx
2025-08-06 12:16:36.109 [korzhovvbot Telegram Executor] DEBUG com.example.studentsbot.StudentsBot - Callback from 7201674426: file:Для бармена.docx
2025-08-06 12:19:37.786 [SpringApplicationShutdownHook] INFO  org.springframework.boot.web.embedded.tomcat.GracefulShutdown - Commencing graceful shutdown. Waiting for active requests to complete
2025-08-06 12:19:37.944 [tomcat-shutdown] INFO  org.springframework.boot.web.embedded.tomcat.GracefulShutdown - Graceful shutdown complete
2025-08-06 12:19:38.083 [SpringApplicationShutdownHook] INFO  org.springframework.orm.jpa.LocalContainerEntityManagerFactoryBean - Closing JPA EntityManagerFactory for persistence unit 'default'
2025-08-06 12:19:38.242 [SpringApplicationShutdownHook] INFO  com.zaxxer.hikari.HikariDataSource - HikariPool-1 - Shutdown initiated...
2025-08-06 12:19:38.324 [SpringApplicationShutdownHook] INFO  com.zaxxer.hikari.HikariDataSource - HikariPool-1 - Shutdown completed.
2025-08-06 12:24:45.723 [main] INFO  com.example.studentsbot.Main - Starting Main using Java 23.0.2 with PID 7040 (C:\Users\Serge\Documents\Bot\Новая папка\stud_tg_tests\StudentsBot\StudentsBot\target\classes started by Serge in C:\Users\Serge\Documents\Bot\Новая папка)
2025-08-06 12:24:45.760 [main] DEBUG com.example.studentsbot.Main - Running with Spring Boot v3.5.0, Spring v6.2.7
2025-08-06 12:24:45.764 [main] INFO  com.example.studentsbot.Main - No active profile set, falling back to 1 default profile: "default"
2025-08-06 12:24:48.626 [main] INFO  org.springframework.data.repository.config.RepositoryConfigurationDelegate - Bootstrapping Spring Data JPA repositories in DEFAULT mode.
2025-08-06 12:24:48.804 [main] INFO  org.springframework.data.repository.config.RepositoryConfigurationDelegate - Finished Spring Data repository scanning in 149 ms. Found 2 JPA repository interfaces.
2025-08-06 12:24:50.719 [main] INFO  org.springframework.boot.web.embedded.tomcat.TomcatWebServer - Tomcat initialized with port 8080 (http)
2025-08-06 12:24:50.774 [main] INFO  org.apache.coyote.http11.Http11NioProtocol - Initializing ProtocolHandler ["http-nio-0.0.0.0-8080"]
2025-08-06 12:24:50.780 [main] INFO  org.apache.catalina.core.StandardService - Starting service [Tomcat]
2025-08-06 12:24:50.782 [main] INFO  org.apache.catalina.core.StandardEngine - Starting Servlet engine: [Apache Tomcat/10.1.41]
2025-08-06 12:24:51.053 [main] INFO  org.apache.catalina.core.ContainerBase.[Tomcat].[localhost].[/] - Initializing Spring embedded WebApplicationContext
2025-08-06 12:24:51.058 [main] INFO  org.springframework.boot.web.servlet.context.ServletWebServerApplicationContext - Root WebApplicationContext: initialization completed in 5056 ms
2025-08-06 12:24:51.732 [main] INFO  com.zaxxer.hikari.HikariDataSource - HikariPool-1 - Starting...
2025-08-06 12:24:52.458 [main] INFO  com.zaxxer.hikari.pool.HikariPool - HikariPool-1 - Added connection org.postgresql.jdbc.PgConnection@919086
2025-08-06 12:24:52.461 [main] INFO  com.zaxxer.hikari.HikariDataSource - HikariPool-1 - Start completed.
2025-08-06 12:24:53.033 [main] INFO  liquibase.database - Set default schema name to public
2025-08-06 12:24:54.449 [main] INFO  liquibase.changelog - Reading from public.databasechangelog
2025-08-06 12:24:54.731 [main] INFO  liquibase.ui - Database is up to date, no changesets to execute
2025-08-06 12:24:54.745 [main] INFO  liquibase.changelog - Reading from public.databasechangelog
2025-08-06 12:24:54.788 [main] INFO  liquibase.util - UPDATE SUMMARY
2025-08-06 12:24:54.789 [main] INFO  liquibase.util - Run:                          0
2025-08-06 12:24:54.789 [main] INFO  liquibase.util - Previously run:               4
2025-08-06 12:24:54.790 [main] INFO  liquibase.util - Filtered out:                 0
2025-08-06 12:24:54.790 [main] INFO  liquibase.util - -------------------------------
2025-08-06 12:24:54.791 [main] INFO  liquibase.util - Total change sets:            4
2025-08-06 12:24:54.794 [main] INFO  liquibase.util - Update summary generated
2025-08-06 12:24:54.798 [main] INFO  liquibase.command - Command execution complete
2025-08-06 12:24:56.155 [main] INFO  org.hibernate.jpa.internal.util.LogHelper - HHH000204: Processing PersistenceUnitInfo [name: default]
2025-08-06 12:24:56.414 [main] INFO  org.hibernate.Version - HHH000412: Hibernate ORM core version 6.6.15.Final
2025-08-06 12:24:56.548 [main] INFO  org.hibernate.cache.internal.RegionFactoryInitiator - HHH000026: Second-level cache disabled
2025-08-06 12:24:57.618 [main] INFO  org.springframework.orm.jpa.persistenceunit.SpringPersistenceUnitInfo - No LoadTimeWeaver setup: ignoring JPA class transformer
2025-08-06 12:24:57.959 [main] INFO  org.hibernate.orm.connections.pooling - HHH10001005: Database info:
	Database JDBC URL [Connecting through datasource 'HikariDataSource (HikariPool-1)']
	Database driver: undefined/unknown
	Database version: 17.5
	Autocommit mode: undefined/unknown
	Isolation level: undefined/unknown
	Minimum pool size: undefined/unknown
	Maximum pool size: undefined/unknown
2025-08-06 12:25:00.219 [main] INFO  org.hibernate.engine.transaction.jta.platform.internal.JtaPlatformInitiator - HHH000489: No JTA platform available (set 'hibernate.transaction.jta.platform' to enable JTA platform integration)
2025-08-06 12:25:00.423 [main] INFO  org.springframework.orm.jpa.LocalContainerEntityManagerFactoryBean - Initialized JPA EntityManagerFactory for persistence unit 'default'
2025-08-06 12:25:02.032 [main] WARN  org.springframework.boot.autoconfigure.orm.jpa.JpaBaseConfiguration$JpaWebConfiguration - spring.jpa.open-in-view is enabled by default. Therefore, database queries may be performed during view rendering. Explicitly configure spring.jpa.open-in-view to disable this warning
2025-08-06 12:25:02.109 [main] INFO  org.springframework.boot.autoconfigure.web.servlet.WelcomePageHandlerMapping - Adding welcome page: class path resource [static/index.html]
2025-08-06 12:25:02.998 [main] INFO  org.springframework.security.config.annotation.authentication.configuration.InitializeUserDetailsBeanManagerConfigurer$InitializeUserDetailsManagerConfigurer - Global AuthenticationManager configured with UserDetailsService bean with name userDetailsService
2025-08-06 12:25:03.444 [main] INFO  org.springframework.validation.beanvalidation.OptionalValidatorFactoryBean - Failed to set up a Bean Validation provider: jakarta.validation.NoProviderFoundException: Unable to create a Configuration, because no Jakarta Bean Validation provider could be found. Add a provider like Hibernate Validator (RI) to your classpath.
2025-08-06 12:25:03.965 [main] INFO  org.apache.coyote.http11.Http11NioProtocol - Starting ProtocolHandler ["http-nio-0.0.0.0-8080"]
2025-08-06 12:25:04.019 [main] INFO  org.springframework.boot.web.embedded.tomcat.TomcatWebServer - Tomcat started on port 8080 (http) with context path '/'
2025-08-06 12:25:04.043 [main] INFO  com.example.studentsbot.Main - Started Main in 19.944 seconds (process running for 23.25)
2025-08-06 12:25:57.103 [korzhovvbot Telegram Executor] DEBUG com.example.studentsbot.StudentsBot - Message from 7201674426: 📁 Меню
2025-08-06 12:25:57.103 [korzhovvbot Telegram Executor] INFO  com.example.studentsbot.StudentsBot - Opening directory menu for TsehSerg (ID: 7201674426)
2025-08-06 12:25:58.897 [korzhovvbot Telegram Executor] INFO  NAVIGATION_LOGGER - User 7201674426 action: dir:Barmen
2025-08-06 12:25:58.945 [korzhovvbot Telegram Executor] INFO  USER_ACTIONS - Перешел в @TsehSerg (ID: 7201674426): dir:Barmen
2025-08-06 12:25:59.066 [korzhovvbot Telegram Executor] DEBUG com.example.studentsbot.StudentsBot - Callback from 7201674426: dir:Barmen
2025-08-06 12:26:01.123 [korzhovvbot Telegram Executor] INFO  NAVIGATION_LOGGER - User 7201674426 action: file:Для бармена.docx
2025-08-06 12:26:01.154 [korzhovvbot Telegram Executor] INFO  USER_ACTIONS - Перешел в @TsehSerg (ID: 7201674426): file:Для бармена.docx
2025-08-06 12:26:02.368 [korzhovvbot Telegram Executor] DEBUG com.example.studentsbot.StudentsBot - Callback from 7201674426: file:Для бармена.docx
2025-08-06 12:26:06.823 [korzhovvbot Telegram Executor] DEBUG com.example.studentsbot.StudentsBot - Message from 7201674426: 📁 Меню
2025-08-06 12:26:06.824 [korzhovvbot Telegram Executor] INFO  com.example.studentsbot.StudentsBot - Opening directory menu for TsehSerg (ID: 7201674426)
2025-08-06 12:26:07.012 [korzhovvbot Telegram Executor] ERROR com.example.studentsbot.StudentsBot - Ошибка при отправке кнопки меню: Error executing org.telegram.telegrambots.meta.api.methods.send.SendMessage query: [400] Bad Request: text must be non-empty
2025-08-06 12:26:08.205 [korzhovvbot Telegram Executor] INFO  NAVIGATION_LOGGER - User 7201674426 action: dir:Barmen
2025-08-06 12:26:08.245 [korzhovvbot Telegram Executor] INFO  USER_ACTIONS - Перешел в @TsehSerg (ID: 7201674426): dir:Barmen
2025-08-06 12:26:08.247 [korzhovvbot Telegram Executor] DEBUG com.example.studentsbot.StudentsBot - Callback from 7201674426: dir:Barmen
2025-08-06 12:26:11.614 [korzhovvbot Telegram Executor] INFO  NAVIGATION_LOGGER - User 7201674426 action: dir:Barmen
2025-08-06 12:26:11.650 [korzhovvbot Telegram Executor] INFO  USER_ACTIONS - Перешел в @TsehSerg (ID: 7201674426): dir:Barmen
2025-08-06 12:26:11.744 [korzhovvbot Telegram Executor] DEBUG com.example.studentsbot.StudentsBot - Callback from 7201674426: dir:Barmen
2025-08-06 12:26:14.087 [korzhovvbot Telegram Executor] INFO  NAVIGATION_LOGGER - User 7201674426 action: close_menu
2025-08-06 12:26:14.233 [korzhovvbot Telegram Executor] DEBUG com.example.studentsbot.StudentsBot - Callback from 7201674426: close_menu
2025-08-06 12:26:15.324 [korzhovvbot Telegram Executor] DEBUG com.example.studentsbot.StudentsBot - Message from 7201674426: 📁 Меню
2025-08-06 12:26:15.324 [korzhovvbot Telegram Executor] INFO  com.example.studentsbot.StudentsBot - Opening directory menu for TsehSerg (ID: 7201674426)
2025-08-06 12:26:15.576 [korzhovvbot Telegram Executor] ERROR com.example.studentsbot.StudentsBot - Ошибка при отправке кнопки меню: Error executing org.telegram.telegrambots.meta.api.methods.send.SendMessage query: [400] Bad Request: text must be non-empty
2025-08-06 12:26:16.682 [korzhovvbot Telegram Executor] INFO  NAVIGATION_LOGGER - User 7201674426 action: dir:Barmen
2025-08-06 12:26:16.717 [korzhovvbot Telegram Executor] INFO  USER_ACTIONS - Перешел в @TsehSerg (ID: 7201674426): dir:Barmen
2025-08-06 12:26:16.924 [korzhovvbot Telegram Executor] DEBUG com.example.studentsbot.StudentsBot - Callback from 7201674426: dir:Barmen
2025-08-06 12:26:22.307 [korzhovvbot Telegram Executor] INFO  NAVIGATION_LOGGER - User 7201674426 action: file:История кофе.docx
2025-08-06 12:26:22.372 [korzhovvbot Telegram Executor] INFO  USER_ACTIONS - Перешел в @TsehSerg (ID: 7201674426): file:История кофе.docx
2025-08-06 12:26:23.107 [korzhovvbot Telegram Executor] DEBUG com.example.studentsbot.StudentsBot - Callback from 7201674426: file:История кофе.docx
2025-08-06 12:29:42.963 [korzhovvbot Telegram Executor] DEBUG com.example.studentsbot.StudentsBot - Message from 355290720: /start
2025-08-06 12:29:43.523 [korzhovvbot Telegram Executor] INFO  USER_ACTIONS - Запустилvictoriiavadimovna355290720
2025-08-06 12:29:48.404 [korzhovvbot Telegram Executor] DEBUG com.example.studentsbot.StudentsBot - Message from 355290720: null
2025-08-06 12:29:48.406 [korzhovvbot Telegram Executor] INFO  com.example.studentsbot.db.UserVerification - Checking access: chatId=355290720, normalizedPhone=79617315650
2025-08-06 12:29:48.499 [korzhovvbot Telegram Executor] INFO  com.example.studentsbot.db.UserVerification - Result: false
2025-08-06 12:29:48.593 [korzhovvbot Telegram Executor] INFO  AUTH_LOGGER - +79617315650
2025-08-06 12:30:10.636 [http-nio-0.0.0.0-8080-exec-1] INFO  org.apache.catalina.core.ContainerBase.[Tomcat].[localhost].[/] - Initializing Spring DispatcherServlet 'dispatcherServlet'
2025-08-06 12:30:10.637 [http-nio-0.0.0.0-8080-exec-1] INFO  org.springframework.web.servlet.DispatcherServlet - Initializing Servlet 'dispatcherServlet'
2025-08-06 12:30:10.639 [http-nio-0.0.0.0-8080-exec-1] INFO  org.springframework.web.servlet.DispatcherServlet - Completed initialization in 2 ms
2025-08-06 12:30:20.698 [http-nio-0.0.0.0-8080-exec-8] INFO  com.example.studentsbot.services.UserCRUDServices - Get All
2025-08-06 12:31:07.592 [http-nio-0.0.0.0-8080-exec-1] INFO  com.example.studentsbot.controllers.UsersControllers - Received DTO: DTOUser{id=null, userNumber='79617315650', roleId=2, chatId=355290720, roleName='null'}
2025-08-06 12:31:07.593 [http-nio-0.0.0.0-8080-exec-1] INFO  com.example.studentsbot.services.UserCRUDServices - Create
2025-08-06 12:31:07.750 [http-nio-0.0.0.0-8080-exec-2] INFO  com.example.studentsbot.services.UserCRUDServices - Get All
2025-08-06 12:33:41.525 [korzhovvbot Telegram Executor] DEBUG com.example.studentsbot.StudentsBot - Message from 355290720: /start
2025-08-06 12:33:42.136 [korzhovvbot Telegram Executor] INFO  USER_ACTIONS - Запустилvictoriiavadimovna355290720
2025-08-06 12:33:44.674 [korzhovvbot Telegram Executor] DEBUG com.example.studentsbot.StudentsBot - Message from 355290720: null
2025-08-06 12:33:44.675 [korzhovvbot Telegram Executor] INFO  com.example.studentsbot.db.UserVerification - Checking access: chatId=355290720, normalizedPhone=79617315650
2025-08-06 12:33:44.715 [korzhovvbot Telegram Executor] INFO  com.example.studentsbot.db.UserVerification - Result: true
2025-08-06 12:33:44.717 [korzhovvbot Telegram Executor] INFO  AUTH_LOGGER - +79617315650
2025-08-06 12:33:44.801 [korzhovvbot Telegram Executor] INFO  com.example.studentsbot.StudentsBot - Opening directory menu for victoriiavadimovna (ID: 355290720)
2025-08-06 12:34:58.129 [korzhovvbot Telegram Executor] INFO  NAVIGATION_LOGGER - User 355290720 action: dir:Admin
2025-08-06 12:34:58.167 [korzhovvbot Telegram Executor] INFO  USER_ACTIONS - Перешел в @victoriiavadimovna (ID: 355290720): dir:Admin
2025-08-06 12:34:58.360 [korzhovvbot Telegram Executor] DEBUG com.example.studentsbot.StudentsBot - Callback from 355290720: dir:Admin
2025-08-06 12:35:01.183 [korzhovvbot Telegram Executor] DEBUG com.example.studentsbot.StudentsBot - Message from 355290720: 📁 Меню
2025-08-06 12:35:01.183 [korzhovvbot Telegram Executor] INFO  com.example.studentsbot.StudentsBot - Opening directory menu for victoriiavadimovna (ID: 355290720)
2025-08-06 12:35:01.394 [korzhovvbot Telegram Executor] ERROR com.example.studentsbot.StudentsBot - Ошибка при отправке кнопки меню: Error executing org.telegram.telegrambots.meta.api.methods.send.SendMessage query: [400] Bad Request: text must be non-empty
2025-08-06 12:35:05.890 [korzhovvbot Telegram Executor] INFO  NAVIGATION_LOGGER - User 355290720 action: dir:Admin
2025-08-06 12:35:05.926 [korzhovvbot Telegram Executor] INFO  USER_ACTIONS - Перешел в @victoriiavadimovna (ID: 355290720): dir:Admin
2025-08-06 12:35:05.927 [korzhovvbot Telegram Executor] DEBUG com.example.studentsbot.StudentsBot - Callback from 355290720: dir:Admin
2025-08-06 12:35:18.231 [korzhovvbot Telegram Executor] INFO  NAVIGATION_LOGGER - User 355290720 action: dir:Barmen
2025-08-06 12:35:18.264 [korzhovvbot Telegram Executor] INFO  USER_ACTIONS - Перешел в @victoriiavadimovna (ID: 355290720): dir:Barmen
2025-08-06 12:35:18.379 [korzhovvbot Telegram Executor] DEBUG com.example.studentsbot.StudentsBot - Callback from 355290720: dir:Barmen
2025-08-06 12:35:23.029 [korzhovvbot Telegram Executor] INFO  NAVIGATION_LOGGER - User 355290720 action: ..
2025-08-06 12:35:23.202 [korzhovvbot Telegram Executor] DEBUG com.example.studentsbot.StudentsBot - Callback from 355290720: ..
2025-08-06 12:35:27.646 [korzhovvbot Telegram Executor] INFO  NAVIGATION_LOGGER - User 355290720 action: file:Как следить за всеми.rtf
2025-08-06 12:35:27.679 [korzhovvbot Telegram Executor] INFO  USER_ACTIONS - Перешел в @victoriiavadimovna (ID: 355290720): file:Как следить за всеми.rtf
2025-08-06 12:35:27.879 [korzhovvbot Telegram Executor] DEBUG com.example.studentsbot.StudentsBot - Callback from 355290720: file:Как следить за всеми.rtf
2025-08-06 12:35:34.757 [korzhovvbot Telegram Executor] DEBUG com.example.studentsbot.StudentsBot - Message from 355290720: 📁 Меню
2025-08-06 12:35:34.759 [korzhovvbot Telegram Executor] INFO  com.example.studentsbot.StudentsBot - Opening directory menu for victoriiavadimovna (ID: 355290720)
2025-08-06 12:35:35.022 [korzhovvbot Telegram Executor] ERROR com.example.studentsbot.StudentsBot - Ошибка при отправке кнопки меню: Error executing org.telegram.telegrambots.meta.api.methods.send.SendMessage query: [400] Bad Request: text must be non-empty
2025-08-06 12:35:36.060 [korzhovvbot Telegram Executor] INFO  NAVIGATION_LOGGER - User 355290720 action: dir:Admin
2025-08-06 12:35:36.093 [korzhovvbot Telegram Executor] INFO  USER_ACTIONS - Перешел в @victoriiavadimovna (ID: 355290720): dir:Admin
2025-08-06 12:35:36.094 [korzhovvbot Telegram Executor] DEBUG com.example.studentsbot.StudentsBot - Callback from 355290720: dir:Admin
2025-08-06 12:35:44.179 [korzhovvbot Telegram Executor] INFO  NAVIGATION_LOGGER - User 355290720 action: dir:Barmen
2025-08-06 12:35:44.210 [korzhovvbot Telegram Executor] INFO  USER_ACTIONS - Перешел в @victoriiavadimovna (ID: 355290720): dir:Barmen
2025-08-06 12:35:44.401 [korzhovvbot Telegram Executor] DEBUG com.example.studentsbot.StudentsBot - Callback from 355290720: dir:Barmen
2025-08-06 12:36:11.013 [korzhovvbot Telegram Executor] INFO  NAVIGATION_LOGGER - User 355290720 action: ..
2025-08-06 12:36:11.313 [korzhovvbot Telegram Executor] DEBUG com.example.studentsbot.StudentsBot - Callback from 355290720: ..
2025-08-06 12:36:12.416 [korzhovvbot Telegram Executor] INFO  NAVIGATION_LOGGER - User 355290720 action: ..
2025-08-06 12:36:12.645 [korzhovvbot Telegram Executor] DEBUG com.example.studentsbot.StudentsBot - Callback from 355290720: ..
2025-08-06 12:36:14.128 [korzhovvbot Telegram Executor] INFO  NAVIGATION_LOGGER - User 355290720 action: dir:Waiter
2025-08-06 12:36:14.163 [korzhovvbot Telegram Executor] INFO  USER_ACTIONS - Перешел в @victoriiavadimovna (ID: 355290720): dir:Waiter
2025-08-06 12:36:14.343 [korzhovvbot Telegram Executor] DEBUG com.example.studentsbot.StudentsBot - Callback from 355290720: dir:Waiter
2025-08-06 12:36:26.418 [korzhovvbot Telegram Executor] INFO  NAVIGATION_LOGGER - User 355290720 action: dir:testDir
2025-08-06 12:36:26.453 [korzhovvbot Telegram Executor] INFO  USER_ACTIONS - Перешел в @victoriiavadimovna (ID: 355290720): dir:testDir
2025-08-06 12:36:26.582 [korzhovvbot Telegram Executor] DEBUG com.example.studentsbot.StudentsBot - Callback from 355290720: dir:testDir
2025-08-06 12:36:27.746 [korzhovvbot Telegram Executor] INFO  NAVIGATION_LOGGER - User 355290720 action: file:Тест1.txt
2025-08-06 12:36:28.040 [korzhovvbot Telegram Executor] DEBUG com.example.studentsbot.StudentsBot - Callback from 355290720: file:Тест1.txt
2025-08-06 12:36:38.785 [korzhovvbot Telegram Executor] INFO  NAVIGATION_LOGGER - User 355290720 action: Меркурий
2025-08-06 12:36:39.099 [korzhovvbot Telegram Executor] DEBUG com.example.studentsbot.StudentsBot - Callback from 355290720: Меркурий
2025-08-06 12:36:41.311 [korzhovvbot Telegram Executor] INFO  NAVIGATION_LOGGER - User 355290720 action: Париж
2025-08-06 12:36:41.490 [korzhovvbot Telegram Executor] DEBUG com.example.studentsbot.StudentsBot - Callback from 355290720: Париж
2025-08-06 12:36:46.362 [korzhovvbot Telegram Executor] INFO  NAVIGATION_LOGGER - User 355290720 action: 1939
2025-08-06 12:36:46.775 [korzhovvbot Telegram Executor] DEBUG com.example.studentsbot.StudentsBot - Callback from 355290720: 1939
2025-08-06 12:36:48.737 [korzhovvbot Telegram Executor] INFO  NAVIGATION_LOGGER - User 355290720 action: H2O
2025-08-06 12:36:48.910 [korzhovvbot Telegram Executor] DEBUG com.example.studentsbot.StudentsBot - Callback from 355290720: H2O
2025-08-06 12:36:54.799 [korzhovvbot Telegram Executor] INFO  NAVIGATION_LOGGER - User 355290720 action: Толстой
2025-08-06 12:36:55.217 [korzhovvbot Telegram Executor] DEBUG com.example.studentsbot.StudentsBot - Callback from 355290720: Толстой
2025-08-06 12:37:06.155 [korzhovvbot Telegram Executor] DEBUG com.example.studentsbot.StudentsBot - Message from 355290720: 📁 Меню
2025-08-06 12:37:06.156 [korzhovvbot Telegram Executor] INFO  com.example.studentsbot.StudentsBot - Opening directory menu for victoriiavadimovna (ID: 355290720)
2025-08-06 12:37:06.335 [korzhovvbot Telegram Executor] ERROR com.example.studentsbot.StudentsBot - Ошибка при отправке кнопки меню: Error executing org.telegram.telegrambots.meta.api.methods.send.SendMessage query: [400] Bad Request: text must be non-empty
2025-08-06 12:37:07.434 [korzhovvbot Telegram Executor] INFO  NAVIGATION_LOGGER - User 355290720 action: dir:Waiter
2025-08-06 12:37:07.474 [korzhovvbot Telegram Executor] INFO  USER_ACTIONS - Перешел в @victoriiavadimovna (ID: 355290720): dir:Waiter
2025-08-06 12:37:07.558 [korzhovvbot Telegram Executor] DEBUG com.example.studentsbot.StudentsBot - Callback from 355290720: dir:Waiter
2025-08-06 12:37:09.309 [korzhovvbot Telegram Executor] INFO  NAVIGATION_LOGGER - User 355290720 action: dir:testDir
2025-08-06 12:37:09.346 [korzhovvbot Telegram Executor] INFO  USER_ACTIONS - Перешел в @victoriiavadimovna (ID: 355290720): dir:testDir
2025-08-06 12:37:09.443 [korzhovvbot Telegram Executor] DEBUG com.example.studentsbot.StudentsBot - Callback from 355290720: dir:testDir
2025-08-06 12:37:10.419 [korzhovvbot Telegram Executor] INFO  NAVIGATION_LOGGER - User 355290720 action: file:Тест2.txt
2025-08-06 12:37:10.627 [korzhovvbot Telegram Executor] DEBUG com.example.studentsbot.StudentsBot - Callback from 355290720: file:Тест2.txt
2025-08-06 12:37:16.063 [korzhovvbot Telegram Executor] INFO  NAVIGATION_LOGGER - User 355290720 action: Java
2025-08-06 12:37:16.396 [korzhovvbot Telegram Executor] DEBUG com.example.studentsbot.StudentsBot - Callback from 355290720: Java
2025-08-06 12:37:24.043 [korzhovvbot Telegram Executor] INFO  NAVIGATION_LOGGER - User 355290720 action: Тип данных
2025-08-06 12:37:24.394 [korzhovvbot Telegram Executor] DEBUG com.example.studentsbot.StudentsBot - Callback from 355290720: Тип данных
2025-08-06 12:37:26.942 [korzhovvbot Telegram Executor] INFO  NAVIGATION_LOGGER - User 355290720 action: #
2025-08-06 12:37:27.165 [korzhovvbot Telegram Executor] DEBUG com.example.studentsbot.StudentsBot - Callback from 355290720: #
2025-08-06 12:37:28.231 [korzhovvbot Telegram Executor] INFO  NAVIGATION_LOGGER - User 355290720 action: Максимальное значение
2025-08-06 12:37:28.616 [korzhovvbot Telegram Executor] DEBUG com.example.studentsbot.StudentsBot - Callback from 355290720: Максимальное значение
2025-08-06 12:37:33.112 [korzhovvbot Telegram Executor] INFO  NAVIGATION_LOGGER - User 355290720 action: C
2025-08-06 12:37:33.381 [korzhovvbot Telegram Executor] DEBUG com.example.studentsbot.StudentsBot - Callback from 355290720: C
2025-08-06 12:38:18.560 [korzhovvbot Telegram Executor] DEBUG com.example.studentsbot.StudentsBot - Message from 355290720: 📁 Меню
2025-08-06 12:38:18.560 [korzhovvbot Telegram Executor] INFO  com.example.studentsbot.StudentsBot - Opening directory menu for victoriiavadimovna (ID: 355290720)
2025-08-06 12:38:18.846 [korzhovvbot Telegram Executor] ERROR com.example.studentsbot.StudentsBot - Ошибка при отправке кнопки меню: Error executing org.telegram.telegrambots.meta.api.methods.send.SendMessage query: [400] Bad Request: text must be non-empty
2025-08-06 12:40:25.588 [korzhovvbot Telegram Executor] DEBUG com.example.studentsbot.StudentsBot - Message from 7201674426: 📁 Меню
2025-08-06 12:40:25.588 [korzhovvbot Telegram Executor] INFO  com.example.studentsbot.StudentsBot - Opening directory menu for TsehSerg (ID: 7201674426)
2025-08-06 12:40:25.870 [korzhovvbot Telegram Executor] ERROR com.example.studentsbot.StudentsBot - Ошибка при отправке кнопки меню: Error executing org.telegram.telegrambots.meta.api.methods.send.SendMessage query: [400] Bad Request: text must be non-empty
2025-08-06 12:40:27.152 [korzhovvbot Telegram Executor] INFO  NAVIGATION_LOGGER - User 7201674426 action: dir:Barmen
2025-08-06 12:40:27.178 [korzhovvbot Telegram Executor] INFO  USER_ACTIONS - Перешел в @TsehSerg (ID: 7201674426): dir:Barmen
2025-08-06 12:40:27.178 [korzhovvbot Telegram Executor] DEBUG com.example.studentsbot.StudentsBot - Callback from 7201674426: dir:Barmen
2025-08-06 12:40:29.525 [korzhovvbot Telegram Executor] INFO  NAVIGATION_LOGGER - User 7201674426 action: dir:Barmen
2025-08-06 12:40:29.555 [korzhovvbot Telegram Executor] INFO  USER_ACTIONS - Перешел в @TsehSerg (ID: 7201674426): dir:Barmen
2025-08-06 12:40:29.646 [korzhovvbot Telegram Executor] DEBUG com.example.studentsbot.StudentsBot - Callback from 7201674426: dir:Barmen
2025-08-06 12:40:32.075 [korzhovvbot Telegram Executor] INFO  NAVIGATION_LOGGER - User 7201674426 action: ..
2025-08-06 12:40:32.295 [korzhovvbot Telegram Executor] DEBUG com.example.studentsbot.StudentsBot - Callback from 7201674426: ..
2025-08-06 12:40:35.195 [korzhovvbot Telegram Executor] INFO  NAVIGATION_LOGGER - User 7201674426 action: file:Правила работы в перчатках.png
2025-08-06 12:40:35.225 [korzhovvbot Telegram Executor] INFO  USER_ACTIONS - Перешел в @TsehSerg (ID: 7201674426): file:Правила работы в перчатках.png
2025-08-06 12:40:35.652 [korzhovvbot Telegram Executor] DEBUG com.example.studentsbot.StudentsBot - Callback from 7201674426: file:Правила работы в перчатках.png
2025-08-06 12:42:30.308 [korzhovvbot Telegram Executor] INFO  NAVIGATION_LOGGER - User 5765296156 action: dir:Barmen
2025-08-06 12:42:30.353 [korzhovvbot Telegram Executor] INFO  USER_ACTIONS - Перешел в @depressef (ID: 5765296156): dir:Barmen
2025-08-06 12:42:30.666 [korzhovvbot Telegram Executor] DEBUG com.example.studentsbot.StudentsBot - Callback from 5765296156: dir:Barmen
2025-08-06 12:42:34.495 [korzhovvbot Telegram Executor] INFO  NAVIGATION_LOGGER - User 5765296156 action: close_menu
2025-08-06 12:42:34.703 [korzhovvbot Telegram Executor] DEBUG com.example.studentsbot.StudentsBot - Callback from 5765296156: close_menu
2025-08-06 12:43:40.026 [korzhovvbot Telegram Executor] DEBUG com.example.studentsbot.StudentsBot - Message from 7201674426: 📁 Меню
2025-08-06 12:43:40.026 [korzhovvbot Telegram Executor] INFO  com.example.studentsbot.StudentsBot - Opening directory menu for TsehSerg (ID: 7201674426)
2025-08-06 12:43:40.237 [korzhovvbot Telegram Executor] ERROR com.example.studentsbot.StudentsBot - Ошибка при отправке кнопки меню: Error executing org.telegram.telegrambots.meta.api.methods.send.SendMessage query: [400] Bad Request: text must be non-empty
2025-08-06 12:43:41.727 [korzhovvbot Telegram Executor] INFO  NAVIGATION_LOGGER - User 7201674426 action: dir:Admin
2025-08-06 12:43:41.765 [korzhovvbot Telegram Executor] INFO  USER_ACTIONS - Перешел в @TsehSerg (ID: 7201674426): dir:Admin
2025-08-06 12:43:41.966 [korzhovvbot Telegram Executor] DEBUG com.example.studentsbot.StudentsBot - Callback from 7201674426: dir:Admin
2025-08-06 12:43:43.938 [korzhovvbot Telegram Executor] INFO  NAVIGATION_LOGGER - User 7201674426 action: ..
2025-08-06 12:43:44.127 [korzhovvbot Telegram Executor] DEBUG com.example.studentsbot.StudentsBot - Callback from 7201674426: ..
2025-08-06 12:43:45.674 [korzhovvbot Telegram Executor] INFO  NAVIGATION_LOGGER - User 7201674426 action: dir:Barmen
2025-08-06 12:43:45.700 [korzhovvbot Telegram Executor] INFO  USER_ACTIONS - Перешел в @TsehSerg (ID: 7201674426): dir:Barmen
2025-08-06 12:43:45.812 [korzhovvbot Telegram Executor] DEBUG com.example.studentsbot.StudentsBot - Callback from 7201674426: dir:Barmen
2025-08-06 12:43:50.664 [korzhovvbot Telegram Executor] INFO  NAVIGATION_LOGGER - User 7201674426 action: file:Правила работы в перчатках.png
2025-08-06 12:43:50.700 [korzhovvbot Telegram Executor] INFO  USER_ACTIONS - Перешел в @TsehSerg (ID: 7201674426): file:Правила работы в перчатках.png
2025-08-06 12:43:51.007 [korzhovvbot Telegram Executor] DEBUG com.example.studentsbot.StudentsBot - Callback from 7201674426: file:Правила работы в перчатках.png
2025-08-06 12:43:52.244 [korzhovvbot Telegram Executor] DEBUG com.example.studentsbot.StudentsBot - Message from 7201674426: 📁 Меню
2025-08-06 12:43:52.244 [korzhovvbot Telegram Executor] INFO  com.example.studentsbot.StudentsBot - Opening directory menu for TsehSerg (ID: 7201674426)
2025-08-06 12:43:52.528 [korzhovvbot Telegram Executor] ERROR com.example.studentsbot.StudentsBot - Ошибка при отправке кнопки меню: Error executing org.telegram.telegrambots.meta.api.methods.send.SendMessage query: [400] Bad Request: text must be non-empty
2025-08-06 12:43:57.141 [korzhovvbot Telegram Executor] INFO  NAVIGATION_LOGGER - User 7201674426 action: dir:Barmen
2025-08-06 12:43:57.170 [korzhovvbot Telegram Executor] INFO  USER_ACTIONS - Перешел в @TsehSerg (ID: 7201674426): dir:Barmen
2025-08-06 12:43:57.170 [korzhovvbot Telegram Executor] DEBUG com.example.studentsbot.StudentsBot - Callback from 7201674426: dir:Barmen
2025-08-06 12:43:58.760 [korzhovvbot Telegram Executor] INFO  NAVIGATION_LOGGER - User 7201674426 action: dir:Barmen
2025-08-06 12:43:58.792 [korzhovvbot Telegram Executor] INFO  USER_ACTIONS - Перешел в @TsehSerg (ID: 7201674426): dir:Barmen
2025-08-06 12:43:59.000 [korzhovvbot Telegram Executor] DEBUG com.example.studentsbot.StudentsBot - Callback from 7201674426: dir:Barmen
2025-08-06 12:43:59.936 [korzhovvbot Telegram Executor] INFO  NAVIGATION_LOGGER - User 7201674426 action: ..
2025-08-06 12:44:00.125 [korzhovvbot Telegram Executor] DEBUG com.example.studentsbot.StudentsBot - Callback from 7201674426: ..
2025-08-06 12:44:05.367 [korzhovvbot Telegram Executor] INFO  NAVIGATION_LOGGER - User 7201674426 action: ..
2025-08-06 12:44:05.541 [korzhovvbot Telegram Executor] DEBUG com.example.studentsbot.StudentsBot - Callback from 7201674426: ..
2025-08-06 12:44:06.506 [korzhovvbot Telegram Executor] INFO  NAVIGATION_LOGGER - User 7201674426 action: dir:Waiter
2025-08-06 12:44:06.603 [korzhovvbot Telegram Executor] INFO  USER_ACTIONS - Перешел в @TsehSerg (ID: 7201674426): dir:Waiter
2025-08-06 12:44:06.739 [korzhovvbot Telegram Executor] DEBUG com.example.studentsbot.StudentsBot - Callback from 7201674426: dir:Waiter
2025-08-06 12:44:08.025 [korzhovvbot Telegram Executor] INFO  NAVIGATION_LOGGER - User 7201674426 action: dir:testDir
2025-08-06 12:44:08.057 [korzhovvbot Telegram Executor] INFO  USER_ACTIONS - Перешел в @TsehSerg (ID: 7201674426): dir:testDir
2025-08-06 12:44:08.147 [korzhovvbot Telegram Executor] DEBUG com.example.studentsbot.StudentsBot - Callback from 7201674426: dir:testDir
2025-08-06 12:44:09.113 [korzhovvbot Telegram Executor] INFO  NAVIGATION_LOGGER - User 7201674426 action: file:Тест1.txt
2025-08-06 12:44:09.479 [korzhovvbot Telegram Executor] DEBUG com.example.studentsbot.StudentsBot - Callback from 7201674426: file:Тест1.txt
2025-08-06 12:44:15.629 [korzhovvbot Telegram Executor] INFO  NAVIGATION_LOGGER - User 7201674426 action: Марс
2025-08-06 12:44:15.853 [korzhovvbot Telegram Executor] DEBUG com.example.studentsbot.StudentsBot - Callback from 7201674426: Марс
2025-08-06 12:44:20.704 [korzhovvbot Telegram Executor] INFO  NAVIGATION_LOGGER - User 7201674426 action: Париж
2025-08-06 12:44:20.928 [korzhovvbot Telegram Executor] DEBUG com.example.studentsbot.StudentsBot - Callback from 7201674426: Париж
2025-08-06 12:44:27.815 [korzhovvbot Telegram Executor] INFO  NAVIGATION_LOGGER - User 7201674426 action: 1941
2025-08-06 12:44:28.170 [korzhovvbot Telegram Executor] DEBUG com.example.studentsbot.StudentsBot - Callback from 7201674426: 1941
2025-08-06 12:44:31.780 [korzhovvbot Telegram Executor] INFO  NAVIGATION_LOGGER - User 7201674426 action: H2O
2025-08-06 12:44:32.003 [korzhovvbot Telegram Executor] DEBUG com.example.studentsbot.StudentsBot - Callback from 7201674426: H2O
2025-08-06 12:44:36.396 [korzhovvbot Telegram Executor] INFO  NAVIGATION_LOGGER - User 7201674426 action: Толстой
2025-08-06 12:44:36.887 [korzhovvbot Telegram Executor] DEBUG com.example.studentsbot.StudentsBot - Callback from 7201674426: Толстой
2025-08-06 12:45:04.792 [korzhovvbot Telegram Executor] INFO  NAVIGATION_LOGGER - User 355290720 action: dir:Barmen
2025-08-06 12:45:04.826 [korzhovvbot Telegram Executor] INFO  USER_ACTIONS - Перешел в @victoriiavadimovna (ID: 355290720): dir:Barmen
2025-08-06 12:45:05.058 [korzhovvbot Telegram Executor] DEBUG com.example.studentsbot.StudentsBot - Callback from 355290720: dir:Barmen
2025-08-06 12:45:12.183 [korzhovvbot Telegram Executor] DEBUG com.example.studentsbot.StudentsBot - Message from 355290720: 📁 Меню
2025-08-06 12:45:12.183 [korzhovvbot Telegram Executor] INFO  com.example.studentsbot.StudentsBot - Opening directory menu for victoriiavadimovna (ID: 355290720)
2025-08-06 12:45:12.392 [korzhovvbot Telegram Executor] ERROR com.example.studentsbot.StudentsBot - Ошибка при отправке кнопки меню: Error executing org.telegram.telegrambots.meta.api.methods.send.SendMessage query: [400] Bad Request: text must be non-empty
2025-08-06 12:45:13.516 [korzhovvbot Telegram Executor] INFO  NAVIGATION_LOGGER - User 355290720 action: dir:Barmen
2025-08-06 12:45:13.548 [korzhovvbot Telegram Executor] INFO  USER_ACTIONS - Перешел в @victoriiavadimovna (ID: 355290720): dir:Barmen
2025-08-06 12:45:13.643 [korzhovvbot Telegram Executor] DEBUG com.example.studentsbot.StudentsBot - Callback from 355290720: dir:Barmen
2025-08-06 12:45:18.159 [korzhovvbot Telegram Executor] INFO  NAVIGATION_LOGGER - User 355290720 action: file:Стандарт по этикету.pdf
2025-08-06 12:45:18.181 [korzhovvbot Telegram Executor] INFO  USER_ACTIONS - Перешел в @victoriiavadimovna (ID: 355290720): file:Стандарт по этикету.pdf
2025-08-06 12:45:21.573 [korzhovvbot Telegram Executor] DEBUG com.example.studentsbot.StudentsBot - Callback from 355290720: file:Стандарт по этикету.pdf
2025-08-06 12:45:21.575 [korzhovvbot Telegram Executor] DEBUG com.example.studentsbot.StudentsBot - Message from 355290720: 📁 Меню
2025-08-06 12:45:21.575 [korzhovvbot Telegram Executor] INFO  com.example.studentsbot.StudentsBot - Opening directory menu for victoriiavadimovna (ID: 355290720)
2025-08-06 12:45:21.760 [korzhovvbot Telegram Executor] ERROR com.example.studentsbot.StudentsBot - Ошибка при отправке кнопки меню: Error executing org.telegram.telegrambots.meta.api.methods.send.SendMessage query: [400] Bad Request: text must be non-empty
2025-08-06 12:45:31.126 [korzhovvbot Telegram Executor] INFO  NAVIGATION_LOGGER - User 355290720 action: dir:Barmen
2025-08-06 12:45:31.206 [korzhovvbot Telegram Executor] INFO  USER_ACTIONS - Перешел в @victoriiavadimovna (ID: 355290720): dir:Barmen
2025-08-06 12:45:31.206 [korzhovvbot Telegram Executor] DEBUG com.example.studentsbot.StudentsBot - Callback from 355290720: dir:Barmen
2025-08-06 12:45:47.530 [korzhovvbot Telegram Executor] INFO  NAVIGATION_LOGGER - User 355290720 action: dir:Barmen
2025-08-06 12:45:47.571 [korzhovvbot Telegram Executor] INFO  USER_ACTIONS - Перешел в @victoriiavadimovna (ID: 355290720): dir:Barmen
2025-08-06 12:45:48.255 [korzhovvbot Telegram Executor] DEBUG com.example.studentsbot.StudentsBot - Callback from 355290720: dir:Barmen
2025-08-06 12:46:06.350 [korzhovvbot Telegram Executor] INFO  NAVIGATION_LOGGER - User 355290720 action: ..
2025-08-06 12:46:06.806 [korzhovvbot Telegram Executor] DEBUG com.example.studentsbot.StudentsBot - Callback from 355290720: ..
2025-08-06 12:46:10.415 [korzhovvbot Telegram Executor] INFO  NAVIGATION_LOGGER - User 355290720 action: file:Правила работы в перчатках.png
2025-08-06 12:46:10.460 [korzhovvbot Telegram Executor] INFO  USER_ACTIONS - Перешел в @victoriiavadimovna (ID: 355290720): file:Правила работы в перчатках.png
2025-08-06 12:46:10.799 [korzhovvbot Telegram Executor] DEBUG com.example.studentsbot.StudentsBot - Callback from 355290720: file:Правила работы в перчатках.png
2025-08-06 12:46:24.805 [korzhovvbot Telegram Executor] DEBUG com.example.studentsbot.StudentsBot - Message from 355290720: 📁 Меню
2025-08-06 12:46:24.807 [korzhovvbot Telegram Executor] INFO  com.example.studentsbot.StudentsBot - Opening directory menu for victoriiavadimovna (ID: 355290720)
2025-08-06 12:46:25.086 [korzhovvbot Telegram Executor] ERROR com.example.studentsbot.StudentsBot - Ошибка при отправке кнопки меню: Error executing org.telegram.telegrambots.meta.api.methods.send.SendMessage query: [400] Bad Request: text must be non-empty
2025-08-06 12:46:26.122 [korzhovvbot Telegram Executor] INFO  NAVIGATION_LOGGER - User 355290720 action: dir:Barmen
2025-08-06 12:46:26.159 [korzhovvbot Telegram Executor] INFO  USER_ACTIONS - Перешел в @victoriiavadimovna (ID: 355290720): dir:Barmen
2025-08-06 12:46:26.159 [korzhovvbot Telegram Executor] DEBUG com.example.studentsbot.StudentsBot - Callback from 355290720: dir:Barmen
2025-08-06 12:47:15.998 [korzhovvbot Telegram Executor] INFO  NAVIGATION_LOGGER - User 355290720 action: dir:Barmen
2025-08-06 12:47:16.036 [korzhovvbot Telegram Executor] INFO  USER_ACTIONS - Перешел в @victoriiavadimovna (ID: 355290720): dir:Barmen
2025-08-06 12:47:16.186 [korzhovvbot Telegram Executor] DEBUG com.example.studentsbot.StudentsBot - Callback from 355290720: dir:Barmen
2025-08-06 12:47:19.427 [korzhovvbot Telegram Executor] INFO  NAVIGATION_LOGGER - User 355290720 action: ..
2025-08-06 12:47:19.613 [korzhovvbot Telegram Executor] DEBUG com.example.studentsbot.StudentsBot - Callback from 355290720: ..
2025-08-06 12:47:23.901 [korzhovvbot Telegram Executor] INFO  NAVIGATION_LOGGER - User 355290720 action: file:Ристретто.mp4
2025-08-06 12:47:23.935 [korzhovvbot Telegram Executor] INFO  USER_ACTIONS - Перешел в @victoriiavadimovna (ID: 355290720): file:Ристретто.mp4
2025-08-06 12:47:31.877 [korzhovvbot Telegram Executor] DEBUG com.example.studentsbot.StudentsBot - Callback from 355290720: file:Ристретто.mp4
2025-08-06 12:47:49.856 [korzhovvbot Telegram Executor] DEBUG com.example.studentsbot.StudentsBot - Message from 355290720: 📁 Меню
2025-08-06 12:47:49.858 [korzhovvbot Telegram Executor] INFO  com.example.studentsbot.StudentsBot - Opening directory menu for victoriiavadimovna (ID: 355290720)
2025-08-06 12:47:50.123 [korzhovvbot Telegram Executor] ERROR com.example.studentsbot.StudentsBot - Ошибка при отправке кнопки меню: Error executing org.telegram.telegrambots.meta.api.methods.send.SendMessage query: [400] Bad Request: text must be non-empty
2025-08-06 12:47:51.184 [korzhovvbot Telegram Executor] INFO  NAVIGATION_LOGGER - User 355290720 action: dir:Barmen
2025-08-06 12:47:51.214 [korzhovvbot Telegram Executor] INFO  USER_ACTIONS - Перешел в @victoriiavadimovna (ID: 355290720): dir:Barmen
2025-08-06 12:47:51.214 [korzhovvbot Telegram Executor] DEBUG com.example.studentsbot.StudentsBot - Callback from 355290720: dir:Barmen
2025-08-06 13:16:58.243 [korzhovvbot Telegram Executor] DEBUG com.example.studentsbot.StudentsBot - Message from 5765296156: /start
2025-08-06 13:16:58.561 [korzhovvbot Telegram Executor] INFO  USER_ACTIONS - Запустилdepressef5765296156
2025-08-06 13:17:45.146 [korzhovvbot Telegram Executor] DEBUG com.example.studentsbot.StudentsBot - Message from 5765296156: +79879855502
2025-08-06 13:18:18.261 [korzhovvbot Telegram Executor] DEBUG com.example.studentsbot.StudentsBot - Message from 5765296156: null
2025-08-06 13:18:18.292 [korzhovvbot Telegram Executor] INFO  com.example.studentsbot.db.UserVerification - Checking access: chatId=5765296156, normalizedPhone=79879855502
2025-08-06 13:18:18.525 [korzhovvbot Telegram Executor] INFO  com.example.studentsbot.db.UserVerification - Result: true
2025-08-06 13:18:18.525 [korzhovvbot Telegram Executor] INFO  AUTH_LOGGER - 79879855502
2025-08-06 13:18:18.709 [korzhovvbot Telegram Executor] INFO  com.example.studentsbot.StudentsBot - Opening directory menu for depressef (ID: 5765296156)
2025-08-06 13:18:31.428 [korzhovvbot Telegram Executor] DEBUG com.example.studentsbot.StudentsBot - Message from 5765296156: 📁 Меню
2025-08-06 13:18:31.430 [korzhovvbot Telegram Executor] INFO  com.example.studentsbot.StudentsBot - Opening directory menu for depressef (ID: 5765296156)
2025-08-06 13:18:31.669 [korzhovvbot Telegram Executor] ERROR com.example.studentsbot.StudentsBot - Ошибка при отправке/обновлении меню директории
org.telegram.telegrambots.meta.exceptions.TelegramApiRequestException: Error executing org.telegram.telegrambots.meta.api.methods.updatingmessages.EditMessageText query: [400] Bad Request: message is not modified: specified new message content and reply markup are exactly the same as a current content and reply markup of the message
	at org.telegram.telegrambots.meta.api.methods.PartialBotApiMethod.deserializeResponseInternal(PartialBotApiMethod.java:54) ~[telegrambots-meta-6.9.7.1.jar:?]
	at org.telegram.telegrambots.meta.api.methods.PartialBotApiMethod.deserializeResponseSerializable(PartialBotApiMethod.java:44) ~[telegrambots-meta-6.9.7.1.jar:?]
	at org.telegram.telegrambots.meta.api.methods.botapimethods.BotApiMethodSerializable.deserializeResponseFromPossibilities(BotApiMethodSerializable.java:31) ~[telegrambots-meta-6.9.7.1.jar:?]
	at org.telegram.telegrambots.meta.api.methods.botapimethods.BotApiMethodSerializable.deserializeResponseMessageOrBoolean(BotApiMethodSerializable.java:24) ~[telegrambots-meta-6.9.7.1.jar:?]
	at org.telegram.telegrambots.meta.api.methods.updatingmessages.EditMessageText.deserializeResponse(EditMessageText.java:130) ~[telegrambots-meta-6.9.7.1.jar:?]
	at org.telegram.telegrambots.bots.DefaultAbsSender.sendApiMethod(DefaultAbsSender.java:1182) ~[telegrambots-6.9.7.1.jar:?]
	at org.telegram.telegrambots.meta.bots.AbsSender.execute(AbsSender.java:61) ~[telegrambots-meta-6.9.7.1.jar:?]
	at com.example.studentsbot.StudentsBot.sendPrivateDirectoryMenu(StudentsBot.java:649) ~[classes/:?]
	at com.example.studentsbot.StudentsBot.onUpdateReceived(StudentsBot.java:90) ~[classes/:?]
	at java.base/java.util.ArrayList.forEach(ArrayList.java:1597) [?:?]
	at org.telegram.telegrambots.meta.generics.LongPollingBot.onUpdatesReceived(LongPollingBot.java:27) [telegrambots-meta-6.9.7.1.jar:?]
	at org.telegram.telegrambots.updatesreceivers.DefaultBotSession$HandlerThread.run(DefaultBotSession.java:312) [telegrambots-6.9.7.1.jar:?]
2025-08-06 13:18:32.196 [korzhovvbot Telegram Executor] ERROR com.example.studentsbot.StudentsBot - Failed to send or edit menu to 5765296156: Error executing org.telegram.telegrambots.meta.api.methods.updatingmessages.EditMessageText query: [400] Bad Request: message is not modified: specified new message content and reply markup are exactly the same as a current content and reply markup of the message
2025-08-06 13:27:22.084 [korzhovvbot Telegram Executor] DEBUG com.example.studentsbot.StudentsBot - Message from 5765296156: 📁 Меню
2025-08-06 13:27:22.086 [korzhovvbot Telegram Executor] INFO  com.example.studentsbot.StudentsBot - Opening directory menu for depressef (ID: 5765296156)
2025-08-06 13:27:22.316 [korzhovvbot Telegram Executor] ERROR com.example.studentsbot.StudentsBot - Ошибка при отправке/обновлении меню директории
org.telegram.telegrambots.meta.exceptions.TelegramApiRequestException: Error executing org.telegram.telegrambots.meta.api.methods.updatingmessages.EditMessageText query: [400] Bad Request: message is not modified: specified new message content and reply markup are exactly the same as a current content and reply markup of the message
	at org.telegram.telegrambots.meta.api.methods.PartialBotApiMethod.deserializeResponseInternal(PartialBotApiMethod.java:54) ~[telegrambots-meta-6.9.7.1.jar:?]
	at org.telegram.telegrambots.meta.api.methods.PartialBotApiMethod.deserializeResponseSerializable(PartialBotApiMethod.java:44) ~[telegrambots-meta-6.9.7.1.jar:?]
	at org.telegram.telegrambots.meta.api.methods.botapimethods.BotApiMethodSerializable.deserializeResponseFromPossibilities(BotApiMethodSerializable.java:31) ~[telegrambots-meta-6.9.7.1.jar:?]
	at org.telegram.telegrambots.meta.api.methods.botapimethods.BotApiMethodSerializable.deserializeResponseMessageOrBoolean(BotApiMethodSerializable.java:24) ~[telegrambots-meta-6.9.7.1.jar:?]
	at org.telegram.telegrambots.meta.api.methods.updatingmessages.EditMessageText.deserializeResponse(EditMessageText.java:130) ~[telegrambots-meta-6.9.7.1.jar:?]
	at org.telegram.telegrambots.bots.DefaultAbsSender.sendApiMethod(DefaultAbsSender.java:1182) ~[telegrambots-6.9.7.1.jar:?]
	at org.telegram.telegrambots.meta.bots.AbsSender.execute(AbsSender.java:61) ~[telegrambots-meta-6.9.7.1.jar:?]
	at com.example.studentsbot.StudentsBot.sendPrivateDirectoryMenu(StudentsBot.java:649) ~[classes/:?]
	at com.example.studentsbot.StudentsBot.onUpdateReceived(StudentsBot.java:90) ~[classes/:?]
	at java.base/java.util.ArrayList.forEach(ArrayList.java:1597) [?:?]
	at org.telegram.telegrambots.meta.generics.LongPollingBot.onUpdatesReceived(LongPollingBot.java:27) [telegrambots-meta-6.9.7.1.jar:?]
	at org.telegram.telegrambots.updatesreceivers.DefaultBotSession$HandlerThread.run(DefaultBotSession.java:312) [telegrambots-6.9.7.1.jar:?]
2025-08-06 13:27:22.316 [korzhovvbot Telegram Executor] ERROR com.example.studentsbot.StudentsBot - Failed to send or edit menu to 5765296156: Error executing org.telegram.telegrambots.meta.api.methods.updatingmessages.EditMessageText query: [400] Bad Request: message is not modified: specified new message content and reply markup are exactly the same as a current content and reply markup of the message
2025-08-06 13:27:27.853 [korzhovvbot Telegram Executor] INFO  NAVIGATION_LOGGER - User 5765296156 action: close_menu
2025-08-06 13:27:27.949 [korzhovvbot Telegram Executor] DEBUG com.example.studentsbot.StudentsBot - Callback from 5765296156: close_menu
2025-08-06 13:27:29.620 [korzhovvbot Telegram Executor] DEBUG com.example.studentsbot.StudentsBot - Message from 5765296156: 📁 Меню
2025-08-06 13:27:29.622 [korzhovvbot Telegram Executor] INFO  com.example.studentsbot.StudentsBot - Opening directory menu for depressef (ID: 5765296156)
2025-08-06 13:27:29.812 [korzhovvbot Telegram Executor] ERROR com.example.studentsbot.StudentsBot - Ошибка при отправке кнопки меню: Error executing org.telegram.telegrambots.meta.api.methods.send.SendMessage query: [400] Bad Request: text must be non-empty
2025-08-06 13:27:37.186 [korzhovvbot Telegram Executor] INFO  NAVIGATION_LOGGER - User 5765296156 action: file:Правила работы в перчатках.png
2025-08-06 13:27:37.249 [korzhovvbot Telegram Executor] INFO  USER_ACTIONS - Перешел в @depressef (ID: 5765296156): file:Правила работы в перчатках.png
2025-08-06 13:27:37.599 [korzhovvbot Telegram Executor] DEBUG com.example.studentsbot.StudentsBot - Callback from 5765296156: file:Правила работы в перчатках.png
2025-08-06 13:27:46.286 [korzhovvbot Telegram Executor] DEBUG com.example.studentsbot.StudentsBot - Message from 5765296156: 📁 Меню
2025-08-06 13:27:46.289 [korzhovvbot Telegram Executor] INFO  com.example.studentsbot.StudentsBot - Opening directory menu for depressef (ID: 5765296156)
2025-08-06 13:27:46.657 [korzhovvbot Telegram Executor] ERROR com.example.studentsbot.StudentsBot - Ошибка при отправке кнопки меню: Error executing org.telegram.telegrambots.meta.api.methods.send.SendMessage query: [400] Bad Request: text must be non-empty
2025-08-06 13:30:03.105 [http-nio-0.0.0.0-8080-exec-7] INFO  com.example.studentsbot.services.UserCRUDServices - Create
2025-08-06 13:30:03.581 [http-nio-0.0.0.0-8080-exec-9] INFO  com.example.studentsbot.services.UserCRUDServices - Get All
2025-08-06 13:32:35.722 [korzhovvbot Telegram Executor] DEBUG com.example.studentsbot.StudentsBot - Message from 5765296156: /start
2025-08-06 13:32:35.969 [korzhovvbot Telegram Executor] INFO  USER_ACTIONS - Запустилdepressef5765296156
2025-08-06 13:32:38.709 [korzhovvbot Telegram Executor] DEBUG com.example.studentsbot.StudentsBot - Message from 5765296156: null
2025-08-06 13:32:38.710 [korzhovvbot Telegram Executor] INFO  com.example.studentsbot.db.UserVerification - Checking access: chatId=5765296156, normalizedPhone=79879855502
2025-08-06 13:32:38.748 [korzhovvbot Telegram Executor] INFO  com.example.studentsbot.db.UserVerification - Result: true
2025-08-06 13:32:38.748 [korzhovvbot Telegram Executor] INFO  AUTH_LOGGER - 79879855502
2025-08-06 13:32:38.993 [korzhovvbot Telegram Executor] INFO  com.example.studentsbot.StudentsBot - Opening directory menu for depressef (ID: 5765296156)
2025-08-06 13:32:39.082 [korzhovvbot Telegram Executor] ERROR com.example.studentsbot.StudentsBot - Ошибка при отправке/обновлении меню директории
org.telegram.telegrambots.meta.exceptions.TelegramApiRequestException: Error executing org.telegram.telegrambots.meta.api.methods.updatingmessages.EditMessageText query: [400] Bad Request: message to edit not found
	at org.telegram.telegrambots.meta.api.methods.PartialBotApiMethod.deserializeResponseInternal(PartialBotApiMethod.java:54) ~[telegrambots-meta-6.9.7.1.jar:?]
	at org.telegram.telegrambots.meta.api.methods.PartialBotApiMethod.deserializeResponseSerializable(PartialBotApiMethod.java:44) ~[telegrambots-meta-6.9.7.1.jar:?]
	at org.telegram.telegrambots.meta.api.methods.botapimethods.BotApiMethodSerializable.deserializeResponseFromPossibilities(BotApiMethodSerializable.java:31) ~[telegrambots-meta-6.9.7.1.jar:?]
	at org.telegram.telegrambots.meta.api.methods.botapimethods.BotApiMethodSerializable.deserializeResponseMessageOrBoolean(BotApiMethodSerializable.java:24) ~[telegrambots-meta-6.9.7.1.jar:?]
	at org.telegram.telegrambots.meta.api.methods.updatingmessages.EditMessageText.deserializeResponse(EditMessageText.java:130) ~[telegrambots-meta-6.9.7.1.jar:?]
	at org.telegram.telegrambots.bots.DefaultAbsSender.sendApiMethod(DefaultAbsSender.java:1182) ~[telegrambots-6.9.7.1.jar:?]
	at org.telegram.telegrambots.meta.bots.AbsSender.execute(AbsSender.java:61) ~[telegrambots-meta-6.9.7.1.jar:?]
	at com.example.studentsbot.StudentsBot.sendPrivateDirectoryMenu(StudentsBot.java:649) ~[classes/:?]
	at com.example.studentsbot.StudentsBot.onUpdateReceived(StudentsBot.java:103) ~[classes/:?]
	at java.base/java.util.ArrayList.forEach(ArrayList.java:1597) [?:?]
	at org.telegram.telegrambots.meta.generics.LongPollingBot.onUpdatesReceived(LongPollingBot.java:27) [telegrambots-meta-6.9.7.1.jar:?]
	at org.telegram.telegrambots.updatesreceivers.DefaultBotSession$HandlerThread.run(DefaultBotSession.java:312) [telegrambots-6.9.7.1.jar:?]
2025-08-06 13:32:39.091 [korzhovvbot Telegram Executor] ERROR com.example.studentsbot.StudentsBot - Failed to send or edit menu to 5765296156: Error executing org.telegram.telegrambots.meta.api.methods.updatingmessages.EditMessageText query: [400] Bad Request: message to edit not found
2025-08-06 13:34:33.835 [korzhovvbot Telegram Executor] DEBUG com.example.studentsbot.StudentsBot - Message from 5765296156: /start
2025-08-06 13:34:34.104 [korzhovvbot Telegram Executor] INFO  USER_ACTIONS - Запустилdepressef5765296156
2025-08-06 13:34:35.792 [korzhovvbot Telegram Executor] DEBUG com.example.studentsbot.StudentsBot - Message from 5765296156: null
2025-08-06 13:34:35.792 [korzhovvbot Telegram Executor] INFO  com.example.studentsbot.db.UserVerification - Checking access: chatId=5765296156, normalizedPhone=79879855502
2025-08-06 13:34:35.828 [korzhovvbot Telegram Executor] INFO  com.example.studentsbot.db.UserVerification - Result: true
2025-08-06 13:34:35.828 [korzhovvbot Telegram Executor] INFO  AUTH_LOGGER - 79879855502
2025-08-06 13:34:35.916 [korzhovvbot Telegram Executor] INFO  com.example.studentsbot.StudentsBot - Opening directory menu for depressef (ID: 5765296156)
2025-08-06 13:34:36.025 [korzhovvbot Telegram Executor] ERROR com.example.studentsbot.StudentsBot - Ошибка при отправке/обновлении меню директории
org.telegram.telegrambots.meta.exceptions.TelegramApiRequestException: Error executing org.telegram.telegrambots.meta.api.methods.updatingmessages.EditMessageText query: [400] Bad Request: message to edit not found
	at org.telegram.telegrambots.meta.api.methods.PartialBotApiMethod.deserializeResponseInternal(PartialBotApiMethod.java:54) ~[telegrambots-meta-6.9.7.1.jar:?]
	at org.telegram.telegrambots.meta.api.methods.PartialBotApiMethod.deserializeResponseSerializable(PartialBotApiMethod.java:44) ~[telegrambots-meta-6.9.7.1.jar:?]
	at org.telegram.telegrambots.meta.api.methods.botapimethods.BotApiMethodSerializable.deserializeResponseFromPossibilities(BotApiMethodSerializable.java:31) ~[telegrambots-meta-6.9.7.1.jar:?]
	at org.telegram.telegrambots.meta.api.methods.botapimethods.BotApiMethodSerializable.deserializeResponseMessageOrBoolean(BotApiMethodSerializable.java:24) ~[telegrambots-meta-6.9.7.1.jar:?]
	at org.telegram.telegrambots.meta.api.methods.updatingmessages.EditMessageText.deserializeResponse(EditMessageText.java:130) ~[telegrambots-meta-6.9.7.1.jar:?]
	at org.telegram.telegrambots.bots.DefaultAbsSender.sendApiMethod(DefaultAbsSender.java:1182) ~[telegrambots-6.9.7.1.jar:?]
	at org.telegram.telegrambots.meta.bots.AbsSender.execute(AbsSender.java:61) ~[telegrambots-meta-6.9.7.1.jar:?]
	at com.example.studentsbot.StudentsBot.sendPrivateDirectoryMenu(StudentsBot.java:649) ~[classes/:?]
	at com.example.studentsbot.StudentsBot.onUpdateReceived(StudentsBot.java:103) ~[classes/:?]
	at java.base/java.util.ArrayList.forEach(ArrayList.java:1597) [?:?]
	at org.telegram.telegrambots.meta.generics.LongPollingBot.onUpdatesReceived(LongPollingBot.java:27) [telegrambots-meta-6.9.7.1.jar:?]
	at org.telegram.telegrambots.updatesreceivers.DefaultBotSession$HandlerThread.run(DefaultBotSession.java:312) [telegrambots-6.9.7.1.jar:?]
2025-08-06 13:34:36.026 [korzhovvbot Telegram Executor] ERROR com.example.studentsbot.StudentsBot - Failed to send or edit menu to 5765296156: Error executing org.telegram.telegrambots.meta.api.methods.updatingmessages.EditMessageText query: [400] Bad Request: message to edit not found
2025-08-06 13:35:11.997 [http-nio-0.0.0.0-8080-exec-10] INFO  com.example.studentsbot.services.UserCRUDServices - Create
2025-08-06 13:35:12.101 [http-nio-0.0.0.0-8080-exec-1] INFO  com.example.studentsbot.services.UserCRUDServices - Get All
2025-08-06 13:35:31.149 [korzhovvbot Telegram Executor] DEBUG com.example.studentsbot.StudentsBot - Message from 5765296156: /start
2025-08-06 13:35:31.569 [korzhovvbot Telegram Executor] INFO  USER_ACTIONS - Запустилdepressef5765296156
2025-08-06 13:35:33.149 [korzhovvbot Telegram Executor] DEBUG com.example.studentsbot.StudentsBot - Message from 5765296156: null
2025-08-06 13:35:33.149 [korzhovvbot Telegram Executor] INFO  com.example.studentsbot.db.UserVerification - Checking access: chatId=5765296156, normalizedPhone=79879855502
2025-08-06 13:35:33.202 [korzhovvbot Telegram Executor] INFO  com.example.studentsbot.db.UserVerification - Result: true
2025-08-06 13:35:33.203 [korzhovvbot Telegram Executor] INFO  AUTH_LOGGER - 79879855502
2025-08-06 13:35:33.260 [korzhovvbot Telegram Executor] INFO  com.example.studentsbot.StudentsBot - Opening directory menu for depressef (ID: 5765296156)
2025-08-06 13:35:33.345 [korzhovvbot Telegram Executor] ERROR com.example.studentsbot.StudentsBot - Ошибка при отправке/обновлении меню директории
org.telegram.telegrambots.meta.exceptions.TelegramApiRequestException: Error executing org.telegram.telegrambots.meta.api.methods.updatingmessages.EditMessageText query: [400] Bad Request: message to edit not found
	at org.telegram.telegrambots.meta.api.methods.PartialBotApiMethod.deserializeResponseInternal(PartialBotApiMethod.java:54) ~[telegrambots-meta-6.9.7.1.jar:?]
	at org.telegram.telegrambots.meta.api.methods.PartialBotApiMethod.deserializeResponseSerializable(PartialBotApiMethod.java:44) ~[telegrambots-meta-6.9.7.1.jar:?]
	at org.telegram.telegrambots.meta.api.methods.botapimethods.BotApiMethodSerializable.deserializeResponseFromPossibilities(BotApiMethodSerializable.java:31) ~[telegrambots-meta-6.9.7.1.jar:?]
	at org.telegram.telegrambots.meta.api.methods.botapimethods.BotApiMethodSerializable.deserializeResponseMessageOrBoolean(BotApiMethodSerializable.java:24) ~[telegrambots-meta-6.9.7.1.jar:?]
	at org.telegram.telegrambots.meta.api.methods.updatingmessages.EditMessageText.deserializeResponse(EditMessageText.java:130) ~[telegrambots-meta-6.9.7.1.jar:?]
	at org.telegram.telegrambots.bots.DefaultAbsSender.sendApiMethod(DefaultAbsSender.java:1182) ~[telegrambots-6.9.7.1.jar:?]
	at org.telegram.telegrambots.meta.bots.AbsSender.execute(AbsSender.java:61) ~[telegrambots-meta-6.9.7.1.jar:?]
	at com.example.studentsbot.StudentsBot.sendPrivateDirectoryMenu(StudentsBot.java:649) ~[classes/:?]
	at com.example.studentsbot.StudentsBot.onUpdateReceived(StudentsBot.java:103) ~[classes/:?]
	at java.base/java.util.ArrayList.forEach(ArrayList.java:1597) [?:?]
	at org.telegram.telegrambots.meta.generics.LongPollingBot.onUpdatesReceived(LongPollingBot.java:27) [telegrambots-meta-6.9.7.1.jar:?]
	at org.telegram.telegrambots.updatesreceivers.DefaultBotSession$HandlerThread.run(DefaultBotSession.java:312) [telegrambots-6.9.7.1.jar:?]
2025-08-06 13:35:33.349 [korzhovvbot Telegram Executor] ERROR com.example.studentsbot.StudentsBot - Failed to send or edit menu to 5765296156: Error executing org.telegram.telegrambots.meta.api.methods.updatingmessages.EditMessageText query: [400] Bad Request: message to edit not found
2025-08-06 13:36:17.261 [korzhovvbot Telegram Executor] DEBUG com.example.studentsbot.StudentsBot - Message from 5765296156: /start
2025-08-06 13:36:17.584 [korzhovvbot Telegram Executor] INFO  USER_ACTIONS - Запустилdepressef5765296156
2025-08-06 13:36:19.606 [korzhovvbot Telegram Executor] DEBUG com.example.studentsbot.StudentsBot - Message from 5765296156: null
2025-08-06 13:36:19.613 [korzhovvbot Telegram Executor] INFO  com.example.studentsbot.db.UserVerification - Checking access: chatId=5765296156, normalizedPhone=79879855502
2025-08-06 13:36:19.654 [korzhovvbot Telegram Executor] INFO  com.example.studentsbot.db.UserVerification - Result: true
2025-08-06 13:36:19.654 [korzhovvbot Telegram Executor] INFO  AUTH_LOGGER - 79879855502
2025-08-06 13:36:19.756 [korzhovvbot Telegram Executor] INFO  com.example.studentsbot.StudentsBot - Opening directory menu for depressef (ID: 5765296156)
2025-08-06 13:36:19.855 [korzhovvbot Telegram Executor] ERROR com.example.studentsbot.StudentsBot - Ошибка при отправке/обновлении меню директории
org.telegram.telegrambots.meta.exceptions.TelegramApiRequestException: Error executing org.telegram.telegrambots.meta.api.methods.updatingmessages.EditMessageText query: [400] Bad Request: message to edit not found
	at org.telegram.telegrambots.meta.api.methods.PartialBotApiMethod.deserializeResponseInternal(PartialBotApiMethod.java:54) ~[telegrambots-meta-6.9.7.1.jar:?]
	at org.telegram.telegrambots.meta.api.methods.PartialBotApiMethod.deserializeResponseSerializable(PartialBotApiMethod.java:44) ~[telegrambots-meta-6.9.7.1.jar:?]
	at org.telegram.telegrambots.meta.api.methods.botapimethods.BotApiMethodSerializable.deserializeResponseFromPossibilities(BotApiMethodSerializable.java:31) ~[telegrambots-meta-6.9.7.1.jar:?]
	at org.telegram.telegrambots.meta.api.methods.botapimethods.BotApiMethodSerializable.deserializeResponseMessageOrBoolean(BotApiMethodSerializable.java:24) ~[telegrambots-meta-6.9.7.1.jar:?]
	at org.telegram.telegrambots.meta.api.methods.updatingmessages.EditMessageText.deserializeResponse(EditMessageText.java:130) ~[telegrambots-meta-6.9.7.1.jar:?]
	at org.telegram.telegrambots.bots.DefaultAbsSender.sendApiMethod(DefaultAbsSender.java:1182) ~[telegrambots-6.9.7.1.jar:?]
	at org.telegram.telegrambots.meta.bots.AbsSender.execute(AbsSender.java:61) ~[telegrambots-meta-6.9.7.1.jar:?]
	at com.example.studentsbot.StudentsBot.sendPrivateDirectoryMenu(StudentsBot.java:649) ~[classes/:?]
	at com.example.studentsbot.StudentsBot.onUpdateReceived(StudentsBot.java:103) ~[classes/:?]
	at java.base/java.util.ArrayList.forEach(ArrayList.java:1597) [?:?]
	at org.telegram.telegrambots.meta.generics.LongPollingBot.onUpdatesReceived(LongPollingBot.java:27) [telegrambots-meta-6.9.7.1.jar:?]
	at org.telegram.telegrambots.updatesreceivers.DefaultBotSession$HandlerThread.run(DefaultBotSession.java:312) [telegrambots-6.9.7.1.jar:?]
2025-08-06 13:36:19.864 [korzhovvbot Telegram Executor] ERROR com.example.studentsbot.StudentsBot - Failed to send or edit menu to 5765296156: Error executing org.telegram.telegrambots.meta.api.methods.updatingmessages.EditMessageText query: [400] Bad Request: message to edit not found
2025-08-06 13:37:38.697 [http-nio-0.0.0.0-8080-exec-4] INFO  com.example.studentsbot.services.UserCRUDServices - Delete: 13
2025-08-06 13:37:39.110 [http-nio-0.0.0.0-8080-exec-5] INFO  com.example.studentsbot.services.UserCRUDServices - Get All
2025-08-06 13:37:55.899 [http-nio-0.0.0.0-8080-exec-7] INFO  com.example.studentsbot.controllers.UsersControllers - Received DTO: DTOUser{id=null, userNumber='79879855502', roleId=2, chatId=5765296156, roleName='null'}
2025-08-06 13:37:55.909 [http-nio-0.0.0.0-8080-exec-7] INFO  com.example.studentsbot.services.UserCRUDServices - Create
2025-08-06 13:37:56.006 [http-nio-0.0.0.0-8080-exec-9] INFO  com.example.studentsbot.services.UserCRUDServices - Get All
2025-08-06 13:39:05.927 [korzhovvbot Telegram Executor] DEBUG com.example.studentsbot.StudentsBot - Message from 7201674426: /start
2025-08-06 13:39:06.258 [korzhovvbot Telegram Executor] INFO  USER_ACTIONS - ЗапустилTsehSerg7201674426
2025-08-06 13:39:08.332 [korzhovvbot Telegram Executor] DEBUG com.example.studentsbot.StudentsBot - Message from 7201674426: null
2025-08-06 13:39:08.333 [korzhovvbot Telegram Executor] INFO  com.example.studentsbot.db.UserVerification - Checking access: chatId=7201674426, normalizedPhone=79312610989
2025-08-06 13:39:08.365 [korzhovvbot Telegram Executor] INFO  com.example.studentsbot.db.UserVerification - Result: true
2025-08-06 13:39:08.366 [korzhovvbot Telegram Executor] INFO  AUTH_LOGGER - 79312610989
2025-08-06 13:39:08.442 [korzhovvbot Telegram Executor] INFO  com.example.studentsbot.StudentsBot - Opening directory menu for TsehSerg (ID: 7201674426)
2025-08-06 13:39:08.609 [korzhovvbot Telegram Executor] ERROR com.example.studentsbot.StudentsBot - Ошибка при отправке кнопки меню: Error executing org.telegram.telegrambots.meta.api.methods.send.SendMessage query: [400] Bad Request: text must be non-empty
2025-08-06 13:39:13.323 [korzhovvbot Telegram Executor] DEBUG com.example.studentsbot.StudentsBot - Message from 5765296156: /start
2025-08-06 13:39:13.467 [korzhovvbot Telegram Executor] INFO  USER_ACTIONS - Запустилdepressef5765296156
2025-08-06 13:39:15.148 [korzhovvbot Telegram Executor] DEBUG com.example.studentsbot.StudentsBot - Message from 5765296156: null
2025-08-06 13:39:15.148 [korzhovvbot Telegram Executor] INFO  com.example.studentsbot.db.UserVerification - Checking access: chatId=5765296156, normalizedPhone=79879855502
2025-08-06 13:39:15.193 [korzhovvbot Telegram Executor] INFO  com.example.studentsbot.db.UserVerification - Result: true
2025-08-06 13:39:15.194 [korzhovvbot Telegram Executor] INFO  AUTH_LOGGER - 79879855502
2025-08-06 13:39:15.259 [korzhovvbot Telegram Executor] INFO  com.example.studentsbot.StudentsBot - Opening directory menu for depressef (ID: 5765296156)
2025-08-06 13:39:15.410 [korzhovvbot Telegram Executor] ERROR com.example.studentsbot.StudentsBot - Ошибка при отправке/обновлении меню директории
org.telegram.telegrambots.meta.exceptions.TelegramApiRequestException: Error executing org.telegram.telegrambots.meta.api.methods.updatingmessages.EditMessageText query: [400] Bad Request: message to edit not found
	at org.telegram.telegrambots.meta.api.methods.PartialBotApiMethod.deserializeResponseInternal(PartialBotApiMethod.java:54) ~[telegrambots-meta-6.9.7.1.jar:?]
	at org.telegram.telegrambots.meta.api.methods.PartialBotApiMethod.deserializeResponseSerializable(PartialBotApiMethod.java:44) ~[telegrambots-meta-6.9.7.1.jar:?]
	at org.telegram.telegrambots.meta.api.methods.botapimethods.BotApiMethodSerializable.deserializeResponseFromPossibilities(BotApiMethodSerializable.java:31) ~[telegrambots-meta-6.9.7.1.jar:?]
	at org.telegram.telegrambots.meta.api.methods.botapimethods.BotApiMethodSerializable.deserializeResponseMessageOrBoolean(BotApiMethodSerializable.java:24) ~[telegrambots-meta-6.9.7.1.jar:?]
	at org.telegram.telegrambots.meta.api.methods.updatingmessages.EditMessageText.deserializeResponse(EditMessageText.java:130) ~[telegrambots-meta-6.9.7.1.jar:?]
	at org.telegram.telegrambots.bots.DefaultAbsSender.sendApiMethod(DefaultAbsSender.java:1182) ~[telegrambots-6.9.7.1.jar:?]
	at org.telegram.telegrambots.meta.bots.AbsSender.execute(AbsSender.java:61) ~[telegrambots-meta-6.9.7.1.jar:?]
	at com.example.studentsbot.StudentsBot.sendPrivateDirectoryMenu(StudentsBot.java:649) ~[classes/:?]
	at com.example.studentsbot.StudentsBot.onUpdateReceived(StudentsBot.java:103) ~[classes/:?]
	at java.base/java.util.ArrayList.forEach(ArrayList.java:1597) [?:?]
	at org.telegram.telegrambots.meta.generics.LongPollingBot.onUpdatesReceived(LongPollingBot.java:27) [telegrambots-meta-6.9.7.1.jar:?]
	at org.telegram.telegrambots.updatesreceivers.DefaultBotSession$HandlerThread.run(DefaultBotSession.java:312) [telegrambots-6.9.7.1.jar:?]
2025-08-06 13:39:15.411 [korzhovvbot Telegram Executor] ERROR com.example.studentsbot.StudentsBot - Failed to send or edit menu to 5765296156: Error executing org.telegram.telegrambots.meta.api.methods.updatingmessages.EditMessageText query: [400] Bad Request: message to edit not found
2025-08-06 13:45:45.593 [SpringApplicationShutdownHook] INFO  org.springframework.boot.web.embedded.tomcat.GracefulShutdown - Commencing graceful shutdown. Waiting for active requests to complete
2025-08-06 13:45:45.711 [tomcat-shutdown] INFO  org.springframework.boot.web.embedded.tomcat.GracefulShutdown - Graceful shutdown complete
2025-08-06 13:45:45.857 [SpringApplicationShutdownHook] INFO  org.springframework.orm.jpa.LocalContainerEntityManagerFactoryBean - Closing JPA EntityManagerFactory for persistence unit 'default'
2025-08-06 13:45:45.959 [SpringApplicationShutdownHook] INFO  com.zaxxer.hikari.HikariDataSource - HikariPool-1 - Shutdown initiated...
2025-08-06 13:45:46.003 [SpringApplicationShutdownHook] INFO  com.zaxxer.hikari.HikariDataSource - HikariPool-1 - Shutdown completed.
2025-08-06 13:46:06.392 [main] INFO  com.example.studentsbot.Main - Starting Main using Java 23.0.2 with PID 13484 (C:\Users\Serge\Documents\Bot\Новая папка\stud_tg_tests\StudentsBot\StudentsBot\target\classes started by Serge in C:\Users\Serge\Documents\Bot\Новая папка)
2025-08-06 13:46:06.423 [main] DEBUG com.example.studentsbot.Main - Running with Spring Boot v3.5.0, Spring v6.2.7
2025-08-06 13:46:06.427 [main] INFO  com.example.studentsbot.Main - No active profile set, falling back to 1 default profile: "default"
2025-08-06 13:46:09.411 [main] INFO  org.springframework.data.repository.config.RepositoryConfigurationDelegate - Bootstrapping Spring Data JPA repositories in DEFAULT mode.
2025-08-06 13:46:09.702 [main] INFO  org.springframework.data.repository.config.RepositoryConfigurationDelegate - Finished Spring Data repository scanning in 252 ms. Found 2 JPA repository interfaces.
2025-08-06 13:46:12.472 [main] INFO  org.springframework.boot.web.embedded.tomcat.TomcatWebServer - Tomcat initialized with port 8080 (http)
2025-08-06 13:46:12.527 [main] INFO  org.apache.coyote.http11.Http11NioProtocol - Initializing ProtocolHandler ["http-nio-0.0.0.0-8080"]
2025-08-06 13:46:12.532 [main] INFO  org.apache.catalina.core.StandardService - Starting service [Tomcat]
2025-08-06 13:46:12.534 [main] INFO  org.apache.catalina.core.StandardEngine - Starting Servlet engine: [Apache Tomcat/10.1.41]
2025-08-06 13:46:12.801 [main] INFO  org.apache.catalina.core.ContainerBase.[Tomcat].[localhost].[/] - Initializing Spring embedded WebApplicationContext
2025-08-06 13:46:12.806 [main] INFO  org.springframework.boot.web.servlet.context.ServletWebServerApplicationContext - Root WebApplicationContext: initialization completed in 6122 ms
2025-08-06 13:46:13.423 [main] INFO  com.zaxxer.hikari.HikariDataSource - HikariPool-1 - Starting...
2025-08-06 13:46:14.043 [main] INFO  com.zaxxer.hikari.pool.HikariPool - HikariPool-1 - Added connection org.postgresql.jdbc.PgConnection@4a660b34
2025-08-06 13:46:14.045 [main] INFO  com.zaxxer.hikari.HikariDataSource - HikariPool-1 - Start completed.
2025-08-06 13:46:14.564 [main] INFO  liquibase.database - Set default schema name to public
2025-08-06 13:46:16.179 [main] INFO  liquibase.changelog - Reading from public.databasechangelog
2025-08-06 13:46:16.449 [main] INFO  liquibase.ui - Database is up to date, no changesets to execute
2025-08-06 13:46:16.464 [main] INFO  liquibase.changelog - Reading from public.databasechangelog
2025-08-06 13:46:16.498 [main] INFO  liquibase.util - UPDATE SUMMARY
2025-08-06 13:46:16.498 [main] INFO  liquibase.util - Run:                          0
2025-08-06 13:46:16.498 [main] INFO  liquibase.util - Previously run:               4
2025-08-06 13:46:16.499 [main] INFO  liquibase.util - Filtered out:                 0
2025-08-06 13:46:16.499 [main] INFO  liquibase.util - -------------------------------
2025-08-06 13:46:16.499 [main] INFO  liquibase.util - Total change sets:            4
2025-08-06 13:46:16.501 [main] INFO  liquibase.util - Update summary generated
2025-08-06 13:46:16.505 [main] INFO  liquibase.command - Command execution complete
2025-08-06 13:46:18.088 [main] INFO  org.hibernate.jpa.internal.util.LogHelper - HHH000204: Processing PersistenceUnitInfo [name: default]
2025-08-06 13:46:18.307 [main] INFO  org.hibernate.Version - HHH000412: Hibernate ORM core version 6.6.15.Final
2025-08-06 13:46:18.432 [main] INFO  org.hibernate.cache.internal.RegionFactoryInitiator - HHH000026: Second-level cache disabled
2025-08-06 13:46:19.272 [main] INFO  org.springframework.orm.jpa.persistenceunit.SpringPersistenceUnitInfo - No LoadTimeWeaver setup: ignoring JPA class transformer
2025-08-06 13:46:19.540 [main] INFO  org.hibernate.orm.connections.pooling - HHH10001005: Database info:
	Database JDBC URL [Connecting through datasource 'HikariDataSource (HikariPool-1)']
	Database driver: undefined/unknown
	Database version: 17.5
	Autocommit mode: undefined/unknown
	Isolation level: undefined/unknown
	Minimum pool size: undefined/unknown
	Maximum pool size: undefined/unknown
2025-08-06 13:46:21.476 [main] INFO  org.hibernate.engine.transaction.jta.platform.internal.JtaPlatformInitiator - HHH000489: No JTA platform available (set 'hibernate.transaction.jta.platform' to enable JTA platform integration)
2025-08-06 13:46:21.599 [main] INFO  org.springframework.orm.jpa.LocalContainerEntityManagerFactoryBean - Initialized JPA EntityManagerFactory for persistence unit 'default'
2025-08-06 13:46:23.215 [main] WARN  org.springframework.boot.autoconfigure.orm.jpa.JpaBaseConfiguration$JpaWebConfiguration - spring.jpa.open-in-view is enabled by default. Therefore, database queries may be performed during view rendering. Explicitly configure spring.jpa.open-in-view to disable this warning
2025-08-06 13:46:23.290 [main] INFO  org.springframework.boot.autoconfigure.web.servlet.WelcomePageHandlerMapping - Adding welcome page: class path resource [static/index.html]
2025-08-06 13:46:24.033 [main] INFO  org.springframework.security.config.annotation.authentication.configuration.InitializeUserDetailsBeanManagerConfigurer$InitializeUserDetailsManagerConfigurer - Global AuthenticationManager configured with UserDetailsService bean with name userDetailsService
2025-08-06 13:46:24.546 [main] INFO  org.springframework.validation.beanvalidation.OptionalValidatorFactoryBean - Failed to set up a Bean Validation provider: jakarta.validation.NoProviderFoundException: Unable to create a Configuration, because no Jakarta Bean Validation provider could be found. Add a provider like Hibernate Validator (RI) to your classpath.
2025-08-06 13:46:25.032 [main] INFO  org.apache.coyote.http11.Http11NioProtocol - Starting ProtocolHandler ["http-nio-0.0.0.0-8080"]
2025-08-06 13:46:25.084 [main] INFO  org.springframework.boot.web.embedded.tomcat.TomcatWebServer - Tomcat started on port 8080 (http) with context path '/'
2025-08-06 13:46:25.106 [main] INFO  com.example.studentsbot.Main - Started Main in 20.321 seconds (process running for 23.564)
2025-08-06 13:46:28.536 [korzhovvbot Telegram Executor] DEBUG com.example.studentsbot.StudentsBot - Message from 7201674426: /start
2025-08-06 13:46:29.648 [korzhovvbot Telegram Executor] INFO  USER_ACTIONS - ЗапустилTsehSerg7201674426
2025-08-06 13:46:31.414 [korzhovvbot Telegram Executor] DEBUG com.example.studentsbot.StudentsBot - Message from 7201674426: null
2025-08-06 13:46:31.460 [korzhovvbot Telegram Executor] INFO  com.example.studentsbot.db.UserVerification - Checking access: chatId=7201674426, normalizedPhone=79312610989
2025-08-06 13:46:31.492 [korzhovvbot Telegram Executor] INFO  com.example.studentsbot.db.UserVerification - Result: true
2025-08-06 13:46:31.492 [korzhovvbot Telegram Executor] INFO  AUTH_LOGGER - 79312610989
2025-08-06 13:47:35.854 [korzhovvbot Telegram Executor] DEBUG com.example.studentsbot.StudentsBot - Message from 5765296156: /start
2025-08-06 13:47:36.134 [korzhovvbot Telegram Executor] INFO  USER_ACTIONS - Запустилdepressef5765296156
2025-08-06 13:47:37.740 [korzhovvbot Telegram Executor] DEBUG com.example.studentsbot.StudentsBot - Message from 5765296156: null
2025-08-06 13:47:37.769 [korzhovvbot Telegram Executor] INFO  com.example.studentsbot.db.UserVerification - Checking access: chatId=5765296156, normalizedPhone=79879855502
2025-08-06 13:47:37.784 [korzhovvbot Telegram Executor] INFO  com.example.studentsbot.db.UserVerification - Result: true
2025-08-06 13:47:37.785 [korzhovvbot Telegram Executor] INFO  AUTH_LOGGER - 79879855502
2025-08-06 13:48:06.738 [korzhovvbot Telegram Executor] INFO  NAVIGATION_LOGGER - User 5765296156 action: dir:Waiter
2025-08-06 13:48:06.772 [korzhovvbot Telegram Executor] INFO  USER_ACTIONS - Перешел в @depressef (ID: 5765296156): dir:Waiter
2025-08-06 13:48:06.957 [korzhovvbot Telegram Executor] DEBUG com.example.studentsbot.StudentsBot - Callback from 5765296156: dir:Waiter
2025-08-06 13:48:39.631 [korzhovvbot Telegram Executor] INFO  NAVIGATION_LOGGER - User 5765296156 action: dir:testDir
2025-08-06 13:48:39.669 [korzhovvbot Telegram Executor] INFO  USER_ACTIONS - Перешел в @depressef (ID: 5765296156): dir:testDir
2025-08-06 13:48:39.813 [korzhovvbot Telegram Executor] DEBUG com.example.studentsbot.StudentsBot - Callback from 5765296156: dir:testDir
2025-08-06 14:14:58.611 [korzhovvbot Telegram Executor] INFO  NAVIGATION_LOGGER - User 5765296156 action: file:Тест1.txt
2025-08-06 14:14:58.974 [korzhovvbot Telegram Executor] DEBUG com.example.studentsbot.StudentsBot - Callback from 5765296156: file:Тест1.txt
2025-08-06 14:16:31.070 [korzhovvbot Telegram Executor] INFO  NAVIGATION_LOGGER - User 5765296156 action: Венера
2025-08-06 14:16:31.469 [korzhovvbot Telegram Executor] DEBUG com.example.studentsbot.StudentsBot - Callback from 5765296156: Венера
2025-08-06 14:17:13.470 [korzhovvbot Telegram Executor] INFO  NAVIGATION_LOGGER - User 5765296156 action: Париж
2025-08-06 14:17:13.693 [korzhovvbot Telegram Executor] DEBUG com.example.studentsbot.StudentsBot - Callback from 5765296156: Париж
2025-08-06 14:17:44.458 [korzhovvbot Telegram Executor] INFO  NAVIGATION_LOGGER - User 5765296156 action: 1939
2025-08-06 14:17:44.756 [korzhovvbot Telegram Executor] DEBUG com.example.studentsbot.StudentsBot - Callback from 5765296156: 1939
2025-08-06 14:19:21.699 [korzhovvbot Telegram Executor] INFO  NAVIGATION_LOGGER - User 5765296156 action: H2O
2025-08-06 14:19:22.044 [korzhovvbot Telegram Executor] DEBUG com.example.studentsbot.StudentsBot - Callback from 5765296156: H2O
2025-08-06 14:19:28.986 [korzhovvbot Telegram Executor] INFO  NAVIGATION_LOGGER - User 5765296156 action: Толстой
2025-08-06 14:19:29.241 [korzhovvbot Telegram Executor] DEBUG com.example.studentsbot.StudentsBot - Callback from 5765296156: Толстой
2025-08-06 14:19:43.485 [korzhovvbot Telegram Executor] DEBUG com.example.studentsbot.StudentsBot - Message from 5765296156: /меню
2025-08-06 16:23:19.103 [korzhovvbot Telegram Executor] INFO  NAVIGATION_LOGGER - User 7201674426 action: dir:Admin
2025-08-06 16:23:19.200 [korzhovvbot Telegram Executor] INFO  USER_ACTIONS - Перешел в @TsehSerg (ID: 7201674426): dir:Admin
2025-08-06 16:23:19.425 [korzhovvbot Telegram Executor] DEBUG com.example.studentsbot.StudentsBot - Callback from 7201674426: dir:Admin
2025-08-06 16:23:22.397 [korzhovvbot Telegram Executor] INFO  NAVIGATION_LOGGER - User 7201674426 action: ..
2025-08-06 16:23:22.589 [korzhovvbot Telegram Executor] DEBUG com.example.studentsbot.StudentsBot - Callback from 7201674426: ..
2025-08-06 16:23:24.104 [korzhovvbot Telegram Executor] INFO  NAVIGATION_LOGGER - User 7201674426 action: ..
2025-08-06 16:23:24.323 [korzhovvbot Telegram Executor] DEBUG com.example.studentsbot.StudentsBot - Callback from 7201674426: ..
2025-08-06 16:23:25.478 [korzhovvbot Telegram Executor] INFO  NAVIGATION_LOGGER - User 7201674426 action: ..
2025-08-06 16:23:25.615 [korzhovvbot Telegram Executor] DEBUG com.example.studentsbot.StudentsBot - Callback from 7201674426: ..
2025-08-06 16:23:26.984 [korzhovvbot Telegram Executor] INFO  NAVIGATION_LOGGER - User 7201674426 action: dir:Barmen
2025-08-06 16:23:27.064 [korzhovvbot Telegram Executor] INFO  USER_ACTIONS - Перешел в @TsehSerg (ID: 7201674426): dir:Barmen
2025-08-06 16:23:27.182 [korzhovvbot Telegram Executor] DEBUG com.example.studentsbot.StudentsBot - Callback from 7201674426: dir:Barmen
2025-08-06 16:23:50.517 [korzhovvbot Telegram Executor] DEBUG com.example.studentsbot.StudentsBot - Message from 309999570: 🔄 Start
2025-08-06 16:23:57.914 [korzhovvbot Telegram Executor] DEBUG com.example.studentsbot.StudentsBot - Message from 309999570: +79218747218
2025-08-06 16:27:15.442 [korzhovvbot Telegram Executor] INFO  NAVIGATION_LOGGER - User 309999570 action: ..
2025-08-06 16:27:15.696 [korzhovvbot Telegram Executor] DEBUG com.example.studentsbot.StudentsBot - Callback from 309999570: ..
2025-08-06 16:27:18.028 [korzhovvbot Telegram Executor] INFO  NAVIGATION_LOGGER - User 309999570 action: dir:Admin2
2025-08-06 16:27:18.217 [korzhovvbot Telegram Executor] DEBUG com.example.studentsbot.StudentsBot - Callback from 309999570: dir:Admin2
2025-08-06 16:28:20.494 [korzhovvbot Telegram Executor] DEBUG com.example.studentsbot.StudentsBot - Message from 309999570: /start
2025-08-06 16:28:20.744 [korzhovvbot Telegram Executor] INFO  USER_ACTIONS - ЗапустилhappinessCorporation22309999570
2025-08-06 16:28:29.582 [korzhovvbot Telegram Executor] DEBUG com.example.studentsbot.StudentsBot - Message from 309999570: null
2025-08-06 16:28:29.639 [korzhovvbot Telegram Executor] INFO  com.example.studentsbot.db.UserVerification - Checking access: chatId=309999570, normalizedPhone=79218747218
2025-08-06 16:28:29.690 [korzhovvbot Telegram Executor] INFO  com.example.studentsbot.db.UserVerification - Result: false
2025-08-06 16:28:29.934 [korzhovvbot Telegram Executor] INFO  AUTH_LOGGER - +79218747218
2025-08-06 16:29:21.413 [http-nio-0.0.0.0-8080-exec-1] INFO  org.apache.catalina.core.ContainerBase.[Tomcat].[localhost].[/] - Initializing Spring DispatcherServlet 'dispatcherServlet'
2025-08-06 16:29:21.418 [http-nio-0.0.0.0-8080-exec-1] INFO  org.springframework.web.servlet.DispatcherServlet - Initializing Servlet 'dispatcherServlet'
2025-08-06 16:29:21.535 [http-nio-0.0.0.0-8080-exec-1] INFO  org.springframework.web.servlet.DispatcherServlet - Completed initialization in 117 ms
2025-08-06 16:29:22.248 [http-nio-0.0.0.0-8080-exec-1] INFO  com.example.studentsbot.controllers.UsersControllers - Received DTO: DTOUser{id=null, userNumber='79218747218', roleId=2, chatId=309999570, roleName='null'}
2025-08-06 16:29:22.253 [http-nio-0.0.0.0-8080-exec-1] INFO  com.example.studentsbot.services.UserCRUDServices - Create
2025-08-06 16:29:22.781 [http-nio-0.0.0.0-8080-exec-2] INFO  com.example.studentsbot.services.UserCRUDServices - Get All
2025-08-06 16:31:23.805 [korzhovvbot Telegram Executor] DEBUG com.example.studentsbot.StudentsBot - Message from 309999570: /start
2025-08-06 16:31:24.129 [korzhovvbot Telegram Executor] INFO  USER_ACTIONS - ЗапустилhappinessCorporation22309999570
2025-08-06 16:31:26.262 [korzhovvbot Telegram Executor] DEBUG com.example.studentsbot.StudentsBot - Message from 309999570: null
2025-08-06 16:31:26.310 [korzhovvbot Telegram Executor] INFO  com.example.studentsbot.db.UserVerification - Checking access: chatId=309999570, normalizedPhone=79218747218
2025-08-06 16:31:26.332 [korzhovvbot Telegram Executor] INFO  com.example.studentsbot.db.UserVerification - Result: true
2025-08-06 16:31:26.332 [korzhovvbot Telegram Executor] INFO  AUTH_LOGGER - +79218747218
2025-08-06 16:31:53.354 [korzhovvbot Telegram Executor] INFO  NAVIGATION_LOGGER - User 309999570 action: file:Для бармена.docx
2025-08-06 16:31:53.390 [korzhovvbot Telegram Executor] INFO  USER_ACTIONS - Перешел в @happinessCorporation22 (ID: 309999570): file:Для бармена.docx
2025-08-06 16:31:55.622 [korzhovvbot Telegram Executor] DEBUG com.example.studentsbot.StudentsBot - Callback from 309999570: file:Для бармена.docx
2025-08-06 16:33:27.811 [korzhovvbot Telegram Executor] INFO  NAVIGATION_LOGGER - User 7201674426 action: file:История кофе.docx
2025-08-06 16:33:27.841 [korzhovvbot Telegram Executor] INFO  USER_ACTIONS - Перешел в @TsehSerg (ID: 7201674426): file:История кофе.docx
2025-08-06 16:33:28.912 [korzhovvbot Telegram Executor] DEBUG com.example.studentsbot.StudentsBot - Callback from 7201674426: file:История кофе.docx
2025-08-06 17:15:29.126 [korzhovvbot Telegram Executor] DEBUG com.example.studentsbot.StudentsBot - Message from 1143513575: 89650577707
2025-08-06 21:15:09.317 [SpringApplicationShutdownHook] INFO  org.springframework.boot.web.embedded.tomcat.GracefulShutdown - Commencing graceful shutdown. Waiting for active requests to complete
2025-08-06 21:15:09.384 [tomcat-shutdown] INFO  org.springframework.boot.web.embedded.tomcat.GracefulShutdown - Graceful shutdown complete
2025-08-06 21:15:09.451 [SpringApplicationShutdownHook] INFO  org.springframework.orm.jpa.LocalContainerEntityManagerFactoryBean - Closing JPA EntityManagerFactory for persistence unit 'default'
2025-08-06 21:15:09.586 [SpringApplicationShutdownHook] INFO  com.zaxxer.hikari.HikariDataSource - HikariPool-1 - Shutdown initiated...
2025-08-06 21:15:09.615 [SpringApplicationShutdownHook] INFO  com.zaxxer.hikari.HikariDataSource - HikariPool-1 - Shutdown completed.
2025-08-06 22:03:13.093 [main] ERROR org.springframework.boot.diagnostics.LoggingFailureAnalysisReporter - 

***************************
APPLICATION FAILED TO START
***************************

Description:

Config data resource 'file [\home\sergey\conf.yml]' via location 'file:/home/sergey//conf.yml' does not exist

Action:

Check that the value 'file:/home/sergey//conf.yml' is correct, or prefix it with 'optional:'

2025-08-06 22:04:02.194 [main] INFO  com.example.studentsbot.Main - Starting Main using Java 23.0.2 with PID 6748 (C:\Users\Serge\Documents\Bot\Новая папка\stud_tg_tests\StudentsBot\StudentsBot\target\classes started by Serge in C:\Users\Serge\Documents\Bot\Новая папка\stud_tg_tests)
2025-08-06 22:04:02.234 [main] DEBUG com.example.studentsbot.Main - Running with Spring Boot v3.5.0, Spring v6.2.7
2025-08-06 22:04:02.243 [main] INFO  com.example.studentsbot.Main - No active profile set, falling back to 1 default profile: "default"
2025-08-06 22:04:05.195 [main] INFO  org.springframework.data.repository.config.RepositoryConfigurationDelegate - Bootstrapping Spring Data JPA repositories in DEFAULT mode.
2025-08-06 22:04:05.426 [main] INFO  org.springframework.data.repository.config.RepositoryConfigurationDelegate - Finished Spring Data repository scanning in 199 ms. Found 2 JPA repository interfaces.
2025-08-06 22:04:07.475 [main] INFO  org.springframework.boot.web.embedded.tomcat.TomcatWebServer - Tomcat initialized with port 8080 (http)
2025-08-06 22:04:07.525 [main] INFO  org.apache.coyote.http11.Http11NioProtocol - Initializing ProtocolHandler ["http-nio-0.0.0.0-8080"]
2025-08-06 22:04:07.532 [main] INFO  org.apache.catalina.core.StandardService - Starting service [Tomcat]
2025-08-06 22:04:07.533 [main] INFO  org.apache.catalina.core.StandardEngine - Starting Servlet engine: [Apache Tomcat/10.1.41]
2025-08-06 22:04:07.791 [main] INFO  org.apache.catalina.core.ContainerBase.[Tomcat].[localhost].[/] - Initializing Spring embedded WebApplicationContext
2025-08-06 22:04:07.794 [main] INFO  org.springframework.boot.web.servlet.context.ServletWebServerApplicationContext - Root WebApplicationContext: initialization completed in 5262 ms
2025-08-06 22:04:08.395 [main] INFO  com.zaxxer.hikari.HikariDataSource - HikariPool-1 - Starting...
2025-08-06 22:04:09.125 [main] INFO  com.zaxxer.hikari.pool.HikariPool - HikariPool-1 - Added connection org.postgresql.jdbc.PgConnection@1d1bf7bf
2025-08-06 22:04:09.128 [main] INFO  com.zaxxer.hikari.HikariDataSource - HikariPool-1 - Start completed.
2025-08-06 22:04:09.650 [main] INFO  liquibase.database - Set default schema name to public
2025-08-06 22:04:11.208 [main] INFO  liquibase.changelog - Reading from public.databasechangelog
2025-08-06 22:04:11.777 [main] INFO  liquibase.ui - Database is up to date, no changesets to execute
2025-08-06 22:04:11.796 [main] INFO  liquibase.changelog - Reading from public.databasechangelog
2025-08-06 22:04:11.833 [main] INFO  liquibase.util - UPDATE SUMMARY
2025-08-06 22:04:11.834 [main] INFO  liquibase.util - Run:                          0
2025-08-06 22:04:11.834 [main] INFO  liquibase.util - Previously run:               4
2025-08-06 22:04:11.835 [main] INFO  liquibase.util - Filtered out:                 0
2025-08-06 22:04:11.836 [main] INFO  liquibase.util - -------------------------------
2025-08-06 22:04:11.836 [main] INFO  liquibase.util - Total change sets:            4
2025-08-06 22:04:11.838 [main] INFO  liquibase.util - Update summary generated
2025-08-06 22:04:11.844 [main] INFO  liquibase.command - Command execution complete
2025-08-06 22:04:13.278 [main] INFO  org.hibernate.jpa.internal.util.LogHelper - HHH000204: Processing PersistenceUnitInfo [name: default]
2025-08-06 22:04:13.528 [main] INFO  org.hibernate.Version - HHH000412: Hibernate ORM core version 6.6.15.Final
2025-08-06 22:04:13.658 [main] INFO  org.hibernate.cache.internal.RegionFactoryInitiator - HHH000026: Second-level cache disabled
2025-08-06 22:04:14.658 [main] INFO  org.springframework.orm.jpa.persistenceunit.SpringPersistenceUnitInfo - No LoadTimeWeaver setup: ignoring JPA class transformer
2025-08-06 22:04:14.950 [main] INFO  org.hibernate.orm.connections.pooling - HHH10001005: Database info:
	Database JDBC URL [Connecting through datasource 'HikariDataSource (HikariPool-1)']
	Database driver: undefined/unknown
	Database version: 17.5
	Autocommit mode: undefined/unknown
	Isolation level: undefined/unknown
	Minimum pool size: undefined/unknown
	Maximum pool size: undefined/unknown
2025-08-06 22:04:16.877 [main] INFO  org.hibernate.engine.transaction.jta.platform.internal.JtaPlatformInitiator - HHH000489: No JTA platform available (set 'hibernate.transaction.jta.platform' to enable JTA platform integration)
2025-08-06 22:04:16.998 [main] INFO  org.springframework.orm.jpa.LocalContainerEntityManagerFactoryBean - Initialized JPA EntityManagerFactory for persistence unit 'default'
2025-08-06 22:04:18.570 [main] WARN  org.springframework.boot.autoconfigure.orm.jpa.JpaBaseConfiguration$JpaWebConfiguration - spring.jpa.open-in-view is enabled by default. Therefore, database queries may be performed during view rendering. Explicitly configure spring.jpa.open-in-view to disable this warning
2025-08-06 22:04:18.641 [main] INFO  org.springframework.boot.autoconfigure.web.servlet.WelcomePageHandlerMapping - Adding welcome page: class path resource [static/index.html]
2025-08-06 22:04:19.457 [main] INFO  org.springframework.security.config.annotation.authentication.configuration.InitializeUserDetailsBeanManagerConfigurer$InitializeUserDetailsManagerConfigurer - Global AuthenticationManager configured with UserDetailsService bean with name userDetailsService
2025-08-06 22:04:19.927 [main] INFO  org.springframework.validation.beanvalidation.OptionalValidatorFactoryBean - Failed to set up a Bean Validation provider: jakarta.validation.NoProviderFoundException: Unable to create a Configuration, because no Jakarta Bean Validation provider could be found. Add a provider like Hibernate Validator (RI) to your classpath.
2025-08-06 22:04:20.455 [main] INFO  org.apache.coyote.http11.Http11NioProtocol - Starting ProtocolHandler ["http-nio-0.0.0.0-8080"]
2025-08-06 22:04:20.505 [main] INFO  org.springframework.boot.web.embedded.tomcat.TomcatWebServer - Tomcat started on port 8080 (http) with context path '/'
2025-08-06 22:04:20.525 [main] INFO  com.example.studentsbot.Main - Started Main in 19.654 seconds (process running for 22.356)
2025-08-06 22:04:33.235 [korzhovvbot Telegram Executor] DEBUG com.example.studentsbot.StudentsBot - Message from 7201674426: /start
2025-08-06 22:04:34.122 [korzhovvbot Telegram Executor] INFO  USER_ACTIONS - ЗапустилTsehSerg7201674426
2025-08-06 22:04:35.920 [korzhovvbot Telegram Executor] DEBUG com.example.studentsbot.StudentsBot - Message from 7201674426: null
2025-08-06 22:04:35.957 [korzhovvbot Telegram Executor] INFO  com.example.studentsbot.db.UserVerification - Checking access: chatId=7201674426, normalizedPhone=79312610989
2025-08-06 22:04:35.991 [korzhovvbot Telegram Executor] INFO  com.example.studentsbot.db.UserVerification - Result: true
2025-08-06 22:04:35.992 [korzhovvbot Telegram Executor] INFO  AUTH_LOGGER - 79312610989
2025-08-06 22:11:23.631 [SpringApplicationShutdownHook] INFO  org.springframework.boot.web.embedded.tomcat.GracefulShutdown - Commencing graceful shutdown. Waiting for active requests to complete
2025-08-06 22:11:23.651 [tomcat-shutdown] INFO  org.springframework.boot.web.embedded.tomcat.GracefulShutdown - Graceful shutdown complete
2025-08-06 22:11:23.657 [SpringApplicationShutdownHook] INFO  org.springframework.orm.jpa.LocalContainerEntityManagerFactoryBean - Closing JPA EntityManagerFactory for persistence unit 'default'
2025-08-06 22:11:23.662 [SpringApplicationShutdownHook] INFO  com.zaxxer.hikari.HikariDataSource - HikariPool-1 - Shutdown initiated...
2025-08-06 22:11:23.668 [SpringApplicationShutdownHook] INFO  com.zaxxer.hikari.HikariDataSource - HikariPool-1 - Shutdown completed.
