2025-07-31 12:43:27.353 [main] INFO  com.example.studentsbot.Main - Starting Main using Java 23.0.2 with PID 15480 (C:\Users\Serge\Documents\Bot\work\stud_tg\StudentsBot\StudentsBot\target\classes started by Serge in C:\Users\Serge\Documents\Bot\work\stud_tg)
2025-07-31 12:43:27.399 [main] INFO  com.example.studentsbot.Main - No active profile set, falling back to 1 default profile: "default"
2025-07-31 12:43:30.063 [main] INFO  org.springframework.data.repository.config.RepositoryConfigurationDelegate - Bootstrapping Spring Data JPA repositories in DEFAULT mode.
2025-07-31 12:43:30.215 [main] INFO  org.springframework.data.repository.config.RepositoryConfigurationDelegate - Finished Spring Data repository scanning in 137 ms. Found 2 JPA repository interfaces.
2025-07-31 12:43:32.563 [main] INFO  org.springframework.boot.web.embedded.tomcat.TomcatWebServer - Tomcat initialized with port 8080 (http)
2025-07-31 12:43:32.593 [main] INFO  org.apache.coyote.http11.Http11NioProtocol - Initializing ProtocolHandler ["http-nio-8080"]
2025-07-31 12:43:32.609 [main] INFO  org.apache.catalina.core.StandardService - Starting service [Tomcat]
2025-07-31 12:43:32.609 [main] INFO  org.apache.catalina.core.StandardEngine - Starting Servlet engine: [Apache Tomcat/10.1.41]
2025-07-31 12:43:32.867 [main] INFO  org.apache.catalina.core.ContainerBase.[Tomcat].[localhost].[/] - Initializing Spring embedded WebApplicationContext
2025-07-31 12:43:32.867 [main] INFO  org.springframework.boot.web.servlet.context.ServletWebServerApplicationContext - Root WebApplicationContext: initialization completed in 5225 ms
2025-07-31 12:43:33.238 [main] WARN  org.springframework.boot.web.servlet.context.AnnotationConfigServletWebServerApplicationContext - Exception encountered during context initialization - cancelling refresh attempt: org.springframework.beans.factory.BeanCreationException: Error creating bean with name 'entityManagerFactory' defined in class path resource [org/springframework/boot/autoconfigure/orm/jpa/HibernateJpaConfiguration.class]: Failed to initialize dependency 'liquibase' of LoadTimeWeaverAware bean 'entityManagerFactory': Error creating bean with name 'liquibase' defined in class path resource [org/springframework/boot/autoconfigure/liquibase/LiquibaseAutoConfiguration$LiquibaseConfiguration.class]: Failed to instantiate [liquibase.integration.spring.SpringLiquibase]: Factory method 'liquibase' threw exception with message: Error creating bean with name 'dataSource' defined in class path resource [org/springframework/boot/autoconfigure/jdbc/DataSourceConfiguration$Hikari.class]: Failed to instantiate [com.zaxxer.hikari.HikariDataSource]: Factory method 'dataSource' threw exception with message: Failed to determine a suitable driver class
2025-07-31 12:43:33.256 [main] INFO  org.apache.catalina.core.StandardService - Stopping service [Tomcat]
2025-07-31 12:43:33.405 [main] INFO  org.springframework.boot.autoconfigure.logging.ConditionEvaluationReportLogger - 

Error starting ApplicationContext. To display the condition evaluation report re-run your application with 'debug' enabled.
2025-07-31 12:43:33.502 [main] ERROR org.springframework.boot.diagnostics.LoggingFailureAnalysisReporter - 

***************************
APPLICATION FAILED TO START
***************************

Description:

Failed to configure a DataSource: 'url' attribute is not specified and no embedded datasource could be configured.

Reason: Failed to determine a suitable driver class


Action:

Consider the following:
	If you want an embedded database (H2, HSQL or Derby), please put it on the classpath.
	If you have database settings to be loaded from a particular profile you may need to activate it (no profiles are currently active).

2025-07-31 12:45:32.001 [main] INFO  com.example.studentsbot.Main - Starting Main using Java 23.0.2 with PID 12008 (C:\Users\Serge\Documents\Bot\work\stud_tg\StudentsBot\StudentsBot\target\classes started by Serge in C:\Users\Serge\Documents\Bot\work\stud_tg)
2025-07-31 12:45:32.050 [main] INFO  com.example.studentsbot.Main - No active profile set, falling back to 1 default profile: "default"
2025-07-31 12:45:34.609 [main] INFO  org.springframework.data.repository.config.RepositoryConfigurationDelegate - Bootstrapping Spring Data JPA repositories in DEFAULT mode.
2025-07-31 12:45:34.761 [main] INFO  org.springframework.data.repository.config.RepositoryConfigurationDelegate - Finished Spring Data repository scanning in 123 ms. Found 2 JPA repository interfaces.
2025-07-31 12:45:36.376 [main] INFO  org.springframework.boot.web.embedded.tomcat.TomcatWebServer - Tomcat initialized with port 8080 (http)
2025-07-31 12:45:36.412 [main] INFO  org.apache.coyote.http11.Http11NioProtocol - Initializing ProtocolHandler ["http-nio-8080"]
2025-07-31 12:45:36.412 [main] INFO  org.apache.catalina.core.StandardService - Starting service [Tomcat]
2025-07-31 12:45:36.412 [main] INFO  org.apache.catalina.core.StandardEngine - Starting Servlet engine: [Apache Tomcat/10.1.41]
2025-07-31 12:45:36.662 [main] INFO  org.apache.catalina.core.ContainerBase.[Tomcat].[localhost].[/] - Initializing Spring embedded WebApplicationContext
2025-07-31 12:45:36.668 [main] INFO  org.springframework.boot.web.servlet.context.ServletWebServerApplicationContext - Root WebApplicationContext: initialization completed in 4314 ms
2025-07-31 12:45:36.914 [main] WARN  org.springframework.boot.web.servlet.context.AnnotationConfigServletWebServerApplicationContext - Exception encountered during context initialization - cancelling refresh attempt: org.springframework.beans.factory.BeanCreationException: Error creating bean with name 'entityManagerFactory' defined in class path resource [org/springframework/boot/autoconfigure/orm/jpa/HibernateJpaConfiguration.class]: Failed to initialize dependency 'liquibase' of LoadTimeWeaverAware bean 'entityManagerFactory': Error creating bean with name 'liquibase' defined in class path resource [org/springframework/boot/autoconfigure/liquibase/LiquibaseAutoConfiguration$LiquibaseConfiguration.class]: Failed to instantiate [liquibase.integration.spring.SpringLiquibase]: Factory method 'liquibase' threw exception with message: Error creating bean with name 'dataSource' defined in class path resource [org/springframework/boot/autoconfigure/jdbc/DataSourceConfiguration$Hikari.class]: Failed to instantiate [com.zaxxer.hikari.HikariDataSource]: Factory method 'dataSource' threw exception with message: Failed to determine a suitable driver class
2025-07-31 12:45:36.922 [main] INFO  org.apache.catalina.core.StandardService - Stopping service [Tomcat]
2025-07-31 12:45:37.024 [main] INFO  org.springframework.boot.autoconfigure.logging.ConditionEvaluationReportLogger - 

Error starting ApplicationContext. To display the condition evaluation report re-run your application with 'debug' enabled.
2025-07-31 12:45:37.080 [main] ERROR org.springframework.boot.diagnostics.LoggingFailureAnalysisReporter - 

***************************
APPLICATION FAILED TO START
***************************

Description:

Failed to configure a DataSource: 'url' attribute is not specified and no embedded datasource could be configured.

Reason: Failed to determine a suitable driver class


Action:

Consider the following:
	If you want an embedded database (H2, HSQL or Derby), please put it on the classpath.
	If you have database settings to be loaded from a particular profile you may need to activate it (no profiles are currently active).

2025-07-31 12:51:16.486 [main] ERROR org.springframework.boot.diagnostics.LoggingFailureAnalysisReporter - 

***************************
APPLICATION FAILED TO START
***************************

Description:

Failed to bind properties under 'spring.config' to org.springframework.boot.context.config.ConfigDataProperties:

    Reason: org.springframework.core.convert.ConverterNotFoundException: No converter found capable of converting from type [java.lang.String] to type [org.springframework.boot.context.config.ConfigDataProperties]

Action:

Update your application's configuration

2025-07-31 12:54:27.741 [main] INFO  com.example.studentsbot.Main - Starting Main using Java 23.0.2 with PID 10964 (C:\Users\Serge\Documents\Bot\work\stud_tg\StudentsBot\StudentsBot\target\classes started by Serge in C:\Users\Serge\Documents\Bot\work\stud_tg)
2025-07-31 12:54:27.779 [main] INFO  com.example.studentsbot.Main - No active profile set, falling back to 1 default profile: "default"
2025-07-31 12:54:30.262 [main] INFO  org.springframework.data.repository.config.RepositoryConfigurationDelegate - Bootstrapping Spring Data JPA repositories in DEFAULT mode.
2025-07-31 12:54:30.460 [main] INFO  org.springframework.data.repository.config.RepositoryConfigurationDelegate - Finished Spring Data repository scanning in 171 ms. Found 2 JPA repository interfaces.
2025-07-31 12:54:32.297 [main] INFO  org.springframework.boot.web.embedded.tomcat.TomcatWebServer - Tomcat initialized with port 8080 (http)
2025-07-31 12:54:32.332 [main] INFO  org.apache.coyote.http11.Http11NioProtocol - Initializing ProtocolHandler ["http-nio-8080"]
2025-07-31 12:54:32.347 [main] INFO  org.apache.catalina.core.StandardService - Starting service [Tomcat]
2025-07-31 12:54:32.347 [main] INFO  org.apache.catalina.core.StandardEngine - Starting Servlet engine: [Apache Tomcat/10.1.41]
2025-07-31 12:54:32.580 [main] INFO  org.apache.catalina.core.ContainerBase.[Tomcat].[localhost].[/] - Initializing Spring embedded WebApplicationContext
2025-07-31 12:54:32.587 [main] INFO  org.springframework.boot.web.servlet.context.ServletWebServerApplicationContext - Root WebApplicationContext: initialization completed in 4626 ms
2025-07-31 12:54:32.885 [main] WARN  org.springframework.boot.web.servlet.context.AnnotationConfigServletWebServerApplicationContext - Exception encountered during context initialization - cancelling refresh attempt: org.springframework.beans.factory.BeanCreationException: Error creating bean with name 'entityManagerFactory' defined in class path resource [org/springframework/boot/autoconfigure/orm/jpa/HibernateJpaConfiguration.class]: Failed to initialize dependency 'liquibase' of LoadTimeWeaverAware bean 'entityManagerFactory': Error creating bean with name 'liquibase' defined in class path resource [org/springframework/boot/autoconfigure/liquibase/LiquibaseAutoConfiguration$LiquibaseConfiguration.class]: Failed to instantiate [liquibase.integration.spring.SpringLiquibase]: Factory method 'liquibase' threw exception with message: Error creating bean with name 'dataSource' defined in class path resource [org/springframework/boot/autoconfigure/jdbc/DataSourceConfiguration$Hikari.class]: Failed to instantiate [com.zaxxer.hikari.HikariDataSource]: Factory method 'dataSource' threw exception with message: Failed to determine a suitable driver class
2025-07-31 12:54:32.895 [main] INFO  org.apache.catalina.core.StandardService - Stopping service [Tomcat]
2025-07-31 12:54:33.008 [main] INFO  org.springframework.boot.autoconfigure.logging.ConditionEvaluationReportLogger - 

Error starting ApplicationContext. To display the condition evaluation report re-run your application with 'debug' enabled.
2025-07-31 12:54:33.061 [main] ERROR org.springframework.boot.diagnostics.LoggingFailureAnalysisReporter - 

***************************
APPLICATION FAILED TO START
***************************

Description:

Failed to configure a DataSource: 'url' attribute is not specified and no embedded datasource could be configured.

Reason: Failed to determine a suitable driver class


Action:

Consider the following:
	If you want an embedded database (H2, HSQL or Derby), please put it on the classpath.
	If you have database settings to be loaded from a particular profile you may need to activate it (no profiles are currently active).

2025-07-31 12:56:54.779 [main] INFO  com.example.studentsbot.Main - Starting Main using Java 23.0.2 with PID 5752 (C:\Users\Serge\Documents\Bot\work\stud_tg\StudentsBot\StudentsBot\target\classes started by Serge in C:\Users\Serge\Documents\Bot\work\stud_tg)
2025-07-31 12:56:54.822 [main] INFO  com.example.studentsbot.Main - No active profile set, falling back to 1 default profile: "default"
2025-07-31 12:56:57.435 [main] INFO  org.springframework.data.repository.config.RepositoryConfigurationDelegate - Bootstrapping Spring Data JPA repositories in DEFAULT mode.
2025-07-31 12:56:57.592 [main] INFO  org.springframework.data.repository.config.RepositoryConfigurationDelegate - Finished Spring Data repository scanning in 140 ms. Found 2 JPA repository interfaces.
2025-07-31 12:56:59.410 [main] INFO  org.springframework.boot.web.embedded.tomcat.TomcatWebServer - Tomcat initialized with port 8080 (http)
2025-07-31 12:56:59.457 [main] INFO  org.apache.coyote.http11.Http11NioProtocol - Initializing ProtocolHandler ["http-nio-8080"]
2025-07-31 12:56:59.457 [main] INFO  org.apache.catalina.core.StandardService - Starting service [Tomcat]
2025-07-31 12:56:59.457 [main] INFO  org.apache.catalina.core.StandardEngine - Starting Servlet engine: [Apache Tomcat/10.1.41]
2025-07-31 12:56:59.692 [main] INFO  org.apache.catalina.core.ContainerBase.[Tomcat].[localhost].[/] - Initializing Spring embedded WebApplicationContext
2025-07-31 12:56:59.694 [main] INFO  org.springframework.boot.web.servlet.context.ServletWebServerApplicationContext - Root WebApplicationContext: initialization completed in 4664 ms
2025-07-31 12:57:00.013 [main] WARN  org.springframework.boot.web.servlet.context.AnnotationConfigServletWebServerApplicationContext - Exception encountered during context initialization - cancelling refresh attempt: org.springframework.beans.factory.BeanCreationException: Error creating bean with name 'entityManagerFactory' defined in class path resource [org/springframework/boot/autoconfigure/orm/jpa/HibernateJpaConfiguration.class]: Failed to initialize dependency 'liquibase' of LoadTimeWeaverAware bean 'entityManagerFactory': Error creating bean with name 'liquibase' defined in class path resource [org/springframework/boot/autoconfigure/liquibase/LiquibaseAutoConfiguration$LiquibaseConfiguration.class]: Failed to instantiate [liquibase.integration.spring.SpringLiquibase]: Factory method 'liquibase' threw exception with message: Error creating bean with name 'dataSource' defined in class path resource [org/springframework/boot/autoconfigure/jdbc/DataSourceConfiguration$Hikari.class]: Failed to instantiate [com.zaxxer.hikari.HikariDataSource]: Factory method 'dataSource' threw exception with message: Failed to determine a suitable driver class
2025-07-31 12:57:00.031 [main] INFO  org.apache.catalina.core.StandardService - Stopping service [Tomcat]
2025-07-31 12:57:00.147 [main] INFO  org.springframework.boot.autoconfigure.logging.ConditionEvaluationReportLogger - 

Error starting ApplicationContext. To display the condition evaluation report re-run your application with 'debug' enabled.
2025-07-31 12:57:00.215 [main] ERROR org.springframework.boot.diagnostics.LoggingFailureAnalysisReporter - 

***************************
APPLICATION FAILED TO START
***************************

Description:

Failed to configure a DataSource: 'url' attribute is not specified and no embedded datasource could be configured.

Reason: Failed to determine a suitable driver class


Action:

Consider the following:
	If you want an embedded database (H2, HSQL or Derby), please put it on the classpath.
	If you have database settings to be loaded from a particular profile you may need to activate it (no profiles are currently active).

2025-07-31 13:00:33.054 [main] INFO  com.example.studentsbot.Main - Starting Main using Java 23.0.2 with PID 10312 (C:\Users\Serge\Documents\Bot\work\stud_tg\StudentsBot\StudentsBot\target\classes started by Serge in C:\Users\Serge\Documents\Bot\work\stud_tg)
2025-07-31 13:00:33.126 [main] INFO  com.example.studentsbot.Main - No active profile set, falling back to 1 default profile: "default"
2025-07-31 13:00:35.848 [main] INFO  org.springframework.data.repository.config.RepositoryConfigurationDelegate - Bootstrapping Spring Data JPA repositories in DEFAULT mode.
2025-07-31 13:00:36.201 [main] INFO  org.springframework.data.repository.config.RepositoryConfigurationDelegate - Finished Spring Data repository scanning in 323 ms. Found 2 JPA repository interfaces.
2025-07-31 13:00:38.217 [main] INFO  org.springframework.boot.web.embedded.tomcat.TomcatWebServer - Tomcat initialized with port 8080 (http)
2025-07-31 13:00:38.248 [main] INFO  org.apache.coyote.http11.Http11NioProtocol - Initializing ProtocolHandler ["http-nio-8080"]
2025-07-31 13:00:38.265 [main] INFO  org.apache.catalina.core.StandardService - Starting service [Tomcat]
2025-07-31 13:00:38.266 [main] INFO  org.apache.catalina.core.StandardEngine - Starting Servlet engine: [Apache Tomcat/10.1.41]
2025-07-31 13:00:38.486 [main] INFO  org.apache.catalina.core.ContainerBase.[Tomcat].[localhost].[/] - Initializing Spring embedded WebApplicationContext
2025-07-31 13:00:38.492 [main] INFO  org.springframework.boot.web.servlet.context.ServletWebServerApplicationContext - Root WebApplicationContext: initialization completed in 5196 ms
2025-07-31 13:00:38.859 [main] WARN  org.springframework.boot.web.servlet.context.AnnotationConfigServletWebServerApplicationContext - Exception encountered during context initialization - cancelling refresh attempt: org.springframework.beans.factory.BeanCreationException: Error creating bean with name 'entityManagerFactory' defined in class path resource [org/springframework/boot/autoconfigure/orm/jpa/HibernateJpaConfiguration.class]: Failed to initialize dependency 'liquibase' of LoadTimeWeaverAware bean 'entityManagerFactory': Error creating bean with name 'liquibase' defined in class path resource [org/springframework/boot/autoconfigure/liquibase/LiquibaseAutoConfiguration$LiquibaseConfiguration.class]: Failed to instantiate [liquibase.integration.spring.SpringLiquibase]: Factory method 'liquibase' threw exception with message: Error creating bean with name 'dataSource' defined in class path resource [org/springframework/boot/autoconfigure/jdbc/DataSourceConfiguration$Hikari.class]: Failed to instantiate [com.zaxxer.hikari.HikariDataSource]: Factory method 'dataSource' threw exception with message: Failed to determine a suitable driver class
2025-07-31 13:00:38.870 [main] INFO  org.apache.catalina.core.StandardService - Stopping service [Tomcat]
2025-07-31 13:00:39.011 [main] INFO  org.springframework.boot.autoconfigure.logging.ConditionEvaluationReportLogger - 

Error starting ApplicationContext. To display the condition evaluation report re-run your application with 'debug' enabled.
2025-07-31 13:00:39.078 [main] ERROR org.springframework.boot.diagnostics.LoggingFailureAnalysisReporter - 

***************************
APPLICATION FAILED TO START
***************************

Description:

Failed to configure a DataSource: 'url' attribute is not specified and no embedded datasource could be configured.

Reason: Failed to determine a suitable driver class


Action:

Consider the following:
	If you want an embedded database (H2, HSQL or Derby), please put it on the classpath.
	If you have database settings to be loaded from a particular profile you may need to activate it (no profiles are currently active).

2025-07-31 13:01:57.783 [main] INFO  com.example.studentsbot.Main - Starting Main using Java 23.0.2 with PID 2000 (C:\Users\Serge\Documents\Bot\work\stud_tg\StudentsBot\StudentsBot\target\classes started by Serge in C:\Users\Serge\Documents\Bot\work\stud_tg)
2025-07-31 13:01:57.840 [main] INFO  com.example.studentsbot.Main - No active profile set, falling back to 1 default profile: "default"
2025-07-31 13:02:00.311 [main] INFO  org.springframework.data.repository.config.RepositoryConfigurationDelegate - Bootstrapping Spring Data JPA repositories in DEFAULT mode.
2025-07-31 13:02:00.451 [main] INFO  org.springframework.data.repository.config.RepositoryConfigurationDelegate - Finished Spring Data repository scanning in 126 ms. Found 2 JPA repository interfaces.
2025-07-31 13:02:02.204 [main] INFO  org.springframework.boot.web.embedded.tomcat.TomcatWebServer - Tomcat initialized with port 8080 (http)
2025-07-31 13:02:02.242 [main] INFO  org.apache.coyote.http11.Http11NioProtocol - Initializing ProtocolHandler ["http-nio-8080"]
2025-07-31 13:02:02.244 [main] INFO  org.apache.catalina.core.StandardService - Starting service [Tomcat]
2025-07-31 13:02:02.244 [main] INFO  org.apache.catalina.core.StandardEngine - Starting Servlet engine: [Apache Tomcat/10.1.41]
2025-07-31 13:02:02.451 [main] INFO  org.apache.catalina.core.ContainerBase.[Tomcat].[localhost].[/] - Initializing Spring embedded WebApplicationContext
2025-07-31 13:02:02.459 [main] INFO  org.springframework.boot.web.servlet.context.ServletWebServerApplicationContext - Root WebApplicationContext: initialization completed in 4387 ms
2025-07-31 13:02:02.764 [main] WARN  org.springframework.boot.web.servlet.context.AnnotationConfigServletWebServerApplicationContext - Exception encountered during context initialization - cancelling refresh attempt: org.springframework.beans.factory.BeanCreationException: Error creating bean with name 'entityManagerFactory' defined in class path resource [org/springframework/boot/autoconfigure/orm/jpa/HibernateJpaConfiguration.class]: Failed to initialize dependency 'liquibase' of LoadTimeWeaverAware bean 'entityManagerFactory': Error creating bean with name 'liquibase' defined in class path resource [org/springframework/boot/autoconfigure/liquibase/LiquibaseAutoConfiguration$LiquibaseConfiguration.class]: Failed to instantiate [liquibase.integration.spring.SpringLiquibase]: Factory method 'liquibase' threw exception with message: Error creating bean with name 'dataSource' defined in class path resource [org/springframework/boot/autoconfigure/jdbc/DataSourceConfiguration$Hikari.class]: Failed to instantiate [com.zaxxer.hikari.HikariDataSource]: Factory method 'dataSource' threw exception with message: Failed to determine a suitable driver class
2025-07-31 13:02:02.768 [main] INFO  org.apache.catalina.core.StandardService - Stopping service [Tomcat]
2025-07-31 13:02:02.889 [main] INFO  org.springframework.boot.autoconfigure.logging.ConditionEvaluationReportLogger - 

Error starting ApplicationContext. To display the condition evaluation report re-run your application with 'debug' enabled.
2025-07-31 13:02:02.988 [main] ERROR org.springframework.boot.diagnostics.LoggingFailureAnalysisReporter - 

***************************
APPLICATION FAILED TO START
***************************

Description:

Failed to configure a DataSource: 'url' attribute is not specified and no embedded datasource could be configured.

Reason: Failed to determine a suitable driver class


Action:

Consider the following:
	If you want an embedded database (H2, HSQL or Derby), please put it on the classpath.
	If you have database settings to be loaded from a particular profile you may need to activate it (no profiles are currently active).

2025-07-31 13:14:49.731 [main] INFO  com.example.studentsbot.Main - Starting Main using Java 23.0.2 with PID 7320 (C:\Users\Serge\Documents\Bot\work\stud_tg\StudentsBot\StudentsBot\target\classes started by Serge in C:\Users\Serge\Documents\Bot\work\stud_tg)
2025-07-31 13:14:49.769 [main] INFO  com.example.studentsbot.Main - No active profile set, falling back to 1 default profile: "default"
2025-07-31 13:14:52.285 [main] INFO  org.springframework.data.repository.config.RepositoryConfigurationDelegate - Bootstrapping Spring Data JPA repositories in DEFAULT mode.
2025-07-31 13:14:52.425 [main] INFO  org.springframework.data.repository.config.RepositoryConfigurationDelegate - Finished Spring Data repository scanning in 119 ms. Found 2 JPA repository interfaces.
2025-07-31 13:14:54.132 [main] INFO  org.springframework.boot.web.embedded.tomcat.TomcatWebServer - Tomcat initialized with port 8080 (http)
2025-07-31 13:14:54.183 [main] INFO  org.apache.coyote.http11.Http11NioProtocol - Initializing ProtocolHandler ["http-nio-8080"]
2025-07-31 13:14:54.193 [main] INFO  org.apache.catalina.core.StandardService - Starting service [Tomcat]
2025-07-31 13:14:54.196 [main] INFO  org.apache.catalina.core.StandardEngine - Starting Servlet engine: [Apache Tomcat/10.1.41]
2025-07-31 13:14:54.390 [main] INFO  org.apache.catalina.core.ContainerBase.[Tomcat].[localhost].[/] - Initializing Spring embedded WebApplicationContext
2025-07-31 13:14:54.390 [main] INFO  org.springframework.boot.web.servlet.context.ServletWebServerApplicationContext - Root WebApplicationContext: initialization completed in 4459 ms
2025-07-31 13:14:54.687 [main] WARN  org.springframework.boot.web.servlet.context.AnnotationConfigServletWebServerApplicationContext - Exception encountered during context initialization - cancelling refresh attempt: org.springframework.beans.factory.BeanCreationException: Error creating bean with name 'entityManagerFactory' defined in class path resource [org/springframework/boot/autoconfigure/orm/jpa/HibernateJpaConfiguration.class]: Failed to initialize dependency 'liquibase' of LoadTimeWeaverAware bean 'entityManagerFactory': Error creating bean with name 'liquibase' defined in class path resource [org/springframework/boot/autoconfigure/liquibase/LiquibaseAutoConfiguration$LiquibaseConfiguration.class]: Failed to instantiate [liquibase.integration.spring.SpringLiquibase]: Factory method 'liquibase' threw exception with message: Error creating bean with name 'dataSource' defined in class path resource [org/springframework/boot/autoconfigure/jdbc/DataSourceConfiguration$Hikari.class]: Failed to instantiate [com.zaxxer.hikari.HikariDataSource]: Factory method 'dataSource' threw exception with message: Failed to determine a suitable driver class
2025-07-31 13:14:54.697 [main] INFO  org.apache.catalina.core.StandardService - Stopping service [Tomcat]
2025-07-31 13:14:54.740 [main] INFO  org.springframework.boot.autoconfigure.logging.ConditionEvaluationReportLogger - 

Error starting ApplicationContext. To display the condition evaluation report re-run your application with 'debug' enabled.
2025-07-31 13:14:54.838 [main] ERROR org.springframework.boot.diagnostics.LoggingFailureAnalysisReporter - 

***************************
APPLICATION FAILED TO START
***************************

Description:

Failed to configure a DataSource: 'url' attribute is not specified and no embedded datasource could be configured.

Reason: Failed to determine a suitable driver class


Action:

Consider the following:
	If you want an embedded database (H2, HSQL or Derby), please put it on the classpath.
	If you have database settings to be loaded from a particular profile you may need to activate it (no profiles are currently active).

2025-07-31 13:15:26.684 [main] INFO  com.example.studentsbot.Main - Starting Main using Java 23.0.2 with PID 4848 (C:\Users\Serge\Documents\Bot\work\stud_tg\StudentsBot\StudentsBot\target\classes started by Serge in C:\Users\Serge\Documents\Bot\work\stud_tg)
2025-07-31 13:15:26.716 [main] INFO  com.example.studentsbot.Main - No active profile set, falling back to 1 default profile: "default"
2025-07-31 13:15:26.718 [main] DEBUG org.springframework.boot.SpringApplication - Loading source class com.example.studentsbot.Main
2025-07-31 13:15:26.896 [main] DEBUG org.springframework.boot.web.servlet.context.AnnotationConfigServletWebServerApplicationContext - Refreshing org.springframework.boot.web.servlet.context.AnnotationConfigServletWebServerApplicationContext@b5cc23a
2025-07-31 13:15:29.154 [main] INFO  org.springframework.data.repository.config.RepositoryConfigurationDelegate - Bootstrapping Spring Data JPA repositories in DEFAULT mode.
2025-07-31 13:15:29.198 [main] DEBUG org.springframework.boot.autoconfigure.AutoConfigurationPackages - @EnableAutoConfiguration was declared on a class in the package 'com.example.studentsbot'. Automatic @Repository and @Entity scanning is enabled.
2025-07-31 13:15:29.305 [main] INFO  org.springframework.data.repository.config.RepositoryConfigurationDelegate - Finished Spring Data repository scanning in 129 ms. Found 2 JPA repository interfaces.
2025-07-31 13:15:30.938 [main] DEBUG org.springframework.boot.web.embedded.tomcat.TomcatServletWebServerFactory - Code archive: C:\Users\Serge\.m2\repository\org\springframework\boot\spring-boot\3.5.0\spring-boot-3.5.0.jar
2025-07-31 13:15:30.938 [main] DEBUG org.springframework.boot.web.embedded.tomcat.TomcatServletWebServerFactory - Code archive: C:\Users\Serge\.m2\repository\org\springframework\boot\spring-boot\3.5.0\spring-boot-3.5.0.jar
2025-07-31 13:15:30.938 [main] DEBUG org.springframework.boot.web.embedded.tomcat.TomcatServletWebServerFactory - None of the document roots [src/main/webapp, public, static] point to a directory and will be ignored.
2025-07-31 13:15:31.005 [main] INFO  org.springframework.boot.web.embedded.tomcat.TomcatWebServer - Tomcat initialized with port 8080 (http)
2025-07-31 13:15:31.046 [main] INFO  org.apache.coyote.http11.Http11NioProtocol - Initializing ProtocolHandler ["http-nio-8080"]
2025-07-31 13:15:31.047 [main] INFO  org.apache.catalina.core.StandardService - Starting service [Tomcat]
2025-07-31 13:15:31.047 [main] INFO  org.apache.catalina.core.StandardEngine - Starting Servlet engine: [Apache Tomcat/10.1.41]
2025-07-31 13:15:31.272 [main] INFO  org.apache.catalina.core.ContainerBase.[Tomcat].[localhost].[/] - Initializing Spring embedded WebApplicationContext
2025-07-31 13:15:31.272 [main] DEBUG org.springframework.boot.web.servlet.context.ServletWebServerApplicationContext - Published root WebApplicationContext as ServletContext attribute with name [org.springframework.web.context.WebApplicationContext.ROOT]
2025-07-31 13:15:31.280 [main] INFO  org.springframework.boot.web.servlet.context.ServletWebServerApplicationContext - Root WebApplicationContext: initialization completed in 4376 ms
2025-07-31 13:15:31.352 [main] DEBUG org.springframework.boot.web.servlet.ServletContextInitializerBeans - Mapping filters: springSecurityFilterChain urls=[/*] order=-100, characterEncodingFilter urls=[/*] order=-2147483648, formContentFilter urls=[/*] order=-9900, requestContextFilter urls=[/*] order=-105
2025-07-31 13:15:31.354 [main] DEBUG org.springframework.boot.web.servlet.ServletContextInitializerBeans - Mapping servlets: dispatcherServlet urls=[/]
2025-07-31 13:15:31.417 [main] DEBUG org.springframework.boot.web.servlet.filter.OrderedRequestContextFilter - Filter 'requestContextFilter' configured for use
2025-07-31 13:15:31.425 [main] DEBUG org.springframework.boot.web.servlet.filter.OrderedCharacterEncodingFilter - Filter 'characterEncodingFilter' configured for use
2025-07-31 13:15:31.428 [main] DEBUG org.springframework.boot.web.servlet.DelegatingFilterProxyRegistrationBean$1 - Filter 'springSecurityFilterChain' configured for use
2025-07-31 13:15:31.430 [main] DEBUG org.springframework.boot.web.servlet.filter.OrderedFormContentFilter - Filter 'formContentFilter' configured for use
2025-07-31 13:15:31.724 [main] WARN  org.springframework.boot.web.servlet.context.AnnotationConfigServletWebServerApplicationContext - Exception encountered during context initialization - cancelling refresh attempt: org.springframework.beans.factory.BeanCreationException: Error creating bean with name 'entityManagerFactory' defined in class path resource [org/springframework/boot/autoconfigure/orm/jpa/HibernateJpaConfiguration.class]: Failed to initialize dependency 'liquibase' of LoadTimeWeaverAware bean 'entityManagerFactory': Error creating bean with name 'liquibase' defined in class path resource [org/springframework/boot/autoconfigure/liquibase/LiquibaseAutoConfiguration$LiquibaseConfiguration.class]: Failed to instantiate [liquibase.integration.spring.SpringLiquibase]: Factory method 'liquibase' threw exception with message: Error creating bean with name 'dataSource' defined in class path resource [org/springframework/boot/autoconfigure/jdbc/DataSourceConfiguration$Hikari.class]: Failed to instantiate [com.zaxxer.hikari.HikariDataSource]: Factory method 'dataSource' threw exception with message: Failed to determine a suitable driver class
2025-07-31 13:15:31.728 [main] INFO  org.apache.catalina.core.StandardService - Stopping service [Tomcat]
2025-07-31 13:15:31.805 [main] DEBUG org.springframework.boot.autoconfigure.logging.ConditionEvaluationReportLogger - 


============================
CONDITIONS EVALUATION REPORT
============================


Positive matches:
-----------------

   AopAutoConfiguration matched:
      - @ConditionalOnBooleanProperty (spring.aop.auto=true) matched (OnPropertyCondition)

   AopAutoConfiguration.AspectJAutoProxyingConfiguration matched:
      - @ConditionalOnClass found required class 'org.aspectj.weaver.Advice' (OnClassCondition)

   AopAutoConfiguration.AspectJAutoProxyingConfiguration.CglibAutoProxyConfiguration matched:
      - @ConditionalOnBooleanProperty (spring.aop.proxy-target-class=true) matched (OnPropertyCondition)

   ApplicationAvailabilityAutoConfiguration#applicationAvailability matched:
      - @ConditionalOnMissingBean (types: org.springframework.boot.availability.ApplicationAvailability; SearchStrategy: all) did not find any beans (OnBeanCondition)

   DataSourceAutoConfiguration matched:
      - @ConditionalOnClass found required classes 'javax.sql.DataSource', 'org.springframework.jdbc.datasource.embedded.EmbeddedDatabaseType' (OnClassCondition)
      - @ConditionalOnMissingBean (types: ?; SearchStrategy: all) did not find any beans (OnBeanCondition)

   DataSourceAutoConfiguration.PooledDataSourceConfiguration matched:
      - AnyNestedCondition 1 matched 1 did not; NestedCondition on DataSourceAutoConfiguration.PooledDataSourceCondition.PooledDataSourceAvailable PooledDataSource found supported DataSource; NestedCondition on DataSourceAutoConfiguration.PooledDataSourceCondition.ExplicitType @ConditionalOnProperty (spring.datasource.type) did not find property 'spring.datasource.type' (DataSourceAutoConfiguration.PooledDataSourceCondition)
      - @ConditionalOnMissingBean (types: javax.sql.DataSource,javax.sql.XADataSource; SearchStrategy: all) did not find any beans (OnBeanCondition)

   DataSourceAutoConfiguration.PooledDataSourceConfiguration#jdbcConnectionDetails matched:
      - @ConditionalOnMissingBean (types: org.springframework.boot.autoconfigure.jdbc.JdbcConnectionDetails; SearchStrategy: all) did not find any beans (OnBeanCondition)

   DataSourceConfiguration.Hikari matched:
      - @ConditionalOnClass found required class 'com.zaxxer.hikari.HikariDataSource' (OnClassCondition)
      - @ConditionalOnProperty (spring.datasource.type=com.zaxxer.hikari.HikariDataSource) matched (OnPropertyCondition)
      - @ConditionalOnMissingBean (types: javax.sql.DataSource; SearchStrategy: all) did not find any beans (OnBeanCondition)

   DataSourceInitializationConfiguration matched:
      - @ConditionalOnClass found required class 'org.springframework.jdbc.datasource.init.DatabasePopulator' (OnClassCondition)
      - @ConditionalOnSingleCandidate (types: javax.sql.DataSource; SearchStrategy: all) found a single bean 'dataSource'; @ConditionalOnMissingBean (types: org.springframework.boot.autoconfigure.sql.init.SqlDataSourceScriptDatabaseInitializer,org.springframework.boot.autoconfigure.sql.init.SqlR2dbcScriptDatabaseInitializer; SearchStrategy: all) did not find any beans (OnBeanCondition)

   DataSourcePoolMetadataProvidersConfiguration.HikariPoolDataSourceMetadataProviderConfiguration matched:
      - @ConditionalOnClass found required class 'com.zaxxer.hikari.HikariDataSource' (OnClassCondition)

   DataSourceTransactionManagerAutoConfiguration matched:
      - @ConditionalOnClass found required classes 'javax.sql.DataSource', 'org.springframework.jdbc.core.JdbcTemplate', 'org.springframework.transaction.TransactionManager' (OnClassCondition)

   DataSourceTransactionManagerAutoConfiguration.JdbcTransactionManagerConfiguration matched:
      - @ConditionalOnSingleCandidate (types: javax.sql.DataSource; SearchStrategy: all) found a single bean 'dataSource' (OnBeanCondition)

   DispatcherServletAutoConfiguration matched:
      - @ConditionalOnClass found required class 'org.springframework.web.servlet.DispatcherServlet' (OnClassCondition)
      - found 'session' scope (OnWebApplicationCondition)

   DispatcherServletAutoConfiguration.DispatcherServletConfiguration matched:
      - @ConditionalOnClass found required class 'jakarta.servlet.ServletRegistration' (OnClassCondition)
      - Default DispatcherServlet did not find dispatcher servlet beans (DispatcherServletAutoConfiguration.DefaultDispatcherServletCondition)

   DispatcherServletAutoConfiguration.DispatcherServletRegistrationConfiguration matched:
      - @ConditionalOnClass found required class 'jakarta.servlet.ServletRegistration' (OnClassCondition)
      - DispatcherServlet Registration did not find servlet registration bean (DispatcherServletAutoConfiguration.DispatcherServletRegistrationCondition)

   DispatcherServletAutoConfiguration.DispatcherServletRegistrationConfiguration#dispatcherServletRegistration matched:
      - @ConditionalOnBean (names: dispatcherServlet types: org.springframework.web.servlet.DispatcherServlet; SearchStrategy: all) found bean 'dispatcherServlet' (OnBeanCondition)

   EmbeddedWebServerFactoryCustomizerAutoConfiguration matched:
      - @ConditionalOnWebApplication (required) found 'session' scope (OnWebApplicationCondition)
      - @ConditionalOnWarDeployment the application is not deployed as a WAR file. (OnWarDeploymentCondition)

   EmbeddedWebServerFactoryCustomizerAutoConfiguration.TomcatWebServerFactoryCustomizerConfiguration matched:
      - @ConditionalOnClass found required classes 'org.apache.catalina.startup.Tomcat', 'org.apache.coyote.UpgradeProtocol' (OnClassCondition)

   ErrorMvcAutoConfiguration matched:
      - @ConditionalOnClass found required classes 'jakarta.servlet.Servlet', 'org.springframework.web.servlet.DispatcherServlet' (OnClassCondition)
      - found 'session' scope (OnWebApplicationCondition)

   ErrorMvcAutoConfiguration#basicErrorController matched:
      - @ConditionalOnMissingBean (types: org.springframework.boot.web.servlet.error.ErrorController; SearchStrategy: current) did not find any beans (OnBeanCondition)

   ErrorMvcAutoConfiguration#errorAttributes matched:
      - @ConditionalOnMissingBean (types: org.springframework.boot.web.servlet.error.ErrorAttributes; SearchStrategy: current) did not find any beans (OnBeanCondition)

   ErrorMvcAutoConfiguration.DefaultErrorViewResolverConfiguration#conventionErrorViewResolver matched:
      - @ConditionalOnBean (types: org.springframework.web.servlet.DispatcherServlet; SearchStrategy: all) found bean 'dispatcherServlet'; @ConditionalOnMissingBean (types: org.springframework.boot.autoconfigure.web.servlet.error.ErrorViewResolver; SearchStrategy: all) did not find any beans (OnBeanCondition)

   ErrorMvcAutoConfiguration.WhitelabelErrorViewConfiguration matched:
      - @ConditionalOnBooleanProperty (server.error.whitelabel.enabled=true) matched (OnPropertyCondition)
      - ErrorTemplate Missing did not find error template view (ErrorMvcAutoConfiguration.ErrorTemplateMissingCondition)

   ErrorMvcAutoConfiguration.WhitelabelErrorViewConfiguration#beanNameViewResolver matched:
      - @ConditionalOnMissingBean (types: org.springframework.web.servlet.view.BeanNameViewResolver; SearchStrategy: all) did not find any beans (OnBeanCondition)

   ErrorMvcAutoConfiguration.WhitelabelErrorViewConfiguration#defaultErrorView matched:
      - @ConditionalOnMissingBean (names: error; SearchStrategy: all) did not find any beans (OnBeanCondition)

   GenericCacheConfiguration matched:
      - Cache org.springframework.boot.autoconfigure.cache.GenericCacheConfiguration automatic cache type (CacheCondition)

   HibernateJpaAutoConfiguration matched:
      - @ConditionalOnClass found required classes 'org.springframework.orm.jpa.LocalContainerEntityManagerFactoryBean', 'jakarta.persistence.EntityManager', 'org.hibernate.engine.spi.SessionImplementor' (OnClassCondition)

   HibernateJpaConfiguration matched:
      - @ConditionalOnSingleCandidate (types: javax.sql.DataSource; SearchStrategy: all) found a single bean 'dataSource' (OnBeanCondition)

   HttpClientAutoConfiguration matched:
      - @ConditionalOnClass found required class 'org.springframework.http.client.ClientHttpRequestFactory' (OnClassCondition)
      - NoneNestedConditions 0 matched 1 did not; NestedCondition on NotReactiveWebApplicationCondition.ReactiveWebApplication did not find reactive web application classes (NotReactiveWebApplicationCondition)

   HttpClientAutoConfiguration#clientHttpRequestFactoryBuilder matched:
      - @ConditionalOnMissingBean (types: org.springframework.boot.http.client.ClientHttpRequestFactoryBuilder<?>; SearchStrategy: all) did not find any beans (OnBeanCondition)

   HttpClientAutoConfiguration#clientHttpRequestFactorySettings matched:
      - @ConditionalOnMissingBean (types: org.springframework.boot.http.client.ClientHttpRequestFactorySettings; SearchStrategy: all) did not find any beans (OnBeanCondition)

   HttpEncodingAutoConfiguration matched:
      - @ConditionalOnClass found required class 'org.springframework.web.filter.CharacterEncodingFilter' (OnClassCondition)
      - found 'session' scope (OnWebApplicationCondition)
      - @ConditionalOnBooleanProperty (server.servlet.encoding.enabled=true) matched (OnPropertyCondition)

   HttpEncodingAutoConfiguration#characterEncodingFilter matched:
      - @ConditionalOnMissingBean (types: org.springframework.web.filter.CharacterEncodingFilter; SearchStrategy: all) did not find any beans (OnBeanCondition)

   HttpMessageConvertersAutoConfiguration matched:
      - @ConditionalOnClass found required class 'org.springframework.http.converter.HttpMessageConverter' (OnClassCondition)
      - NoneNestedConditions 0 matched 1 did not; NestedCondition on HttpMessageConvertersAutoConfiguration.NotReactiveWebApplicationCondition.ReactiveWebApplication did not find reactive web application classes (HttpMessageConvertersAutoConfiguration.NotReactiveWebApplicationCondition)

   HttpMessageConvertersAutoConfiguration#messageConverters matched:
      - @ConditionalOnMissingBean (types: org.springframework.boot.autoconfigure.http.HttpMessageConverters; SearchStrategy: all) did not find any beans (OnBeanCondition)

   HttpMessageConvertersAutoConfiguration.StringHttpMessageConverterConfiguration matched:
      - @ConditionalOnClass found required class 'org.springframework.http.converter.StringHttpMessageConverter' (OnClassCondition)

   HttpMessageConvertersAutoConfiguration.StringHttpMessageConverterConfiguration#stringHttpMessageConverter matched:
      - @ConditionalOnMissingBean (types: org.springframework.http.converter.StringHttpMessageConverter; SearchStrategy: all) did not find any beans (OnBeanCondition)

   JacksonAutoConfiguration matched:
      - @ConditionalOnClass found required class 'com.fasterxml.jackson.databind.ObjectMapper' (OnClassCondition)

   JacksonAutoConfiguration.Jackson2ObjectMapperBuilderCustomizerConfiguration matched:
      - @ConditionalOnClass found required class 'org.springframework.http.converter.json.Jackson2ObjectMapperBuilder' (OnClassCondition)

   JacksonAutoConfiguration.JacksonObjectMapperBuilderConfiguration matched:
      - @ConditionalOnClass found required class 'org.springframework.http.converter.json.Jackson2ObjectMapperBuilder' (OnClassCondition)

   JacksonAutoConfiguration.JacksonObjectMapperBuilderConfiguration#jacksonObjectMapperBuilder matched:
      - @ConditionalOnMissingBean (types: org.springframework.http.converter.json.Jackson2ObjectMapperBuilder; SearchStrategy: all) did not find any beans (OnBeanCondition)

   JacksonAutoConfiguration.JacksonObjectMapperConfiguration matched:
      - @ConditionalOnClass found required class 'org.springframework.http.converter.json.Jackson2ObjectMapperBuilder' (OnClassCondition)

   JacksonAutoConfiguration.JacksonObjectMapperConfiguration#jacksonObjectMapper matched:
      - @ConditionalOnMissingBean (types: com.fasterxml.jackson.databind.ObjectMapper; SearchStrategy: all) did not find any beans (OnBeanCondition)

   JacksonAutoConfiguration.ParameterNamesModuleConfiguration matched:
      - @ConditionalOnClass found required class 'com.fasterxml.jackson.module.paramnames.ParameterNamesModule' (OnClassCondition)

   JacksonAutoConfiguration.ParameterNamesModuleConfiguration#parameterNamesModule matched:
      - @ConditionalOnMissingBean (types: com.fasterxml.jackson.module.paramnames.ParameterNamesModule; SearchStrategy: all) did not find any beans (OnBeanCondition)

   JacksonHttpMessageConvertersConfiguration.MappingJackson2HttpMessageConverterConfiguration matched:
      - @ConditionalOnClass found required class 'com.fasterxml.jackson.databind.ObjectMapper' (OnClassCondition)
      - @ConditionalOnPreferredJsonMapper JACKSON no property was configured and Jackson is the default (OnPreferredJsonMapperCondition)
      - @ConditionalOnBean (types: com.fasterxml.jackson.databind.ObjectMapper; SearchStrategy: all) found bean 'jacksonObjectMapper' (OnBeanCondition)

   JacksonHttpMessageConvertersConfiguration.MappingJackson2HttpMessageConverterConfiguration#mappingJackson2HttpMessageConverter matched:
      - @ConditionalOnMissingBean (types: org.springframework.http.converter.json.MappingJackson2HttpMessageConverter ignored: ?; SearchStrategy: all) did not find any beans (OnBeanCondition)

   JdbcClientAutoConfiguration matched:
      - @ConditionalOnSingleCandidate (types: org.springframework.jdbc.core.namedparam.NamedParameterJdbcTemplate; SearchStrategy: all) found a single bean 'namedParameterJdbcTemplate'; @ConditionalOnMissingBean (types: org.springframework.jdbc.core.simple.JdbcClient; SearchStrategy: all) did not find any beans (OnBeanCondition)

   JdbcTemplateAutoConfiguration matched:
      - @ConditionalOnClass found required classes 'javax.sql.DataSource', 'org.springframework.jdbc.core.JdbcTemplate' (OnClassCondition)
      - @ConditionalOnSingleCandidate (types: javax.sql.DataSource; SearchStrategy: all) found a single bean 'dataSource' (OnBeanCondition)

   JdbcTemplateConfiguration matched:
      - @ConditionalOnMissingBean (types: org.springframework.jdbc.core.JdbcOperations; SearchStrategy: all) did not find any beans (OnBeanCondition)

   JpaBaseConfiguration#entityManagerFactory matched:
      - @ConditionalOnMissingBean (types: org.springframework.orm.jpa.LocalContainerEntityManagerFactoryBean,jakarta.persistence.EntityManagerFactory; SearchStrategy: all) did not find any beans (OnBeanCondition)

   JpaBaseConfiguration#entityManagerFactoryBuilder matched:
      - @ConditionalOnMissingBean (types: org.springframework.boot.orm.jpa.EntityManagerFactoryBuilder; SearchStrategy: all) did not find any beans (OnBeanCondition)

   JpaBaseConfiguration#jpaVendorAdapter matched:
      - @ConditionalOnMissingBean (types: org.springframework.orm.jpa.JpaVendorAdapter; SearchStrategy: all) did not find any beans (OnBeanCondition)

   JpaBaseConfiguration#transactionManager matched:
      - @ConditionalOnMissingBean (types: org.springframework.transaction.TransactionManager; SearchStrategy: all) did not find any beans (OnBeanCondition)

   JpaBaseConfiguration.JpaWebConfiguration matched:
      - @ConditionalOnClass found required class 'org.springframework.web.servlet.config.annotation.WebMvcConfigurer' (OnClassCondition)
      - found 'session' scope (OnWebApplicationCondition)
      - @ConditionalOnBooleanProperty (spring.jpa.open-in-view=true) matched (OnPropertyCondition)
      - @ConditionalOnMissingBean (types: org.springframework.orm.jpa.support.OpenEntityManagerInViewInterceptor,org.springframework.orm.jpa.support.OpenEntityManagerInViewFilter; SearchStrategy: all) did not find any beans (OnBeanCondition)

   JpaBaseConfiguration.PersistenceManagedTypesConfiguration matched:
      - @ConditionalOnMissingBean (types: org.springframework.orm.jpa.LocalContainerEntityManagerFactoryBean,jakarta.persistence.EntityManagerFactory; SearchStrategy: all) did not find any beans (OnBeanCondition)

   JpaBaseConfiguration.PersistenceManagedTypesConfiguration#persistenceManagedTypes matched:
      - @ConditionalOnMissingBean (types: org.springframework.orm.jpa.persistenceunit.PersistenceManagedTypes; SearchStrategy: all) did not find any beans (OnBeanCondition)

   JpaRepositoriesAutoConfiguration matched:
      - @ConditionalOnClass found required class 'org.springframework.data.jpa.repository.JpaRepository' (OnClassCondition)
      - @ConditionalOnBooleanProperty (spring.data.jpa.repositories.enabled=true) matched (OnPropertyCondition)
      - @ConditionalOnBean (types: javax.sql.DataSource; SearchStrategy: all) found bean 'dataSource'; @ConditionalOnMissingBean (types: org.springframework.data.jpa.repository.support.JpaRepositoryFactoryBean,org.springframework.data.jpa.repository.config.JpaRepositoryConfigExtension; SearchStrategy: all) did not find any beans (OnBeanCondition)

   JtaAutoConfiguration matched:
      - @ConditionalOnClass found required class 'jakarta.transaction.Transaction' (OnClassCondition)
      - @ConditionalOnBooleanProperty (spring.jta.enabled=true) matched (OnPropertyCondition)

   LifecycleAutoConfiguration#defaultLifecycleProcessor matched:
      - @ConditionalOnMissingBean (names: lifecycleProcessor; SearchStrategy: current) did not find any beans (OnBeanCondition)

   LiquibaseAutoConfiguration matched:
      - @ConditionalOnClass found required classes 'liquibase.integration.spring.SpringLiquibase', 'liquibase.change.DatabaseChange' (OnClassCondition)
      - @ConditionalOnBooleanProperty (spring.liquibase.enabled=true) matched (OnPropertyCondition)
      - AnyNestedCondition 2 matched 1 did not; NestedCondition on LiquibaseAutoConfiguration.LiquibaseDataSourceCondition.LiquibaseUrlCondition @ConditionalOnProperty (spring.liquibase.url) did not find property 'spring.liquibase.url'; NestedCondition on LiquibaseAutoConfiguration.LiquibaseDataSourceCondition.JdbcConnectionDetailsCondition @ConditionalOnBean (types: org.springframework.boot.autoconfigure.jdbc.JdbcConnectionDetails; SearchStrategy: all) found bean 'jdbcConnectionDetails'; NestedCondition on LiquibaseAutoConfiguration.LiquibaseDataSourceCondition.DataSourceBeanCondition @ConditionalOnBean (types: javax.sql.DataSource; SearchStrategy: all) found bean 'dataSource' (LiquibaseAutoConfiguration.LiquibaseDataSourceCondition)

   LiquibaseAutoConfiguration.CustomizerConfiguration matched:
      - @ConditionalOnClass found required class 'liquibase.integration.spring.Customizer' (OnClassCondition)

   LiquibaseAutoConfiguration.LiquibaseConfiguration matched:
      - @ConditionalOnClass found required class 'org.springframework.jdbc.core.ConnectionCallback' (OnClassCondition)
      - @ConditionalOnMissingBean (types: liquibase.integration.spring.SpringLiquibase; SearchStrategy: all) did not find any beans (OnBeanCondition)

   LiquibaseAutoConfiguration.LiquibaseConfiguration#liquibaseConnectionDetails matched:
      - @ConditionalOnMissingBean (types: org.springframework.boot.autoconfigure.liquibase.LiquibaseConnectionDetails; SearchStrategy: all) did not find any beans (OnBeanCondition)

   MessageSourceAutoConfiguration matched:
      - ResourceBundle found bundle URL [jar:file:/C:/Users/Serge/.m2/repository/org/telegram/telegrambots-abilities/9.0.0/telegrambots-abilities-9.0.0.jar!/messages.properties] (MessageSourceAutoConfiguration.ResourceBundleCondition)
      - @ConditionalOnMissingBean (names: messageSource; SearchStrategy: current) did not find any beans (OnBeanCondition)

   MultipartAutoConfiguration matched:
      - @ConditionalOnClass found required classes 'jakarta.servlet.Servlet', 'org.springframework.web.multipart.support.StandardServletMultipartResolver', 'jakarta.servlet.MultipartConfigElement' (OnClassCondition)
      - found 'session' scope (OnWebApplicationCondition)
      - @ConditionalOnBooleanProperty (spring.servlet.multipart.enabled=true) matched (OnPropertyCondition)

   MultipartAutoConfiguration#multipartConfigElement matched:
      - @ConditionalOnMissingBean (types: jakarta.servlet.MultipartConfigElement; SearchStrategy: all) did not find any beans (OnBeanCondition)

   MultipartAutoConfiguration#multipartResolver matched:
      - @ConditionalOnMissingBean (types: org.springframework.web.multipart.MultipartResolver; SearchStrategy: all) did not find any beans (OnBeanCondition)

   NamedParameterJdbcTemplateConfiguration matched:
      - @ConditionalOnSingleCandidate (types: org.springframework.jdbc.core.JdbcTemplate; SearchStrategy: all) found a single bean 'jdbcTemplate'; @ConditionalOnMissingBean (types: org.springframework.jdbc.core.namedparam.NamedParameterJdbcOperations; SearchStrategy: all) did not find any beans (OnBeanCondition)

   NoOpCacheConfiguration matched:
      - Cache org.springframework.boot.autoconfigure.cache.NoOpCacheConfiguration automatic cache type (CacheCondition)

   PersistenceExceptionTranslationAutoConfiguration matched:
      - @ConditionalOnClass found required class 'org.springframework.dao.annotation.PersistenceExceptionTranslationPostProcessor' (OnClassCondition)

   PersistenceExceptionTranslationAutoConfiguration#persistenceExceptionTranslationPostProcessor matched:
      - @ConditionalOnBooleanProperty (spring.dao.exceptiontranslation.enabled=true) matched (OnPropertyCondition)
      - @ConditionalOnMissingBean (types: org.springframework.dao.annotation.PersistenceExceptionTranslationPostProcessor; SearchStrategy: all) did not find any beans (OnBeanCondition)

   PropertyPlaceholderAutoConfiguration#propertySourcesPlaceholderConfigurer matched:
      - @ConditionalOnMissingBean (types: org.springframework.context.support.PropertySourcesPlaceholderConfigurer; SearchStrategy: current) did not find any beans (OnBeanCondition)

   RestClientAutoConfiguration matched:
      - @ConditionalOnClass found required class 'org.springframework.web.client.RestClient' (OnClassCondition)
      - AnyNestedCondition 1 matched 1 did not; NestedCondition on NotReactiveWebApplicationOrVirtualThreadsExecutorEnabledCondition.VirtualThreadsExecutorEnabled found non-matching nested conditions @ConditionalOnThreading did not find VIRTUAL; NestedCondition on NotReactiveWebApplicationOrVirtualThreadsExecutorEnabledCondition.NotReactiveWebApplication NoneNestedConditions 0 matched 1 did not; NestedCondition on NotReactiveWebApplicationCondition.ReactiveWebApplication did not find reactive web application classes (NotReactiveWebApplicationOrVirtualThreadsExecutorEnabledCondition)

   RestClientAutoConfiguration#httpMessageConvertersRestClientCustomizer matched:
      - @ConditionalOnMissingBean (types: org.springframework.boot.autoconfigure.web.client.HttpMessageConvertersRestClientCustomizer; SearchStrategy: all) did not find any beans (OnBeanCondition)

   RestClientAutoConfiguration#restClientBuilder matched:
      - @ConditionalOnMissingBean (types: org.springframework.web.client.RestClient$Builder; SearchStrategy: all) did not find any beans (OnBeanCondition)

   RestClientAutoConfiguration#restClientBuilderConfigurer matched:
      - @ConditionalOnMissingBean (types: org.springframework.boot.autoconfigure.web.client.RestClientBuilderConfigurer; SearchStrategy: all) did not find any beans (OnBeanCondition)

   RestClientAutoConfiguration#restClientSsl matched:
      - @ConditionalOnBean (types: org.springframework.boot.ssl.SslBundles; SearchStrategy: all) found bean 'sslBundleRegistry'; @ConditionalOnMissingBean (types: org.springframework.boot.autoconfigure.web.client.RestClientSsl; SearchStrategy: all) did not find any beans (OnBeanCondition)

   RestTemplateAutoConfiguration matched:
      - @ConditionalOnClass found required class 'org.springframework.web.client.RestTemplate' (OnClassCondition)
      - NoneNestedConditions 0 matched 1 did not; NestedCondition on NotReactiveWebApplicationCondition.ReactiveWebApplication did not find reactive web application classes (NotReactiveWebApplicationCondition)

   RestTemplateAutoConfiguration#restTemplateBuilder matched:
      - @ConditionalOnMissingBean (types: org.springframework.boot.web.client.RestTemplateBuilder; SearchStrategy: all) did not find any beans (OnBeanCondition)

   SecurityAutoConfiguration matched:
      - @ConditionalOnClass found required class 'org.springframework.security.authentication.DefaultAuthenticationEventPublisher' (OnClassCondition)

   SecurityAutoConfiguration#authenticationEventPublisher matched:
      - @ConditionalOnMissingBean (types: org.springframework.security.authentication.AuthenticationEventPublisher; SearchStrategy: all) did not find any beans (OnBeanCondition)

   SecurityFilterAutoConfiguration matched:
      - @ConditionalOnClass found required classes 'org.springframework.security.web.context.AbstractSecurityWebApplicationInitializer', 'org.springframework.security.config.http.SessionCreationPolicy' (OnClassCondition)
      - found 'session' scope (OnWebApplicationCondition)

   SecurityFilterAutoConfiguration#securityFilterChainRegistration matched:
      - @ConditionalOnBean (names: springSecurityFilterChain; SearchStrategy: all) found bean 'springSecurityFilterChain' (OnBeanCondition)

   ServletWebServerFactoryAutoConfiguration matched:
      - @ConditionalOnClass found required class 'jakarta.servlet.ServletRequest' (OnClassCondition)
      - found 'session' scope (OnWebApplicationCondition)

   ServletWebServerFactoryAutoConfiguration#tomcatServletWebServerFactoryCustomizer matched:
      - @ConditionalOnClass found required class 'org.apache.catalina.startup.Tomcat' (OnClassCondition)

   ServletWebServerFactoryConfiguration.EmbeddedTomcat matched:
      - @ConditionalOnClass found required classes 'jakarta.servlet.Servlet', 'org.apache.catalina.startup.Tomcat', 'org.apache.coyote.UpgradeProtocol' (OnClassCondition)
      - @ConditionalOnMissingBean (types: org.springframework.boot.web.servlet.server.ServletWebServerFactory; SearchStrategy: current) did not find any beans (OnBeanCondition)

   SimpleCacheConfiguration matched:
      - Cache org.springframework.boot.autoconfigure.cache.SimpleCacheConfiguration automatic cache type (CacheCondition)

   SpringBootWebSecurityConfiguration matched:
      - found 'session' scope (OnWebApplicationCondition)

   SpringDataWebAutoConfiguration matched:
      - @ConditionalOnClass found required classes 'org.springframework.data.web.PageableHandlerMethodArgumentResolver', 'org.springframework.web.servlet.config.annotation.WebMvcConfigurer' (OnClassCondition)
      - found 'session' scope (OnWebApplicationCondition)
      - @ConditionalOnMissingBean (types: org.springframework.data.web.PageableHandlerMethodArgumentResolver; SearchStrategy: all) did not find any beans (OnBeanCondition)

   SpringDataWebAutoConfiguration#pageableCustomizer matched:
      - @ConditionalOnMissingBean (types: org.springframework.data.web.config.PageableHandlerMethodArgumentResolverCustomizer; SearchStrategy: all) did not find any beans (OnBeanCondition)

   SpringDataWebAutoConfiguration#sortCustomizer matched:
      - @ConditionalOnMissingBean (types: org.springframework.data.web.config.SortHandlerMethodArgumentResolverCustomizer; SearchStrategy: all) did not find any beans (OnBeanCondition)

   SpringDataWebAutoConfiguration#springDataWebSettings matched:
      - @ConditionalOnMissingBean (types: org.springframework.data.web.config.SpringDataWebSettings; SearchStrategy: all) did not find any beans (OnBeanCondition)

   SqlInitializationAutoConfiguration matched:
      - @ConditionalOnBooleanProperty (spring.sql.init.enabled=true) matched (OnPropertyCondition)
      - NoneNestedConditions 0 matched 1 did not; NestedCondition on SqlInitializationAutoConfiguration.SqlInitializationModeCondition.ModeIsNever @ConditionalOnProperty (spring.sql.init.mode=never) did not find property 'spring.sql.init.mode' (SqlInitializationAutoConfiguration.SqlInitializationModeCondition)

   SslAutoConfiguration#sslBundleRegistry matched:
      - @ConditionalOnMissingBean (types: org.springframework.boot.ssl.SslBundleRegistry,org.springframework.boot.ssl.SslBundles; SearchStrategy: all) did not find any beans (OnBeanCondition)

   TaskExecutionAutoConfiguration matched:
      - @ConditionalOnClass found required class 'org.springframework.scheduling.concurrent.ThreadPoolTaskExecutor' (OnClassCondition)

   TaskExecutorConfigurations.AsyncConfigurerConfiguration matched:
      - @ConditionalOnMissingBean (types: org.springframework.scheduling.annotation.AsyncConfigurer; SearchStrategy: all) did not find any beans (OnBeanCondition)

   TaskExecutorConfigurations.AsyncConfigurerConfiguration#applicationTaskExecutorAsyncConfigurer matched:
      - @ConditionalOnMissingBean (types: org.springframework.scheduling.annotation.AsyncConfigurer; SearchStrategy: all) did not find any beans (OnBeanCondition)

   TaskExecutorConfigurations.SimpleAsyncTaskExecutorBuilderConfiguration#simpleAsyncTaskExecutorBuilder matched:
      - @ConditionalOnMissingBean (types: org.springframework.boot.task.SimpleAsyncTaskExecutorBuilder; SearchStrategy: all) did not find any beans (OnBeanCondition)
      - @ConditionalOnThreading found PLATFORM (OnThreadingCondition)

   TaskExecutorConfigurations.TaskExecutorConfiguration matched:
      - AnyNestedCondition 1 matched 1 did not; NestedCondition on TaskExecutorConfigurations.OnExecutorCondition.ModelCondition @ConditionalOnProperty (spring.task.execution.mode=force) did not find property 'spring.task.execution.mode'; NestedCondition on TaskExecutorConfigurations.OnExecutorCondition.ExecutorBeanCondition @ConditionalOnMissingBean (types: java.util.concurrent.Executor; SearchStrategy: all) did not find any beans (TaskExecutorConfigurations.OnExecutorCondition)

   TaskExecutorConfigurations.TaskExecutorConfiguration#applicationTaskExecutor matched:
      - @ConditionalOnThreading found PLATFORM (OnThreadingCondition)

   TaskExecutorConfigurations.ThreadPoolTaskExecutorBuilderConfiguration#threadPoolTaskExecutorBuilder matched:
      - @ConditionalOnMissingBean (types: org.springframework.boot.task.ThreadPoolTaskExecutorBuilder; SearchStrategy: all) did not find any beans (OnBeanCondition)

   TaskSchedulingAutoConfiguration matched:
      - @ConditionalOnClass found required class 'org.springframework.scheduling.concurrent.ThreadPoolTaskScheduler' (OnClassCondition)

   TaskSchedulingConfigurations.SimpleAsyncTaskSchedulerBuilderConfiguration#simpleAsyncTaskSchedulerBuilder matched:
      - @ConditionalOnMissingBean (types: org.springframework.boot.task.SimpleAsyncTaskSchedulerBuilder; SearchStrategy: all) did not find any beans (OnBeanCondition)
      - @ConditionalOnThreading found PLATFORM (OnThreadingCondition)

   TaskSchedulingConfigurations.ThreadPoolTaskSchedulerBuilderConfiguration#threadPoolTaskSchedulerBuilder matched:
      - @ConditionalOnMissingBean (types: org.springframework.boot.task.ThreadPoolTaskSchedulerBuilder; SearchStrategy: all) did not find any beans (OnBeanCondition)

   TransactionAutoConfiguration matched:
      - @ConditionalOnClass found required class 'org.springframework.transaction.PlatformTransactionManager' (OnClassCondition)

   TransactionAutoConfiguration.EnableTransactionManagementConfiguration matched:
      - @ConditionalOnBean (types: org.springframework.transaction.TransactionManager; SearchStrategy: all) found bean 'transactionManager'; @ConditionalOnMissingBean (types: org.springframework.transaction.annotation.AbstractTransactionManagementConfiguration; SearchStrategy: all) did not find any beans (OnBeanCondition)

   TransactionAutoConfiguration.EnableTransactionManagementConfiguration.CglibAutoProxyConfiguration matched:
      - @ConditionalOnBooleanProperty (spring.aop.proxy-target-class=true) matched (OnPropertyCondition)

   TransactionAutoConfiguration.TransactionTemplateConfiguration matched:
      - @ConditionalOnSingleCandidate (types: org.springframework.transaction.PlatformTransactionManager; SearchStrategy: all) found a single bean 'transactionManager' (OnBeanCondition)

   TransactionAutoConfiguration.TransactionTemplateConfiguration#transactionTemplate matched:
      - @ConditionalOnMissingBean (types: org.springframework.transaction.support.TransactionOperations; SearchStrategy: all) did not find any beans (OnBeanCondition)

   TransactionManagerCustomizationAutoConfiguration matched:
      - @ConditionalOnClass found required class 'org.springframework.transaction.PlatformTransactionManager' (OnClassCondition)

   TransactionManagerCustomizationAutoConfiguration#platformTransactionManagerCustomizers matched:
      - @ConditionalOnMissingBean (types: org.springframework.boot.autoconfigure.transaction.TransactionManagerCustomizers; SearchStrategy: all) did not find any beans (OnBeanCondition)

   WebMvcAutoConfiguration matched:
      - @ConditionalOnClass found required classes 'jakarta.servlet.Servlet', 'org.springframework.web.servlet.DispatcherServlet', 'org.springframework.web.servlet.config.annotation.WebMvcConfigurer' (OnClassCondition)
      - found 'session' scope (OnWebApplicationCondition)
      - @ConditionalOnMissingBean (types: org.springframework.web.servlet.config.annotation.WebMvcConfigurationSupport; SearchStrategy: all) did not find any beans (OnBeanCondition)

   WebMvcAutoConfiguration#formContentFilter matched:
      - @ConditionalOnBooleanProperty (spring.mvc.formcontent.filter.enabled=true) matched (OnPropertyCondition)
      - @ConditionalOnMissingBean (types: org.springframework.web.filter.FormContentFilter; SearchStrategy: all) did not find any beans (OnBeanCondition)

   WebMvcAutoConfiguration.EnableWebMvcConfiguration#flashMapManager matched:
      - @ConditionalOnMissingBean (names: flashMapManager; SearchStrategy: all) did not find any beans (OnBeanCondition)

   WebMvcAutoConfiguration.EnableWebMvcConfiguration#localeResolver matched:
      - @ConditionalOnMissingBean (names: localeResolver; SearchStrategy: all) did not find any beans (OnBeanCondition)

   WebMvcAutoConfiguration.EnableWebMvcConfiguration#themeResolver matched:
      - @ConditionalOnMissingBean (names: themeResolver; SearchStrategy: all) did not find any beans (OnBeanCondition)

   WebMvcAutoConfiguration.EnableWebMvcConfiguration#viewNameTranslator matched:
      - @ConditionalOnMissingBean (names: viewNameTranslator; SearchStrategy: all) did not find any beans (OnBeanCondition)

   WebMvcAutoConfiguration.WebMvcAutoConfigurationAdapter#defaultViewResolver matched:
      - @ConditionalOnMissingBean (types: org.springframework.web.servlet.view.InternalResourceViewResolver; SearchStrategy: all) did not find any beans (OnBeanCondition)

   WebMvcAutoConfiguration.WebMvcAutoConfigurationAdapter#requestContextFilter matched:
      - @ConditionalOnMissingBean (types: org.springframework.web.context.request.RequestContextListener,org.springframework.web.filter.RequestContextFilter; SearchStrategy: all) did not find any beans (OnBeanCondition)

   WebMvcAutoConfiguration.WebMvcAutoConfigurationAdapter#viewResolver matched:
      - @ConditionalOnBean (types: org.springframework.web.servlet.ViewResolver; SearchStrategy: all) found beans 'defaultViewResolver', 'beanNameViewResolver', 'mvcViewResolver'; @ConditionalOnMissingBean (names: viewResolver types: org.springframework.web.servlet.view.ContentNegotiatingViewResolver; SearchStrategy: all) did not find any beans (OnBeanCondition)

   WebSocketServletAutoConfiguration matched:
      - @ConditionalOnClass found required classes 'jakarta.servlet.Servlet', 'jakarta.websocket.server.ServerContainer' (OnClassCondition)
      - found 'session' scope (OnWebApplicationCondition)

   WebSocketServletAutoConfiguration.TomcatWebSocketConfiguration matched:
      - @ConditionalOnClass found required classes 'org.apache.catalina.startup.Tomcat', 'org.apache.tomcat.websocket.server.WsSci' (OnClassCondition)

   WebSocketServletAutoConfiguration.TomcatWebSocketConfiguration#websocketServletWebServerCustomizer matched:
      - @ConditionalOnMissingBean (names: websocketServletWebServerCustomizer; SearchStrategy: all) did not find any beans (OnBeanCondition)


Negative matches:
-----------------

   ActiveMQAutoConfiguration:
      Did not match:
         - @ConditionalOnClass did not find required class 'jakarta.jms.ConnectionFactory' (OnClassCondition)

   AopAutoConfiguration.AspectJAutoProxyingConfiguration.JdkDynamicAutoProxyConfiguration:
      Did not match:
         - @ConditionalOnBooleanProperty (spring.aop.proxy-target-class=false) did not find property 'spring.aop.proxy-target-class' (OnPropertyCondition)

   AopAutoConfiguration.ClassProxyingConfiguration:
      Did not match:
         - @ConditionalOnMissingClass found unwanted class 'org.aspectj.weaver.Advice' (OnClassCondition)

   ArtemisAutoConfiguration:
      Did not match:
         - @ConditionalOnClass did not find required class 'jakarta.jms.ConnectionFactory' (OnClassCondition)

   BatchAutoConfiguration:
      Did not match:
         - @ConditionalOnClass did not find required class 'org.springframework.batch.core.launch.JobLauncher' (OnClassCondition)

   Cache2kCacheConfiguration:
      Did not match:
         - @ConditionalOnClass did not find required class 'org.cache2k.Cache2kBuilder' (OnClassCondition)

   CacheAutoConfiguration:
      Did not match:
         - @ConditionalOnBean (types: org.springframework.cache.interceptor.CacheAspectSupport; SearchStrategy: all) did not find any beans of type org.springframework.cache.interceptor.CacheAspectSupport (OnBeanCondition)
      Matched:
         - @ConditionalOnClass found required class 'org.springframework.cache.CacheManager' (OnClassCondition)

   CacheAutoConfiguration.CacheManagerEntityManagerFactoryDependsOnPostProcessor:
      Did not match:
         - Ancestor org.springframework.boot.autoconfigure.cache.CacheAutoConfiguration did not match (ConditionEvaluationReport.AncestorsMatchedCondition)
      Matched:
         - @ConditionalOnClass found required class 'org.springframework.orm.jpa.LocalContainerEntityManagerFactoryBean' (OnClassCondition)

   CaffeineCacheConfiguration:
      Did not match:
         - @ConditionalOnClass did not find required class 'com.github.benmanes.caffeine.cache.Caffeine' (OnClassCondition)

   CassandraAutoConfiguration:
      Did not match:
         - @ConditionalOnClass did not find required class 'com.datastax.oss.driver.api.core.CqlSession' (OnClassCondition)

   CassandraDataAutoConfiguration:
      Did not match:
         - @ConditionalOnClass did not find required class 'com.datastax.oss.driver.api.core.CqlSession' (OnClassCondition)

   CassandraReactiveDataAutoConfiguration:
      Did not match:
         - @ConditionalOnClass did not find required class 'com.datastax.oss.driver.api.core.CqlSession' (OnClassCondition)

   CassandraReactiveRepositoriesAutoConfiguration:
      Did not match:
         - @ConditionalOnClass did not find required class 'org.springframework.data.cassandra.ReactiveSession' (OnClassCondition)

   CassandraRepositoriesAutoConfiguration:
      Did not match:
         - @ConditionalOnClass did not find required class 'com.datastax.oss.driver.api.core.CqlSession' (OnClassCondition)

   org.springframework.boot.autoconfigure.http.client.reactive.ClientHttpConnectorAutoConfiguration:
      Did not match:
         - @ConditionalOnClass did not find required class 'reactor.core.publisher.Mono' (OnClassCondition)

   org.springframework.boot.autoconfigure.web.reactive.function.client.ClientHttpConnectorAutoConfiguration:
      Did not match:
         - @ConditionalOnClass did not find required class 'org.springframework.web.reactive.function.client.WebClient' (OnClassCondition)

   CodecsAutoConfiguration:
      Did not match:
         - @ConditionalOnClass did not find required class 'org.springframework.web.reactive.function.client.WebClient' (OnClassCondition)

   CouchbaseAutoConfiguration:
      Did not match:
         - @ConditionalOnClass did not find required class 'com.couchbase.client.java.Cluster' (OnClassCondition)

   CouchbaseCacheConfiguration:
      Did not match:
         - @ConditionalOnClass did not find required class 'com.couchbase.client.java.Cluster' (OnClassCondition)

   CouchbaseDataAutoConfiguration:
      Did not match:
         - @ConditionalOnClass did not find required class 'com.couchbase.client.java.Bucket' (OnClassCondition)

   CouchbaseReactiveDataAutoConfiguration:
      Did not match:
         - @ConditionalOnClass did not find required class 'com.couchbase.client.java.Cluster' (OnClassCondition)

   CouchbaseReactiveRepositoriesAutoConfiguration:
      Did not match:
         - @ConditionalOnClass did not find required class 'com.couchbase.client.java.Cluster' (OnClassCondition)

   CouchbaseRepositoriesAutoConfiguration:
      Did not match:
         - @ConditionalOnClass did not find required class 'com.couchbase.client.java.Bucket' (OnClassCondition)

   DataSourceAutoConfiguration.EmbeddedDatabaseConfiguration:
      Did not match:
         - EmbeddedDataSource found supported pooled data source (DataSourceAutoConfiguration.EmbeddedDatabaseCondition)

   DataSourceCheckpointRestoreConfiguration:
      Did not match:
         - @ConditionalOnClass did not find required class 'org.crac.Resource' (OnClassCondition)

   DataSourceConfiguration.Dbcp2:
      Did not match:
         - @ConditionalOnClass did not find required class 'org.apache.commons.dbcp2.BasicDataSource' (OnClassCondition)

   DataSourceConfiguration.Generic:
      Did not match:
         - @ConditionalOnProperty (spring.datasource.type) did not find property 'spring.datasource.type' (OnPropertyCondition)

   DataSourceConfiguration.OracleUcp:
      Did not match:
         - @ConditionalOnClass did not find required classes 'oracle.ucp.jdbc.PoolDataSourceImpl', 'oracle.jdbc.OracleConnection' (OnClassCondition)

   DataSourceConfiguration.Tomcat:
      Did not match:
         - @ConditionalOnClass did not find required class 'org.apache.tomcat.jdbc.pool.DataSource' (OnClassCondition)

   DataSourceJmxConfiguration:
      Did not match:
         - @ConditionalOnBooleanProperty (spring.jmx.enabled=true) did not find property 'spring.jmx.enabled' (OnPropertyCondition)

   DataSourcePoolMetadataProvidersConfiguration.CommonsDbcp2PoolDataSourceMetadataProviderConfiguration:
      Did not match:
         - @ConditionalOnClass did not find required class 'org.apache.commons.dbcp2.BasicDataSource' (OnClassCondition)

   DataSourcePoolMetadataProvidersConfiguration.OracleUcpPoolDataSourceMetadataProviderConfiguration:
      Did not match:
         - @ConditionalOnClass did not find required classes 'oracle.ucp.jdbc.PoolDataSource', 'oracle.jdbc.OracleConnection' (OnClassCondition)

   DataSourcePoolMetadataProvidersConfiguration.TomcatDataSourcePoolMetadataProviderConfiguration:
      Did not match:
         - @ConditionalOnClass did not find required class 'org.apache.tomcat.jdbc.pool.DataSource' (OnClassCondition)

   DataSourceTransactionManagerAutoConfiguration.JdbcTransactionManagerConfiguration#transactionManager:
      Did not match:
         - @ConditionalOnMissingBean (types: org.springframework.transaction.TransactionManager; SearchStrategy: all) found beans of type 'org.springframework.transaction.TransactionManager' transactionManager (OnBeanCondition)

   DispatcherServletAutoConfiguration.DispatcherServletConfiguration#multipartResolver:
      Did not match:
         - @ConditionalOnBean (types: org.springframework.web.multipart.MultipartResolver; SearchStrategy: all) did not find any beans of type org.springframework.web.multipart.MultipartResolver (OnBeanCondition)

   ElasticsearchClientAutoConfiguration:
      Did not match:
         - @ConditionalOnClass did not find required class 'co.elastic.clients.elasticsearch.ElasticsearchClient' (OnClassCondition)

   ElasticsearchDataAutoConfiguration:
      Did not match:
         - @ConditionalOnClass did not find required class 'org.springframework.data.elasticsearch.client.elc.ElasticsearchTemplate' (OnClassCondition)

   ElasticsearchRepositoriesAutoConfiguration:
      Did not match:
         - @ConditionalOnClass did not find required class 'org.springframework.data.elasticsearch.repository.ElasticsearchRepository' (OnClassCondition)

   ElasticsearchRestClientAutoConfiguration:
      Did not match:
         - @ConditionalOnClass did not find required class 'org.elasticsearch.client.RestClientBuilder' (OnClassCondition)

   EmbeddedLdapAutoConfiguration:
      Did not match:
         - @ConditionalOnClass did not find required class 'com.unboundid.ldap.listener.InMemoryDirectoryServer' (OnClassCondition)

   EmbeddedWebServerFactoryCustomizerAutoConfiguration.JettyWebServerFactoryCustomizerConfiguration:
      Did not match:
         - @ConditionalOnClass did not find required class 'org.eclipse.jetty.ee10.webapp.WebAppContext' (OnClassCondition)

   EmbeddedWebServerFactoryCustomizerAutoConfiguration.NettyWebServerFactoryCustomizerConfiguration:
      Did not match:
         - @ConditionalOnClass did not find required class 'reactor.netty.http.server.HttpServer' (OnClassCondition)

   EmbeddedWebServerFactoryCustomizerAutoConfiguration.TomcatWebServerFactoryCustomizerConfiguration#tomcatVirtualThreadsProtocolHandlerCustomizer:
      Did not match:
         - @ConditionalOnThreading did not find VIRTUAL (OnThreadingCondition)

   EmbeddedWebServerFactoryCustomizerAutoConfiguration.UndertowWebServerFactoryCustomizerConfiguration:
      Did not match:
         - @ConditionalOnClass did not find required classes 'io.undertow.Undertow', 'org.xnio.SslClientAuthMode' (OnClassCondition)

   ErrorWebFluxAutoConfiguration:
      Did not match:
         - @ConditionalOnClass did not find required class 'org.springframework.web.reactive.config.WebFluxConfigurer' (OnClassCondition)

   FlywayAutoConfiguration:
      Did not match:
         - @ConditionalOnClass did not find required class 'org.flywaydb.core.Flyway' (OnClassCondition)

   FreeMarkerAutoConfiguration:
      Did not match:
         - @ConditionalOnClass did not find required class 'freemarker.template.Configuration' (OnClassCondition)

   GraphQlAutoConfiguration:
      Did not match:
         - @ConditionalOnClass did not find required class 'graphql.GraphQL' (OnClassCondition)

   GraphQlQueryByExampleAutoConfiguration:
      Did not match:
         - @ConditionalOnClass did not find required class 'graphql.GraphQL' (OnClassCondition)

   GraphQlQuerydslAutoConfiguration:
      Did not match:
         - @ConditionalOnClass did not find required class 'com.querydsl.core.Query' (OnClassCondition)

   GraphQlRSocketAutoConfiguration:
      Did not match:
         - @ConditionalOnClass did not find required class 'graphql.GraphQL' (OnClassCondition)

   GraphQlReactiveQueryByExampleAutoConfiguration:
      Did not match:
         - @ConditionalOnClass did not find required class 'graphql.GraphQL' (OnClassCondition)

   GraphQlReactiveQuerydslAutoConfiguration:
      Did not match:
         - @ConditionalOnClass did not find required class 'com.querydsl.core.Query' (OnClassCondition)

   GraphQlWebFluxAutoConfiguration:
      Did not match:
         - @ConditionalOnClass did not find required class 'graphql.GraphQL' (OnClassCondition)

   GraphQlWebFluxSecurityAutoConfiguration:
      Did not match:
         - @ConditionalOnClass did not find required class 'graphql.GraphQL' (OnClassCondition)

   GraphQlWebMvcAutoConfiguration:
      Did not match:
         - @ConditionalOnClass did not find required class 'graphql.GraphQL' (OnClassCondition)

   GraphQlWebMvcSecurityAutoConfiguration:
      Did not match:
         - @ConditionalOnClass did not find required class 'graphql.GraphQL' (OnClassCondition)

   GroovyTemplateAutoConfiguration:
      Did not match:
         - @ConditionalOnClass did not find required class 'groovy.text.markup.MarkupTemplateEngine' (OnClassCondition)

   GsonAutoConfiguration:
      Did not match:
         - @ConditionalOnClass did not find required class 'com.google.gson.Gson' (OnClassCondition)

   GsonHttpMessageConvertersConfiguration:
      Did not match:
         - @ConditionalOnClass did not find required class 'com.google.gson.Gson' (OnClassCondition)

   H2ConsoleAutoConfiguration:
      Did not match:
         - @ConditionalOnClass did not find required class 'org.h2.server.web.JakartaWebServlet' (OnClassCondition)

   HazelcastAutoConfiguration:
      Did not match:
         - @ConditionalOnClass did not find required class 'com.hazelcast.core.HazelcastInstance' (OnClassCondition)

   HazelcastCacheConfiguration:
      Did not match:
         - @ConditionalOnClass did not find required class 'com.hazelcast.core.HazelcastInstance' (OnClassCondition)

   HazelcastJpaDependencyAutoConfiguration:
      Did not match:
         - @ConditionalOnClass did not find required class 'com.hazelcast.core.HazelcastInstance' (OnClassCondition)

   HttpHandlerAutoConfiguration:
      Did not match:
         - @ConditionalOnClass did not find required class 'org.springframework.web.reactive.DispatcherHandler' (OnClassCondition)

   HypermediaAutoConfiguration:
      Did not match:
         - @ConditionalOnClass did not find required class 'org.springframework.hateoas.EntityModel' (OnClassCondition)

   InfinispanCacheConfiguration:
      Did not match:
         - @ConditionalOnClass did not find required class 'org.infinispan.spring.embedded.provider.SpringEmbeddedCacheManager' (OnClassCondition)

   IntegrationAutoConfiguration:
      Did not match:
         - @ConditionalOnClass did not find required class 'org.springframework.integration.config.EnableIntegration' (OnClassCondition)

   JCacheCacheConfiguration:
      Did not match:
         - @ConditionalOnClass did not find required class 'javax.cache.Caching' (OnClassCondition)

   JacksonHttpMessageConvertersConfiguration.MappingJackson2XmlHttpMessageConverterConfiguration:
      Did not match:
         - @ConditionalOnClass did not find required class 'com.fasterxml.jackson.dataformat.xml.XmlMapper' (OnClassCondition)

   JdbcRepositoriesAutoConfiguration:
      Did not match:
         - @ConditionalOnClass did not find required class 'org.springframework.data.jdbc.repository.config.AbstractJdbcConfiguration' (OnClassCondition)

   JerseyAutoConfiguration:
      Did not match:
         - @ConditionalOnClass did not find required class 'org.glassfish.jersey.server.spring.SpringComponentProvider' (OnClassCondition)

   JmsAutoConfiguration:
      Did not match:
         - @ConditionalOnClass did not find required class 'jakarta.jms.Message' (OnClassCondition)

   JmxAutoConfiguration:
      Did not match:
         - @ConditionalOnBooleanProperty (spring.jmx.enabled=true) did not find property 'spring.jmx.enabled' (OnPropertyCondition)
      Matched:
         - @ConditionalOnClass found required class 'org.springframework.jmx.export.MBeanExporter' (OnClassCondition)

   JndiConnectionFactoryAutoConfiguration:
      Did not match:
         - @ConditionalOnClass did not find required class 'org.springframework.jms.core.JmsTemplate' (OnClassCondition)

   JndiDataSourceAutoConfiguration:
      Did not match:
         - @ConditionalOnProperty (spring.datasource.jndi-name) did not find property 'spring.datasource.jndi-name' (OnPropertyCondition)
      Matched:
         - @ConditionalOnClass found required classes 'javax.sql.DataSource', 'org.springframework.jdbc.datasource.embedded.EmbeddedDatabaseType' (OnClassCondition)

   JndiJtaConfiguration:
      Did not match:
         - @ConditionalOnJndi JNDI environment is not available (OnJndiCondition)
      Matched:
         - @ConditionalOnClass found required class 'org.springframework.transaction.jta.JtaTransactionManager' (OnClassCondition)

   JooqAutoConfiguration:
      Did not match:
         - @ConditionalOnClass did not find required class 'org.jooq.DSLContext' (OnClassCondition)

   JpaRepositoriesAutoConfiguration#entityManagerFactoryBootstrapExecutorCustomizer:
      Did not match:
         - AnyNestedCondition 0 matched 2 did not; NestedCondition on JpaRepositoriesAutoConfiguration.BootstrapExecutorCondition.LazyBootstrapMode @ConditionalOnProperty (spring.data.jpa.repositories.bootstrap-mode=lazy) did not find property 'spring.data.jpa.repositories.bootstrap-mode'; NestedCondition on JpaRepositoriesAutoConfiguration.BootstrapExecutorCondition.DeferredBootstrapMode @ConditionalOnProperty (spring.data.jpa.repositories.bootstrap-mode=deferred) did not find property 'spring.data.jpa.repositories.bootstrap-mode' (JpaRepositoriesAutoConfiguration.BootstrapExecutorCondition)

   JsonbAutoConfiguration:
      Did not match:
         - @ConditionalOnClass did not find required class 'jakarta.json.bind.Jsonb' (OnClassCondition)

   JsonbHttpMessageConvertersConfiguration:
      Did not match:
         - @ConditionalOnClass did not find required class 'jakarta.json.bind.Jsonb' (OnClassCondition)

   KafkaAutoConfiguration:
      Did not match:
         - @ConditionalOnClass did not find required class 'org.springframework.kafka.core.KafkaTemplate' (OnClassCondition)

   LdapAutoConfiguration:
      Did not match:
         - @ConditionalOnClass did not find required class 'org.springframework.ldap.core.ContextSource' (OnClassCondition)

   LdapRepositoriesAutoConfiguration:
      Did not match:
         - @ConditionalOnClass did not find required class 'org.springframework.data.ldap.repository.LdapRepository' (OnClassCondition)

   LiquibaseAutoConfiguration.CustomizerConfiguration#springLiquibaseCustomizer:
      Did not match:
         - @ConditionalOnBean (types: liquibase.integration.spring.Customizer; SearchStrategy: all) did not find any beans of type liquibase.integration.spring.Customizer (OnBeanCondition)

   MailSenderAutoConfiguration:
      Did not match:
         - @ConditionalOnClass did not find required class 'jakarta.mail.internet.MimeMessage' (OnClassCondition)

   MailSenderValidatorAutoConfiguration:
      Did not match:
         - @ConditionalOnSingleCandidate did not find required type 'org.springframework.mail.javamail.JavaMailSenderImpl' (OnBeanCondition)

   MongoAutoConfiguration:
      Did not match:
         - @ConditionalOnClass did not find required class 'com.mongodb.client.MongoClient' (OnClassCondition)

   MongoDataAutoConfiguration:
      Did not match:
         - @ConditionalOnClass did not find required class 'com.mongodb.client.MongoClient' (OnClassCondition)

   MongoReactiveAutoConfiguration:
      Did not match:
         - @ConditionalOnClass did not find required class 'com.mongodb.reactivestreams.client.MongoClient' (OnClassCondition)

   MongoReactiveDataAutoConfiguration:
      Did not match:
         - @ConditionalOnClass did not find required class 'com.mongodb.reactivestreams.client.MongoClient' (OnClassCondition)

   MongoReactiveRepositoriesAutoConfiguration:
      Did not match:
         - @ConditionalOnClass did not find required class 'com.mongodb.reactivestreams.client.MongoClient' (OnClassCondition)

   MongoRepositoriesAutoConfiguration:
      Did not match:
         - @ConditionalOnClass did not find required class 'com.mongodb.client.MongoClient' (OnClassCondition)

   MustacheAutoConfiguration:
      Did not match:
         - @ConditionalOnClass did not find required class 'com.samskivert.mustache.Mustache' (OnClassCondition)

   Neo4jAutoConfiguration:
      Did not match:
         - @ConditionalOnClass did not find required class 'org.neo4j.driver.Driver' (OnClassCondition)

   Neo4jDataAutoConfiguration:
      Did not match:
         - @ConditionalOnClass did not find required class 'org.neo4j.driver.Driver' (OnClassCondition)

   Neo4jReactiveDataAutoConfiguration:
      Did not match:
         - @ConditionalOnClass did not find required class 'org.neo4j.driver.Driver' (OnClassCondition)

   Neo4jReactiveRepositoriesAutoConfiguration:
      Did not match:
         - @ConditionalOnClass did not find required class 'org.neo4j.driver.Driver' (OnClassCondition)

   Neo4jRepositoriesAutoConfiguration:
      Did not match:
         - @ConditionalOnClass did not find required class 'org.neo4j.driver.Driver' (OnClassCondition)

   NettyAutoConfiguration:
      Did not match:
         - @ConditionalOnClass did not find required class 'io.netty.util.NettyRuntime' (OnClassCondition)

   OAuth2AuthorizationServerAutoConfiguration:
      Did not match:
         - @ConditionalOnClass did not find required class 'org.springframework.security.oauth2.server.authorization.OAuth2Authorization' (OnClassCondition)

   OAuth2AuthorizationServerJwtAutoConfiguration:
      Did not match:
         - @ConditionalOnClass did not find required class 'com.nimbusds.jose.jwk.source.JWKSource' (OnClassCondition)

   OAuth2ClientAutoConfiguration:
      Did not match:
         - @ConditionalOnClass did not find required class 'org.springframework.security.oauth2.client.registration.ClientRegistration' (OnClassCondition)

   OAuth2ClientWebSecurityAutoConfiguration:
      Did not match:
         - @ConditionalOnClass did not find required class 'org.springframework.security.oauth2.client.web.OAuth2AuthorizedClientRepository' (OnClassCondition)

   OAuth2ResourceServerAutoConfiguration:
      Did not match:
         - @ConditionalOnClass did not find required class 'org.springframework.security.oauth2.server.resource.authentication.BearerTokenAuthenticationToken' (OnClassCondition)

   ProjectInfoAutoConfiguration#buildProperties:
      Did not match:
         - @ConditionalOnResource did not find resource '${spring.info.build.location:classpath:META-INF/build-info.properties}' (OnResourceCondition)

   ProjectInfoAutoConfiguration#gitProperties:
      Did not match:
         - GitResource did not find git info at classpath:git.properties (ProjectInfoAutoConfiguration.GitResourceAvailableCondition)

   PulsarAutoConfiguration:
      Did not match:
         - @ConditionalOnClass did not find required class 'org.apache.pulsar.client.api.PulsarClient' (OnClassCondition)

   PulsarReactiveAutoConfiguration:
      Did not match:
         - @ConditionalOnClass did not find required class 'org.apache.pulsar.client.api.PulsarClient' (OnClassCondition)

   QuartzAutoConfiguration:
      Did not match:
         - @ConditionalOnClass did not find required class 'org.quartz.Scheduler' (OnClassCondition)

   R2dbcAutoConfiguration:
      Did not match:
         - @ConditionalOnClass did not find required class 'io.r2dbc.spi.ConnectionFactory' (OnClassCondition)

   R2dbcDataAutoConfiguration:
      Did not match:
         - @ConditionalOnClass did not find required class 'org.springframework.data.r2dbc.core.R2dbcEntityTemplate' (OnClassCondition)

   R2dbcInitializationConfiguration:
      Did not match:
         - @ConditionalOnClass did not find required classes 'io.r2dbc.spi.ConnectionFactory', 'org.springframework.r2dbc.connection.init.DatabasePopulator' (OnClassCondition)

   R2dbcProxyAutoConfiguration:
      Did not match:
         - @ConditionalOnClass did not find required class 'io.r2dbc.proxy.ProxyConnectionFactory' (OnClassCondition)

   R2dbcRepositoriesAutoConfiguration:
      Did not match:
         - @ConditionalOnClass did not find required class 'io.r2dbc.spi.ConnectionFactory' (OnClassCondition)

   R2dbcTransactionManagerAutoConfiguration:
      Did not match:
         - @ConditionalOnClass did not find required class 'org.springframework.r2dbc.connection.R2dbcTransactionManager' (OnClassCondition)

   RSocketGraphQlClientAutoConfiguration:
      Did not match:
         - @ConditionalOnClass did not find required class 'graphql.GraphQL' (OnClassCondition)

   RSocketMessagingAutoConfiguration:
      Did not match:
         - @ConditionalOnClass did not find required class 'io.rsocket.RSocket' (OnClassCondition)

   RSocketRequesterAutoConfiguration:
      Did not match:
         - @ConditionalOnClass did not find required class 'io.rsocket.RSocket' (OnClassCondition)

   RSocketSecurityAutoConfiguration:
      Did not match:
         - @ConditionalOnClass did not find required class 'org.springframework.security.rsocket.core.SecuritySocketAcceptorInterceptor' (OnClassCondition)

   RSocketServerAutoConfiguration:
      Did not match:
         - @ConditionalOnClass did not find required class 'io.rsocket.core.RSocketServer' (OnClassCondition)

   RSocketStrategiesAutoConfiguration:
      Did not match:
         - @ConditionalOnClass did not find required class 'io.netty.buffer.PooledByteBufAllocator' (OnClassCondition)

   RabbitAutoConfiguration:
      Did not match:
         - @ConditionalOnClass did not find required class 'com.rabbitmq.client.Channel' (OnClassCondition)

   ReactiveElasticsearchClientAutoConfiguration:
      Did not match:
         - @ConditionalOnClass did not find required class 'co.elastic.clients.transport.ElasticsearchTransport' (OnClassCondition)

   ReactiveElasticsearchRepositoriesAutoConfiguration:
      Did not match:
         - @ConditionalOnClass did not find required class 'reactor.core.publisher.Mono' (OnClassCondition)

   ReactiveMultipartAutoConfiguration:
      Did not match:
         - @ConditionalOnClass did not find required class 'org.springframework.web.reactive.config.WebFluxConfigurer' (OnClassCondition)

   ReactiveOAuth2ClientAutoConfiguration:
      Did not match:
         - @ConditionalOnClass did not find required class 'reactor.core.publisher.Flux' (OnClassCondition)

   ReactiveOAuth2ClientWebSecurityAutoConfiguration:
      Did not match:
         - @ConditionalOnClass did not find required class 'reactor.core.publisher.Flux' (OnClassCondition)

   ReactiveOAuth2ResourceServerAutoConfiguration:
      Did not match:
         - @ConditionalOnWebApplication did not find reactive web application classes (OnWebApplicationCondition)

   ReactiveSecurityAutoConfiguration:
      Did not match:
         - @ConditionalOnClass did not find required class 'reactor.core.publisher.Flux' (OnClassCondition)

   ReactiveUserDetailsServiceAutoConfiguration:
      Did not match:
         - AnyNestedCondition 0 matched 2 did not; NestedCondition on ReactiveUserDetailsServiceAutoConfiguration.RSocketEnabledOrReactiveWebApplication.ReactiveWebApplicationCondition did not find reactive web application classes; NestedCondition on ReactiveUserDetailsServiceAutoConfiguration.RSocketEnabledOrReactiveWebApplication.RSocketSecurityEnabledCondition @ConditionalOnBean (types: ?; SearchStrategy: all) did not find any beans of type ? (ReactiveUserDetailsServiceAutoConfiguration.RSocketEnabledOrReactiveWebApplication)
      Matched:
         - @ConditionalOnClass found required class 'org.springframework.security.authentication.ReactiveAuthenticationManager' (OnClassCondition)
         - AnyNestedCondition 1 matched 2 did not; NestedCondition on ReactiveUserDetailsServiceAutoConfiguration.MissingAlternativeOrUserPropertiesConfigured.PasswordConfigured @ConditionalOnProperty (spring.security.user.password) did not find property 'spring.security.user.password'; NestedCondition on ReactiveUserDetailsServiceAutoConfiguration.MissingAlternativeOrUserPropertiesConfigured.NameConfigured @ConditionalOnProperty (spring.security.user.name) did not find property 'spring.security.user.name'; NestedCondition on ReactiveUserDetailsServiceAutoConfiguration.MissingAlternativeOrUserPropertiesConfigured.MissingAlternative @ConditionalOnMissingClass did not find unwanted classes 'org.springframework.security.oauth2.client.registration.ClientRegistrationRepository', 'org.springframework.security.oauth2.server.resource.introspection.ReactiveOpaqueTokenIntrospector' (ReactiveUserDetailsServiceAutoConfiguration.MissingAlternativeOrUserPropertiesConfigured)

   ReactiveWebServerFactoryAutoConfiguration:
      Did not match:
         - @ConditionalOnWebApplication did not find reactive web application classes (OnWebApplicationCondition)

   ReactorAutoConfiguration:
      Did not match:
         - @ConditionalOnClass did not find required class 'reactor.core.publisher.Hooks' (OnClassCondition)

   RedisAutoConfiguration:
      Did not match:
         - @ConditionalOnClass did not find required class 'org.springframework.data.redis.core.RedisOperations' (OnClassCondition)

   RedisCacheConfiguration:
      Did not match:
         - @ConditionalOnClass did not find required class 'org.springframework.data.redis.connection.RedisConnectionFactory' (OnClassCondition)

   RedisReactiveAutoConfiguration:
      Did not match:
         - @ConditionalOnClass did not find required class 'reactor.core.publisher.Flux' (OnClassCondition)

   RedisRepositoriesAutoConfiguration:
      Did not match:
         - @ConditionalOnClass did not find required class 'org.springframework.data.redis.repository.configuration.EnableRedisRepositories' (OnClassCondition)

   RepositoryRestMvcAutoConfiguration:
      Did not match:
         - @ConditionalOnClass did not find required class 'org.springframework.data.rest.webmvc.config.RepositoryRestMvcConfiguration' (OnClassCondition)

   Saml2RelyingPartyAutoConfiguration:
      Did not match:
         - @ConditionalOnClass did not find required class 'org.springframework.security.saml2.provider.service.registration.RelyingPartyRegistrationRepository' (OnClassCondition)

   SecurityDataConfiguration:
      Did not match:
         - @ConditionalOnClass did not find required class 'org.springframework.security.data.repository.query.SecurityEvaluationContextExtension' (OnClassCondition)

   SendGridAutoConfiguration:
      Did not match:
         - @ConditionalOnClass did not find required class 'com.sendgrid.SendGrid' (OnClassCondition)

   ServletWebServerFactoryAutoConfiguration.ForwardedHeaderFilterConfiguration:
      Did not match:
         - @ConditionalOnProperty (server.forward-headers-strategy=framework) did not find property 'server.forward-headers-strategy' (OnPropertyCondition)

   ServletWebServerFactoryConfiguration.EmbeddedJetty:
      Did not match:
         - @ConditionalOnClass did not find required class 'org.eclipse.jetty.ee10.webapp.WebAppContext' (OnClassCondition)

   ServletWebServerFactoryConfiguration.EmbeddedUndertow:
      Did not match:
         - @ConditionalOnClass did not find required classes 'io.undertow.Undertow', 'org.xnio.SslClientAuthMode' (OnClassCondition)

   SessionAutoConfiguration:
      Did not match:
         - @ConditionalOnClass did not find required class 'org.springframework.session.Session' (OnClassCondition)

   SpringApplicationAdminJmxAutoConfiguration:
      Did not match:
         - @ConditionalOnBooleanProperty (spring.application.admin.enabled=true) did not find property 'spring.application.admin.enabled' (OnPropertyCondition)

   SpringBootWebSecurityConfiguration.SecurityFilterChainConfiguration:
      Did not match:
         - AllNestedConditions 1 matched 1 did not; NestedCondition on DefaultWebSecurityCondition.Beans @ConditionalOnMissingBean (types: org.springframework.security.web.SecurityFilterChain; SearchStrategy: all) found beans of type 'org.springframework.security.web.SecurityFilterChain' securityFilterChain; NestedCondition on DefaultWebSecurityCondition.Classes @ConditionalOnClass found required classes 'org.springframework.security.web.SecurityFilterChain', 'org.springframework.security.config.annotation.web.builders.HttpSecurity' (DefaultWebSecurityCondition)

   SpringBootWebSecurityConfiguration.WebSecurityEnablerConfiguration:
      Did not match:
         - @ConditionalOnMissingBean (names: springSecurityFilterChain; SearchStrategy: all) found beans named springSecurityFilterChain (OnBeanCondition)
      Matched:
         - @ConditionalOnClass found required class 'org.springframework.security.config.annotation.web.configuration.EnableWebSecurity' (OnClassCondition)

   TaskExecutorConfigurations.SimpleAsyncTaskExecutorBuilderConfiguration#simpleAsyncTaskExecutorBuilderVirtualThreads:
      Did not match:
         - @ConditionalOnMissingBean (types: org.springframework.boot.task.SimpleAsyncTaskExecutorBuilder; SearchStrategy: all) found beans of type 'org.springframework.boot.task.SimpleAsyncTaskExecutorBuilder' simpleAsyncTaskExecutorBuilder (OnBeanCondition)

   TaskExecutorConfigurations.TaskExecutorConfiguration#applicationTaskExecutorVirtualThreads:
      Did not match:
         - @ConditionalOnThreading did not find VIRTUAL (OnThreadingCondition)

   TaskSchedulingAutoConfiguration#scheduledBeanLazyInitializationExcludeFilter:
      Did not match:
         - @ConditionalOnBean (names: org.springframework.context.annotation.internalScheduledAnnotationProcessor; SearchStrategy: all) did not find any beans named org.springframework.context.annotation.internalScheduledAnnotationProcessor (OnBeanCondition)

   TaskSchedulingConfigurations.SimpleAsyncTaskSchedulerBuilderConfiguration#simpleAsyncTaskSchedulerBuilderVirtualThreads:
      Did not match:
         - @ConditionalOnMissingBean (types: org.springframework.boot.task.SimpleAsyncTaskSchedulerBuilder; SearchStrategy: all) found beans of type 'org.springframework.boot.task.SimpleAsyncTaskSchedulerBuilder' simpleAsyncTaskSchedulerBuilder (OnBeanCondition)

   TaskSchedulingConfigurations.TaskSchedulerConfiguration:
      Did not match:
         - @ConditionalOnBean (names: org.springframework.context.annotation.internalScheduledAnnotationProcessor; SearchStrategy: all) did not find any beans named org.springframework.context.annotation.internalScheduledAnnotationProcessor (OnBeanCondition)

   ThymeleafAutoConfiguration:
      Did not match:
         - @ConditionalOnClass did not find required class 'org.thymeleaf.spring6.SpringTemplateEngine' (OnClassCondition)

   TransactionAutoConfiguration#transactionalOperator:
      Did not match:
         - @ConditionalOnSingleCandidate (types: org.springframework.transaction.ReactiveTransactionManager; SearchStrategy: all) did not find any beans (OnBeanCondition)

   TransactionAutoConfiguration.AspectJTransactionManagementConfiguration:
      Did not match:
         - @ConditionalOnBean (types: org.springframework.transaction.aspectj.AbstractTransactionAspect; SearchStrategy: all) did not find any beans of type org.springframework.transaction.aspectj.AbstractTransactionAspect (OnBeanCondition)

   TransactionAutoConfiguration.EnableTransactionManagementConfiguration.JdkDynamicAutoProxyConfiguration:
      Did not match:
         - @ConditionalOnBooleanProperty (spring.aop.proxy-target-class=false) did not find property 'spring.aop.proxy-target-class' (OnPropertyCondition)

   UserDetailsServiceAutoConfiguration:
      Did not match:
         - @ConditionalOnMissingBean (types: org.springframework.security.authentication.AuthenticationManager,org.springframework.security.authentication.AuthenticationProvider,org.springframework.security.core.userdetails.UserDetailsService,org.springframework.security.authentication.AuthenticationManagerResolver,?; SearchStrategy: all) found beans of type 'org.springframework.security.core.userdetails.UserDetailsService' userDetailsService (OnBeanCondition)
      Matched:
         - @ConditionalOnClass found required class 'org.springframework.security.authentication.AuthenticationManager' (OnClassCondition)
         - found 'session' scope (OnWebApplicationCondition)
         - AnyNestedCondition 1 matched 2 did not; NestedCondition on UserDetailsServiceAutoConfiguration.MissingAlternativeOrUserPropertiesConfigured.PasswordConfigured @ConditionalOnProperty (spring.security.user.password) did not find property 'spring.security.user.password'; NestedCondition on UserDetailsServiceAutoConfiguration.MissingAlternativeOrUserPropertiesConfigured.NameConfigured @ConditionalOnProperty (spring.security.user.name) did not find property 'spring.security.user.name'; NestedCondition on UserDetailsServiceAutoConfiguration.MissingAlternativeOrUserPropertiesConfigured.MissingAlternative @ConditionalOnMissingClass did not find unwanted classes 'org.springframework.security.oauth2.client.registration.ClientRegistrationRepository', 'org.springframework.security.oauth2.server.resource.introspection.OpaqueTokenIntrospector', 'org.springframework.security.saml2.provider.service.registration.RelyingPartyRegistrationRepository' (UserDetailsServiceAutoConfiguration.MissingAlternativeOrUserPropertiesConfigured)

   ValidationAutoConfiguration:
      Did not match:
         - @ConditionalOnResource did not find resource 'classpath:META-INF/services/jakarta.validation.spi.ValidationProvider' (OnResourceCondition)
      Matched:
         - @ConditionalOnClass found required class 'jakarta.validation.executable.ExecutableValidator' (OnClassCondition)

   WebClientAutoConfiguration:
      Did not match:
         - @ConditionalOnClass did not find required class 'org.springframework.web.reactive.function.client.WebClient' (OnClassCondition)

   WebFluxAutoConfiguration:
      Did not match:
         - @ConditionalOnClass did not find required class 'org.springframework.web.reactive.config.WebFluxConfigurer' (OnClassCondition)

   WebMvcAutoConfiguration#hiddenHttpMethodFilter:
      Did not match:
         - @ConditionalOnBooleanProperty (spring.mvc.hiddenmethod.filter.enabled=true) did not find property 'spring.mvc.hiddenmethod.filter.enabled' (OnPropertyCondition)

   WebMvcAutoConfiguration.ProblemDetailsErrorHandlingConfiguration:
      Did not match:
         - @ConditionalOnBooleanProperty (spring.mvc.problemdetails.enabled=true) did not find property 'spring.mvc.problemdetails.enabled' (OnPropertyCondition)

   WebMvcAutoConfiguration.ResourceChainCustomizerConfiguration:
      Did not match:
         - @ConditionalOnEnabledResourceChain did not find class org.webjars.WebJarVersionLocator (OnEnabledResourceChainCondition)

   WebMvcAutoConfiguration.WebMvcAutoConfigurationAdapter#beanNameViewResolver:
      Did not match:
         - @ConditionalOnMissingBean (types: org.springframework.web.servlet.view.BeanNameViewResolver; SearchStrategy: all) found beans of type 'org.springframework.web.servlet.view.BeanNameViewResolver' beanNameViewResolver (OnBeanCondition)

   WebServiceTemplateAutoConfiguration:
      Did not match:
         - @ConditionalOnClass did not find required class 'org.springframework.oxm.Marshaller' (OnClassCondition)

   WebServicesAutoConfiguration:
      Did not match:
         - @ConditionalOnClass did not find required class 'org.springframework.ws.transport.http.MessageDispatcherServlet' (OnClassCondition)

   WebSessionIdResolverAutoConfiguration:
      Did not match:
         - @ConditionalOnClass did not find required class 'reactor.core.publisher.Mono' (OnClassCondition)

   WebSocketMessagingAutoConfiguration:
      Did not match:
         - @ConditionalOnClass did not find required class 'org.springframework.web.socket.config.annotation.WebSocketMessageBrokerConfigurer' (OnClassCondition)

   WebSocketReactiveAutoConfiguration:
      Did not match:
         - @ConditionalOnWebApplication did not find reactive web application classes (OnWebApplicationCondition)

   WebSocketServletAutoConfiguration.JettyWebSocketConfiguration:
      Did not match:
         - @ConditionalOnClass did not find required class 'org.eclipse.jetty.ee10.websocket.jakarta.server.config.JakartaWebSocketServletContainerInitializer' (OnClassCondition)

   WebSocketServletAutoConfiguration.UndertowWebSocketConfiguration:
      Did not match:
         - @ConditionalOnClass did not find required class 'io.undertow.websockets.jsr.Bootstrap' (OnClassCondition)

   XADataSourceAutoConfiguration:
      Did not match:
         - @ConditionalOnBean (types: org.springframework.boot.jdbc.XADataSourceWrapper; SearchStrategy: all) did not find any beans of type org.springframework.boot.jdbc.XADataSourceWrapper (OnBeanCondition)
      Matched:
         - @ConditionalOnClass found required classes 'javax.sql.DataSource', 'jakarta.transaction.TransactionManager', 'org.springframework.jdbc.datasource.embedded.EmbeddedDatabaseType' (OnClassCondition)


Exclusions:
-----------

    None


Unconditional classes:
----------------------

    org.springframework.boot.autoconfigure.context.ConfigurationPropertiesAutoConfiguration

    org.springframework.boot.autoconfigure.ssl.SslAutoConfiguration

    org.springframework.boot.autoconfigure.context.LifecycleAutoConfiguration

    org.springframework.boot.autoconfigure.context.PropertyPlaceholderAutoConfiguration

    org.springframework.boot.autoconfigure.availability.ApplicationAvailabilityAutoConfiguration

    org.springframework.boot.autoconfigure.info.ProjectInfoAutoConfiguration



2025-07-31 13:15:31.868 [main] DEBUG org.springframework.boot.diagnostics.LoggingFailureAnalysisReporter - Application failed to start due to an exception
org.springframework.boot.autoconfigure.jdbc.DataSourceProperties$DataSourceBeanCreationException: Failed to determine a suitable driver class
	at org.springframework.boot.autoconfigure.jdbc.DataSourceProperties.determineDriverClassName(DataSourceProperties.java:176) ~[spring-boot-autoconfigure-3.5.0.jar:3.5.0]
	at org.springframework.boot.autoconfigure.jdbc.PropertiesJdbcConnectionDetails.getDriverClassName(PropertiesJdbcConnectionDetails.java:49) ~[spring-boot-autoconfigure-3.5.0.jar:3.5.0]
	at org.springframework.boot.autoconfigure.jdbc.DataSourceConfiguration.createDataSource(DataSourceConfiguration.java:62) ~[spring-boot-autoconfigure-3.5.0.jar:3.5.0]
	at org.springframework.boot.autoconfigure.jdbc.DataSourceConfiguration$Hikari.dataSource(DataSourceConfiguration.java:127) ~[spring-boot-autoconfigure-3.5.0.jar:3.5.0]
	at java.base/jdk.internal.reflect.DirectMethodHandleAccessor.invoke(DirectMethodHandleAccessor.java:103) ~[?:?]
	at java.base/java.lang.reflect.Method.invoke(Method.java:580) ~[?:?]
	at org.springframework.beans.factory.support.SimpleInstantiationStrategy.lambda$instantiate$0(SimpleInstantiationStrategy.java:171) ~[spring-beans-6.2.7.jar:6.2.7]
	at org.springframework.beans.factory.support.SimpleInstantiationStrategy.instantiateWithFactoryMethod(SimpleInstantiationStrategy.java:88) ~[spring-beans-6.2.7.jar:6.2.7]
	at org.springframework.beans.factory.support.SimpleInstantiationStrategy.instantiate(SimpleInstantiationStrategy.java:168) ~[spring-beans-6.2.7.jar:6.2.7]
	at org.springframework.beans.factory.support.ConstructorResolver.instantiate(ConstructorResolver.java:653) ~[spring-beans-6.2.7.jar:6.2.7]
	at org.springframework.beans.factory.support.ConstructorResolver.instantiateUsingFactoryMethod(ConstructorResolver.java:645) ~[spring-beans-6.2.7.jar:6.2.7]
	at org.springframework.beans.factory.support.AbstractAutowireCapableBeanFactory.instantiateUsingFactoryMethod(AbstractAutowireCapableBeanFactory.java:1375) ~[spring-beans-6.2.7.jar:6.2.7]
	at org.springframework.beans.factory.support.AbstractAutowireCapableBeanFactory.createBeanInstance(AbstractAutowireCapableBeanFactory.java:1205) ~[spring-beans-6.2.7.jar:6.2.7]
	at org.springframework.beans.factory.support.AbstractAutowireCapableBeanFactory.doCreateBean(AbstractAutowireCapableBeanFactory.java:569) ~[spring-beans-6.2.7.jar:6.2.7]
	at org.springframework.beans.factory.support.AbstractAutowireCapableBeanFactory.createBean(AbstractAutowireCapableBeanFactory.java:529) ~[spring-beans-6.2.7.jar:6.2.7]
	at org.springframework.beans.factory.support.AbstractBeanFactory.lambda$doGetBean$0(AbstractBeanFactory.java:339) ~[spring-beans-6.2.7.jar:6.2.7]
	at org.springframework.beans.factory.support.DefaultSingletonBeanRegistry.getSingleton(DefaultSingletonBeanRegistry.java:373) ~[spring-beans-6.2.7.jar:6.2.7]
	at org.springframework.beans.factory.support.AbstractBeanFactory.doGetBean(AbstractBeanFactory.java:337) ~[spring-beans-6.2.7.jar:6.2.7]
	at org.springframework.beans.factory.support.AbstractBeanFactory.getBean(AbstractBeanFactory.java:202) ~[spring-beans-6.2.7.jar:6.2.7]
	at org.springframework.beans.factory.support.DefaultListableBeanFactory.doResolveDependency(DefaultListableBeanFactory.java:1682) ~[spring-beans-6.2.7.jar:6.2.7]
	at org.springframework.beans.factory.support.DefaultListableBeanFactory$DependencyObjectProvider.getIfUnique(DefaultListableBeanFactory.java:2570) ~[spring-beans-6.2.7.jar:6.2.7]
	at org.springframework.boot.autoconfigure.liquibase.LiquibaseAutoConfiguration$LiquibaseConfiguration.liquibase(LiquibaseAutoConfiguration.java:107) ~[spring-boot-autoconfigure-3.5.0.jar:3.5.0]
	at java.base/jdk.internal.reflect.DirectMethodHandleAccessor.invoke(DirectMethodHandleAccessor.java:103) ~[?:?]
	at java.base/java.lang.reflect.Method.invoke(Method.java:580) ~[?:?]
	at org.springframework.beans.factory.support.SimpleInstantiationStrategy.lambda$instantiate$0(SimpleInstantiationStrategy.java:171) ~[spring-beans-6.2.7.jar:6.2.7]
	at org.springframework.beans.factory.support.SimpleInstantiationStrategy.instantiateWithFactoryMethod(SimpleInstantiationStrategy.java:88) ~[spring-beans-6.2.7.jar:6.2.7]
	at org.springframework.beans.factory.support.SimpleInstantiationStrategy.instantiate(SimpleInstantiationStrategy.java:168) ~[spring-beans-6.2.7.jar:6.2.7]
	at org.springframework.beans.factory.support.ConstructorResolver.instantiate(ConstructorResolver.java:653) ~[spring-beans-6.2.7.jar:6.2.7]
	at org.springframework.beans.factory.support.ConstructorResolver.instantiateUsingFactoryMethod(ConstructorResolver.java:645) ~[spring-beans-6.2.7.jar:6.2.7]
	at org.springframework.beans.factory.support.AbstractAutowireCapableBeanFactory.instantiateUsingFactoryMethod(AbstractAutowireCapableBeanFactory.java:1375) ~[spring-beans-6.2.7.jar:6.2.7]
	at org.springframework.beans.factory.support.AbstractAutowireCapableBeanFactory.createBeanInstance(AbstractAutowireCapableBeanFactory.java:1205) ~[spring-beans-6.2.7.jar:6.2.7]
	at org.springframework.beans.factory.support.AbstractAutowireCapableBeanFactory.doCreateBean(AbstractAutowireCapableBeanFactory.java:569) ~[spring-beans-6.2.7.jar:6.2.7]
	at org.springframework.beans.factory.support.AbstractAutowireCapableBeanFactory.createBean(AbstractAutowireCapableBeanFactory.java:529) ~[spring-beans-6.2.7.jar:6.2.7]
	at org.springframework.beans.factory.support.AbstractBeanFactory.lambda$doGetBean$0(AbstractBeanFactory.java:339) ~[spring-beans-6.2.7.jar:6.2.7]
	at org.springframework.beans.factory.support.DefaultSingletonBeanRegistry.getSingleton(DefaultSingletonBeanRegistry.java:373) ~[spring-beans-6.2.7.jar:6.2.7]
	at org.springframework.beans.factory.support.AbstractBeanFactory.doGetBean(AbstractBeanFactory.java:337) ~[spring-beans-6.2.7.jar:6.2.7]
	at org.springframework.beans.factory.support.AbstractBeanFactory.getBean(AbstractBeanFactory.java:202) ~[spring-beans-6.2.7.jar:6.2.7]
	at org.springframework.beans.factory.support.AbstractBeanFactory.doGetBean(AbstractBeanFactory.java:315) ~[spring-beans-6.2.7.jar:6.2.7]
	at org.springframework.beans.factory.support.AbstractBeanFactory.getBean(AbstractBeanFactory.java:207) ~[spring-beans-6.2.7.jar:6.2.7]
	at org.springframework.context.support.AbstractApplicationContext.finishBeanFactoryInitialization(AbstractApplicationContext.java:970) ~[spring-context-6.2.7.jar:6.2.7]
	at org.springframework.context.support.AbstractApplicationContext.refresh(AbstractApplicationContext.java:627) ~[spring-context-6.2.7.jar:6.2.7]
	at org.springframework.boot.web.servlet.context.ServletWebServerApplicationContext.refresh(ServletWebServerApplicationContext.java:146) ~[spring-boot-3.5.0.jar:3.5.0]
	at org.springframework.boot.SpringApplication.refresh(SpringApplication.java:753) [spring-boot-3.5.0.jar:3.5.0]
	at org.springframework.boot.SpringApplication.refreshContext(SpringApplication.java:439) [spring-boot-3.5.0.jar:3.5.0]
	at org.springframework.boot.SpringApplication.run(SpringApplication.java:318) [spring-boot-3.5.0.jar:3.5.0]
	at org.springframework.boot.SpringApplication.run(SpringApplication.java:1362) [spring-boot-3.5.0.jar:3.5.0]
	at org.springframework.boot.SpringApplication.run(SpringApplication.java:1351) [spring-boot-3.5.0.jar:3.5.0]
	at com.example.studentsbot.Main.main(Main.java:18) [classes/:?]
2025-07-31 13:15:31.896 [main] ERROR org.springframework.boot.diagnostics.LoggingFailureAnalysisReporter - 

***************************
APPLICATION FAILED TO START
***************************

Description:

Failed to configure a DataSource: 'url' attribute is not specified and no embedded datasource could be configured.

Reason: Failed to determine a suitable driver class


Action:

Consider the following:
	If you want an embedded database (H2, HSQL or Derby), please put it on the classpath.
	If you have database settings to be loaded from a particular profile you may need to activate it (no profiles are currently active).

2025-07-31 13:22:09.827 [main] INFO  com.example.studentsbot.Main - Starting Main using Java 23.0.2 with PID 8132 (C:\Users\Serge\Documents\Bot\work\stud_tg\StudentsBot\StudentsBot\target\classes started by Serge in C:\Users\Serge\Documents\Bot\work\stud_tg)
2025-07-31 13:22:09.876 [main] INFO  com.example.studentsbot.Main - No active profile set, falling back to 1 default profile: "default"
2025-07-31 13:22:12.404 [main] INFO  org.springframework.data.repository.config.RepositoryConfigurationDelegate - Bootstrapping Spring Data JPA repositories in DEFAULT mode.
2025-07-31 13:22:12.545 [main] INFO  org.springframework.data.repository.config.RepositoryConfigurationDelegate - Finished Spring Data repository scanning in 115 ms. Found 2 JPA repository interfaces.
2025-07-31 13:22:14.254 [main] INFO  org.springframework.boot.web.embedded.tomcat.TomcatWebServer - Tomcat initialized with port 8080 (http)
2025-07-31 13:22:14.343 [main] INFO  org.apache.coyote.http11.Http11NioProtocol - Initializing ProtocolHandler ["http-nio-8080"]
2025-07-31 13:22:14.350 [main] INFO  org.apache.catalina.core.StandardService - Starting service [Tomcat]
2025-07-31 13:22:14.350 [main] INFO  org.apache.catalina.core.StandardEngine - Starting Servlet engine: [Apache Tomcat/10.1.41]
2025-07-31 13:22:14.544 [main] INFO  org.apache.catalina.core.ContainerBase.[Tomcat].[localhost].[/] - Initializing Spring embedded WebApplicationContext
2025-07-31 13:22:14.544 [main] INFO  org.springframework.boot.web.servlet.context.ServletWebServerApplicationContext - Root WebApplicationContext: initialization completed in 4513 ms
2025-07-31 13:22:14.845 [main] WARN  org.springframework.boot.web.servlet.context.AnnotationConfigServletWebServerApplicationContext - Exception encountered during context initialization - cancelling refresh attempt: org.springframework.beans.factory.BeanCreationException: Error creating bean with name 'entityManagerFactory' defined in class path resource [org/springframework/boot/autoconfigure/orm/jpa/HibernateJpaConfiguration.class]: Failed to initialize dependency 'liquibase' of LoadTimeWeaverAware bean 'entityManagerFactory': Error creating bean with name 'liquibase' defined in class path resource [org/springframework/boot/autoconfigure/liquibase/LiquibaseAutoConfiguration$LiquibaseConfiguration.class]: Failed to instantiate [liquibase.integration.spring.SpringLiquibase]: Factory method 'liquibase' threw exception with message: Error creating bean with name 'dataSource' defined in class path resource [org/springframework/boot/autoconfigure/jdbc/DataSourceConfiguration$Hikari.class]: Failed to instantiate [com.zaxxer.hikari.HikariDataSource]: Factory method 'dataSource' threw exception with message: Failed to determine a suitable driver class
2025-07-31 13:22:14.855 [main] INFO  org.apache.catalina.core.StandardService - Stopping service [Tomcat]
2025-07-31 13:22:14.959 [main] INFO  org.springframework.boot.autoconfigure.logging.ConditionEvaluationReportLogger - 

Error starting ApplicationContext. To display the condition evaluation report re-run your application with 'debug' enabled.
2025-07-31 13:22:15.012 [main] ERROR org.springframework.boot.diagnostics.LoggingFailureAnalysisReporter - 

***************************
APPLICATION FAILED TO START
***************************

Description:

Failed to configure a DataSource: 'url' attribute is not specified and no embedded datasource could be configured.

Reason: Failed to determine a suitable driver class


Action:

Consider the following:
	If you want an embedded database (H2, HSQL or Derby), please put it on the classpath.
	If you have database settings to be loaded from a particular profile you may need to activate it (no profiles are currently active).

2025-07-31 13:23:15.063 [main] INFO  com.example.studentsbot.Main - Starting Main using Java 23.0.2 with PID 4128 (C:\Users\Serge\Documents\Bot\work\stud_tg\StudentsBot\StudentsBot\target\classes started by Serge in C:\Users\Serge\Documents\Bot\work\stud_tg)
2025-07-31 13:23:15.093 [main] INFO  com.example.studentsbot.Main - No active profile set, falling back to 1 default profile: "default"
2025-07-31 13:23:17.684 [main] INFO  org.springframework.data.repository.config.RepositoryConfigurationDelegate - Bootstrapping Spring Data JPA repositories in DEFAULT mode.
2025-07-31 13:23:17.831 [main] INFO  org.springframework.data.repository.config.RepositoryConfigurationDelegate - Finished Spring Data repository scanning in 125 ms. Found 2 JPA repository interfaces.
2025-07-31 13:23:19.544 [main] INFO  org.springframework.boot.web.embedded.tomcat.TomcatWebServer - Tomcat initialized with port 8080 (http)
2025-07-31 13:23:19.591 [main] INFO  org.apache.coyote.http11.Http11NioProtocol - Initializing ProtocolHandler ["http-nio-0.0.0.0-8080"]
2025-07-31 13:23:19.591 [main] INFO  org.apache.catalina.core.StandardService - Starting service [Tomcat]
2025-07-31 13:23:19.597 [main] INFO  org.apache.catalina.core.StandardEngine - Starting Servlet engine: [Apache Tomcat/10.1.41]
2025-07-31 13:23:19.868 [main] INFO  org.apache.catalina.core.ContainerBase.[Tomcat].[localhost].[/] - Initializing Spring embedded WebApplicationContext
2025-07-31 13:23:19.875 [main] INFO  org.springframework.boot.web.servlet.context.ServletWebServerApplicationContext - Root WebApplicationContext: initialization completed in 4506 ms
2025-07-31 13:23:20.507 [main] INFO  com.zaxxer.hikari.HikariDataSource - HikariPool-1 - Starting...
2025-07-31 13:23:21.086 [main] INFO  com.zaxxer.hikari.pool.HikariPool - HikariPool-1 - Added connection org.postgresql.jdbc.PgConnection@7aae1170
2025-07-31 13:23:21.090 [main] INFO  com.zaxxer.hikari.HikariDataSource - HikariPool-1 - Start completed.
2025-07-31 13:23:21.637 [main] INFO  liquibase.database - Set default schema name to public
2025-07-31 13:23:23.162 [main] INFO  liquibase.changelog - Reading from public.databasechangelog
2025-07-31 13:23:23.425 [main] INFO  liquibase.ui - Database is up to date, no changesets to execute
2025-07-31 13:23:23.439 [main] INFO  liquibase.changelog - Reading from public.databasechangelog
2025-07-31 13:23:23.478 [main] INFO  liquibase.util - UPDATE SUMMARY
2025-07-31 13:23:23.478 [main] INFO  liquibase.util - Run:                          0
2025-07-31 13:23:23.479 [main] INFO  liquibase.util - Previously run:               4
2025-07-31 13:23:23.479 [main] INFO  liquibase.util - Filtered out:                 0
2025-07-31 13:23:23.479 [main] INFO  liquibase.util - -------------------------------
2025-07-31 13:23:23.480 [main] INFO  liquibase.util - Total change sets:            4
2025-07-31 13:23:23.481 [main] INFO  liquibase.util - Update summary generated
2025-07-31 13:23:23.487 [main] INFO  liquibase.command - Command execution complete
2025-07-31 13:23:24.987 [main] INFO  org.hibernate.jpa.internal.util.LogHelper - HHH000204: Processing PersistenceUnitInfo [name: default]
2025-07-31 13:23:25.220 [main] INFO  org.hibernate.Version - HHH000412: Hibernate ORM core version 6.6.15.Final
2025-07-31 13:23:25.310 [main] INFO  org.hibernate.cache.internal.RegionFactoryInitiator - HHH000026: Second-level cache disabled
2025-07-31 13:23:26.265 [main] INFO  org.springframework.orm.jpa.persistenceunit.SpringPersistenceUnitInfo - No LoadTimeWeaver setup: ignoring JPA class transformer
2025-07-31 13:23:26.593 [main] INFO  org.hibernate.orm.connections.pooling - HHH10001005: Database info:
	Database JDBC URL [Connecting through datasource 'HikariDataSource (HikariPool-1)']
	Database driver: undefined/unknown
	Database version: 17.5
	Autocommit mode: undefined/unknown
	Isolation level: undefined/unknown
	Minimum pool size: undefined/unknown
	Maximum pool size: undefined/unknown
2025-07-31 13:23:28.679 [main] INFO  org.hibernate.engine.transaction.jta.platform.internal.JtaPlatformInitiator - HHH000489: No JTA platform available (set 'hibernate.transaction.jta.platform' to enable JTA platform integration)
2025-07-31 13:23:28.824 [main] INFO  org.springframework.orm.jpa.LocalContainerEntityManagerFactoryBean - Initialized JPA EntityManagerFactory for persistence unit 'default'
2025-07-31 13:23:30.448 [main] WARN  org.springframework.boot.autoconfigure.orm.jpa.JpaBaseConfiguration$JpaWebConfiguration - spring.jpa.open-in-view is enabled by default. Therefore, database queries may be performed during view rendering. Explicitly configure spring.jpa.open-in-view to disable this warning
2025-07-31 13:23:30.534 [main] INFO  org.springframework.boot.autoconfigure.web.servlet.WelcomePageHandlerMapping - Adding welcome page: class path resource [static/index.html]
2025-07-31 13:23:31.162 [main] INFO  org.springframework.security.config.annotation.authentication.configuration.InitializeUserDetailsBeanManagerConfigurer$InitializeUserDetailsManagerConfigurer - Global AuthenticationManager configured with UserDetailsService bean with name userDetailsService
2025-07-31 13:23:31.656 [main] INFO  org.springframework.validation.beanvalidation.OptionalValidatorFactoryBean - Failed to set up a Bean Validation provider: jakarta.validation.NoProviderFoundException: Unable to create a Configuration, because no Jakarta Bean Validation provider could be found. Add a provider like Hibernate Validator (RI) to your classpath.
2025-07-31 13:23:32.191 [main] INFO  org.apache.coyote.http11.Http11NioProtocol - Starting ProtocolHandler ["http-nio-0.0.0.0-8080"]
2025-07-31 13:23:32.209 [main] WARN  org.springframework.boot.web.servlet.context.AnnotationConfigServletWebServerApplicationContext - Exception encountered during context initialization - cancelling refresh attempt: org.springframework.context.ApplicationContextException: Failed to start bean 'webServerStartStop'
2025-07-31 13:23:32.214 [main] INFO  org.springframework.orm.jpa.LocalContainerEntityManagerFactoryBean - Closing JPA EntityManagerFactory for persistence unit 'default'
2025-07-31 13:23:32.218 [main] INFO  com.zaxxer.hikari.HikariDataSource - HikariPool-1 - Shutdown initiated...
2025-07-31 13:23:32.227 [main] INFO  com.zaxxer.hikari.HikariDataSource - HikariPool-1 - Shutdown completed.
2025-07-31 13:23:32.258 [main] INFO  org.springframework.boot.autoconfigure.logging.ConditionEvaluationReportLogger - 

Error starting ApplicationContext. To display the condition evaluation report re-run your application with 'debug' enabled.
2025-07-31 13:23:32.324 [main] ERROR org.springframework.boot.diagnostics.LoggingFailureAnalysisReporter - 

***************************
APPLICATION FAILED TO START
***************************

Description:

Web server failed to start. Port 8080 was already in use.

Action:

Identify and stop the process that's listening on port 8080 or configure this application to listen on another port.

2025-07-31 13:23:57.989 [main] INFO  com.example.studentsbot.Main - Starting Main using Java 23.0.2 with PID 16156 (C:\Users\Serge\Documents\Bot\work\stud_tg\StudentsBot\StudentsBot\target\classes started by Serge in C:\Users\Serge\Documents\Bot\work\stud_tg)
2025-07-31 13:23:58.035 [main] INFO  com.example.studentsbot.Main - No active profile set, falling back to 1 default profile: "default"
2025-07-31 13:24:00.704 [main] INFO  org.springframework.data.repository.config.RepositoryConfigurationDelegate - Bootstrapping Spring Data JPA repositories in DEFAULT mode.
2025-07-31 13:24:00.924 [main] INFO  org.springframework.data.repository.config.RepositoryConfigurationDelegate - Finished Spring Data repository scanning in 188 ms. Found 2 JPA repository interfaces.
2025-07-31 13:24:04.385 [main] INFO  org.springframework.boot.web.embedded.tomcat.TomcatWebServer - Tomcat initialized with port 8080 (http)
2025-07-31 13:24:04.492 [main] INFO  org.apache.coyote.http11.Http11NioProtocol - Initializing ProtocolHandler ["http-nio-0.0.0.0-8080"]
2025-07-31 13:24:04.498 [main] INFO  org.apache.catalina.core.StandardService - Starting service [Tomcat]
2025-07-31 13:24:04.501 [main] INFO  org.apache.catalina.core.StandardEngine - Starting Servlet engine: [Apache Tomcat/10.1.41]
2025-07-31 13:24:04.822 [main] INFO  org.apache.catalina.core.ContainerBase.[Tomcat].[localhost].[/] - Initializing Spring embedded WebApplicationContext
2025-07-31 13:24:04.830 [main] INFO  org.springframework.boot.web.servlet.context.ServletWebServerApplicationContext - Root WebApplicationContext: initialization completed in 6588 ms
2025-07-31 13:24:06.608 [main] INFO  com.zaxxer.hikari.HikariDataSource - HikariPool-1 - Starting...
2025-07-31 13:24:07.366 [main] INFO  com.zaxxer.hikari.pool.HikariPool - HikariPool-1 - Added connection org.postgresql.jdbc.PgConnection@7f5ce33e
2025-07-31 13:24:07.372 [main] INFO  com.zaxxer.hikari.HikariDataSource - HikariPool-1 - Start completed.
2025-07-31 13:24:07.991 [main] INFO  liquibase.database - Set default schema name to public
2025-07-31 13:24:09.826 [main] INFO  liquibase.changelog - Reading from public.databasechangelog
2025-07-31 13:24:10.118 [main] INFO  liquibase.ui - Database is up to date, no changesets to execute
2025-07-31 13:24:10.134 [main] INFO  liquibase.changelog - Reading from public.databasechangelog
2025-07-31 13:24:10.174 [main] INFO  liquibase.util - UPDATE SUMMARY
2025-07-31 13:24:10.174 [main] INFO  liquibase.util - Run:                          0
2025-07-31 13:24:10.174 [main] INFO  liquibase.util - Previously run:               4
2025-07-31 13:24:10.174 [main] INFO  liquibase.util - Filtered out:                 0
2025-07-31 13:24:10.177 [main] INFO  liquibase.util - -------------------------------
2025-07-31 13:24:10.177 [main] INFO  liquibase.util - Total change sets:            4
2025-07-31 13:24:10.180 [main] INFO  liquibase.util - Update summary generated
2025-07-31 13:24:10.184 [main] INFO  liquibase.command - Command execution complete
2025-07-31 13:24:11.364 [main] INFO  org.hibernate.jpa.internal.util.LogHelper - HHH000204: Processing PersistenceUnitInfo [name: default]
2025-07-31 13:24:11.544 [main] INFO  org.hibernate.Version - HHH000412: Hibernate ORM core version 6.6.15.Final
2025-07-31 13:24:11.636 [main] INFO  org.hibernate.cache.internal.RegionFactoryInitiator - HHH000026: Second-level cache disabled
2025-07-31 13:24:12.266 [main] INFO  org.springframework.orm.jpa.persistenceunit.SpringPersistenceUnitInfo - No LoadTimeWeaver setup: ignoring JPA class transformer
2025-07-31 13:24:12.551 [main] INFO  org.hibernate.orm.connections.pooling - HHH10001005: Database info:
	Database JDBC URL [Connecting through datasource 'HikariDataSource (HikariPool-1)']
	Database driver: undefined/unknown
	Database version: 17.5
	Autocommit mode: undefined/unknown
	Isolation level: undefined/unknown
	Minimum pool size: undefined/unknown
	Maximum pool size: undefined/unknown
2025-07-31 13:24:14.377 [main] INFO  org.hibernate.engine.transaction.jta.platform.internal.JtaPlatformInitiator - HHH000489: No JTA platform available (set 'hibernate.transaction.jta.platform' to enable JTA platform integration)
2025-07-31 13:24:14.524 [main] INFO  org.springframework.orm.jpa.LocalContainerEntityManagerFactoryBean - Initialized JPA EntityManagerFactory for persistence unit 'default'
2025-07-31 13:24:16.150 [main] WARN  org.springframework.boot.autoconfigure.orm.jpa.JpaBaseConfiguration$JpaWebConfiguration - spring.jpa.open-in-view is enabled by default. Therefore, database queries may be performed during view rendering. Explicitly configure spring.jpa.open-in-view to disable this warning
2025-07-31 13:24:16.231 [main] INFO  org.springframework.boot.autoconfigure.web.servlet.WelcomePageHandlerMapping - Adding welcome page: class path resource [static/index.html]
2025-07-31 13:24:16.829 [main] INFO  org.springframework.security.config.annotation.authentication.configuration.InitializeUserDetailsBeanManagerConfigurer$InitializeUserDetailsManagerConfigurer - Global AuthenticationManager configured with UserDetailsService bean with name userDetailsService
2025-07-31 13:24:17.242 [main] INFO  org.springframework.validation.beanvalidation.OptionalValidatorFactoryBean - Failed to set up a Bean Validation provider: jakarta.validation.NoProviderFoundException: Unable to create a Configuration, because no Jakarta Bean Validation provider could be found. Add a provider like Hibernate Validator (RI) to your classpath.
2025-07-31 13:24:17.775 [main] INFO  org.apache.coyote.http11.Http11NioProtocol - Starting ProtocolHandler ["http-nio-0.0.0.0-8080"]
2025-07-31 13:24:17.838 [main] INFO  org.springframework.boot.web.embedded.tomcat.TomcatWebServer - Tomcat started on port 8080 (http) with context path '/'
2025-07-31 13:24:17.861 [main] INFO  com.example.studentsbot.Main - Started Main in 21.386 seconds (process running for 24.631)
2025-07-31 13:32:48.931 [SpringApplicationShutdownHook] INFO  org.springframework.boot.web.embedded.tomcat.GracefulShutdown - Commencing graceful shutdown. Waiting for active requests to complete
2025-07-31 13:32:49.120 [tomcat-shutdown] INFO  org.springframework.boot.web.embedded.tomcat.GracefulShutdown - Graceful shutdown complete
2025-07-31 13:32:49.154 [SpringApplicationShutdownHook] INFO  org.springframework.orm.jpa.LocalContainerEntityManagerFactoryBean - Closing JPA EntityManagerFactory for persistence unit 'default'
2025-07-31 13:32:49.204 [SpringApplicationShutdownHook] INFO  com.zaxxer.hikari.HikariDataSource - HikariPool-1 - Shutdown initiated...
2025-07-31 13:32:50.232 [SpringApplicationShutdownHook] INFO  com.zaxxer.hikari.HikariDataSource - HikariPool-1 - Shutdown completed.
2025-07-31 13:33:07.387 [main] INFO  com.example.studentsbot.Main - Starting Main using Java 23.0.2 with PID 11324 (C:\Users\Serge\Documents\Bot\work\stud_tg\StudentsBot\StudentsBot\target\classes started by Serge in C:\Users\Serge\Documents\Bot\work\stud_tg)
2025-07-31 13:33:07.432 [main] INFO  com.example.studentsbot.Main - No active profile set, falling back to 1 default profile: "default"
2025-07-31 13:33:09.911 [main] INFO  org.springframework.data.repository.config.RepositoryConfigurationDelegate - Bootstrapping Spring Data JPA repositories in DEFAULT mode.
2025-07-31 13:33:10.098 [main] INFO  org.springframework.data.repository.config.RepositoryConfigurationDelegate - Finished Spring Data repository scanning in 162 ms. Found 2 JPA repository interfaces.
2025-07-31 13:33:11.703 [main] INFO  org.springframework.boot.web.embedded.tomcat.TomcatWebServer - Tomcat initialized with port 8080 (http)
2025-07-31 13:33:11.760 [main] INFO  org.apache.coyote.http11.Http11NioProtocol - Initializing ProtocolHandler ["http-nio-0.0.0.0-8080"]
2025-07-31 13:33:11.764 [main] INFO  org.apache.catalina.core.StandardService - Starting service [Tomcat]
2025-07-31 13:33:11.765 [main] INFO  org.apache.catalina.core.StandardEngine - Starting Servlet engine: [Apache Tomcat/10.1.41]
2025-07-31 13:33:12.014 [main] INFO  org.apache.catalina.core.ContainerBase.[Tomcat].[localhost].[/] - Initializing Spring embedded WebApplicationContext
2025-07-31 13:33:12.018 [main] INFO  org.springframework.boot.web.servlet.context.ServletWebServerApplicationContext - Root WebApplicationContext: initialization completed in 4232 ms
2025-07-31 13:33:12.610 [main] INFO  com.zaxxer.hikari.HikariDataSource - HikariPool-1 - Starting...
2025-07-31 13:33:13.187 [main] INFO  com.zaxxer.hikari.pool.HikariPool - HikariPool-1 - Added connection org.postgresql.jdbc.PgConnection@63e4484d
2025-07-31 13:33:13.194 [main] INFO  com.zaxxer.hikari.HikariDataSource - HikariPool-1 - Start completed.
2025-07-31 13:33:13.653 [main] INFO  liquibase.database - Set default schema name to public
2025-07-31 13:33:14.888 [main] INFO  liquibase.changelog - Reading from public.databasechangelog
2025-07-31 13:33:15.192 [main] INFO  liquibase.ui - Database is up to date, no changesets to execute
2025-07-31 13:33:15.208 [main] INFO  liquibase.changelog - Reading from public.databasechangelog
2025-07-31 13:33:15.243 [main] INFO  liquibase.util - UPDATE SUMMARY
2025-07-31 13:33:15.244 [main] INFO  liquibase.util - Run:                          0
2025-07-31 13:33:15.245 [main] INFO  liquibase.util - Previously run:               4
2025-07-31 13:33:15.246 [main] INFO  liquibase.util - Filtered out:                 0
2025-07-31 13:33:15.246 [main] INFO  liquibase.util - -------------------------------
2025-07-31 13:33:15.247 [main] INFO  liquibase.util - Total change sets:            4
2025-07-31 13:33:15.249 [main] INFO  liquibase.util - Update summary generated
2025-07-31 13:33:15.252 [main] INFO  liquibase.command - Command execution complete
2025-07-31 13:33:16.548 [main] INFO  org.hibernate.jpa.internal.util.LogHelper - HHH000204: Processing PersistenceUnitInfo [name: default]
2025-07-31 13:33:16.708 [main] INFO  org.hibernate.Version - HHH000412: Hibernate ORM core version 6.6.15.Final
2025-07-31 13:33:16.828 [main] INFO  org.hibernate.cache.internal.RegionFactoryInitiator - HHH000026: Second-level cache disabled
2025-07-31 13:33:17.730 [main] INFO  org.springframework.orm.jpa.persistenceunit.SpringPersistenceUnitInfo - No LoadTimeWeaver setup: ignoring JPA class transformer
2025-07-31 13:33:18.038 [main] INFO  org.hibernate.orm.connections.pooling - HHH10001005: Database info:
	Database JDBC URL [Connecting through datasource 'HikariDataSource (HikariPool-1)']
	Database driver: undefined/unknown
	Database version: 17.5
	Autocommit mode: undefined/unknown
	Isolation level: undefined/unknown
	Minimum pool size: undefined/unknown
	Maximum pool size: undefined/unknown
2025-07-31 13:33:20.184 [main] INFO  org.hibernate.engine.transaction.jta.platform.internal.JtaPlatformInitiator - HHH000489: No JTA platform available (set 'hibernate.transaction.jta.platform' to enable JTA platform integration)
2025-07-31 13:33:20.292 [main] INFO  org.springframework.orm.jpa.LocalContainerEntityManagerFactoryBean - Initialized JPA EntityManagerFactory for persistence unit 'default'
2025-07-31 13:33:21.919 [main] WARN  org.springframework.boot.autoconfigure.orm.jpa.JpaBaseConfiguration$JpaWebConfiguration - spring.jpa.open-in-view is enabled by default. Therefore, database queries may be performed during view rendering. Explicitly configure spring.jpa.open-in-view to disable this warning
2025-07-31 13:33:22.001 [main] INFO  org.springframework.boot.autoconfigure.web.servlet.WelcomePageHandlerMapping - Adding welcome page: class path resource [static/index.html]
2025-07-31 13:33:22.522 [main] INFO  org.springframework.security.config.annotation.authentication.configuration.InitializeUserDetailsBeanManagerConfigurer$InitializeUserDetailsManagerConfigurer - Global AuthenticationManager configured with UserDetailsService bean with name userDetailsService
2025-07-31 13:33:22.899 [main] INFO  org.springframework.validation.beanvalidation.OptionalValidatorFactoryBean - Failed to set up a Bean Validation provider: jakarta.validation.NoProviderFoundException: Unable to create a Configuration, because no Jakarta Bean Validation provider could be found. Add a provider like Hibernate Validator (RI) to your classpath.
2025-07-31 13:33:23.341 [main] INFO  org.apache.coyote.http11.Http11NioProtocol - Starting ProtocolHandler ["http-nio-0.0.0.0-8080"]
2025-07-31 13:33:23.388 [main] INFO  org.springframework.boot.web.embedded.tomcat.TomcatWebServer - Tomcat started on port 8080 (http) with context path '/'
2025-07-31 13:33:23.409 [main] INFO  com.example.studentsbot.Main - Started Main in 17.241 seconds (process running for 19.95)
2025-07-31 13:37:53.229 [SpringApplicationShutdownHook] INFO  org.springframework.boot.web.embedded.tomcat.GracefulShutdown - Commencing graceful shutdown. Waiting for active requests to complete
2025-07-31 13:37:53.563 [tomcat-shutdown] INFO  org.springframework.boot.web.embedded.tomcat.GracefulShutdown - Graceful shutdown complete
2025-07-31 13:37:53.596 [SpringApplicationShutdownHook] INFO  org.springframework.orm.jpa.LocalContainerEntityManagerFactoryBean - Closing JPA EntityManagerFactory for persistence unit 'default'
2025-07-31 13:37:53.608 [SpringApplicationShutdownHook] INFO  com.zaxxer.hikari.HikariDataSource - HikariPool-1 - Shutdown initiated...
2025-07-31 13:37:53.749 [SpringApplicationShutdownHook] INFO  com.zaxxer.hikari.HikariDataSource - HikariPool-1 - Shutdown completed.
2025-07-31 13:40:16.883 [main] INFO  com.example.studentsbot.Main - Starting Main using Java 23.0.2 with PID 13996 (C:\Users\Serge\Documents\Bot\work\stud_tg\StudentsBot\StudentsBot\target\classes started by Serge in C:\Users\Serge\Documents\Bot\work\stud_tg)
2025-07-31 13:40:16.932 [main] INFO  com.example.studentsbot.Main - No active profile set, falling back to 1 default profile: "default"
2025-07-31 13:40:19.137 [main] INFO  org.springframework.data.repository.config.RepositoryConfigurationDelegate - Bootstrapping Spring Data JPA repositories in DEFAULT mode.
2025-07-31 13:40:19.308 [main] INFO  org.springframework.data.repository.config.RepositoryConfigurationDelegate - Finished Spring Data repository scanning in 144 ms. Found 2 JPA repository interfaces.
2025-07-31 13:40:20.730 [main] INFO  org.springframework.boot.web.embedded.tomcat.TomcatWebServer - Tomcat initialized with port 8080 (http)
2025-07-31 13:40:20.766 [main] INFO  org.apache.coyote.http11.Http11NioProtocol - Initializing ProtocolHandler ["http-nio-8080"]
2025-07-31 13:40:20.770 [main] INFO  org.apache.catalina.core.StandardService - Starting service [Tomcat]
2025-07-31 13:40:20.771 [main] INFO  org.apache.catalina.core.StandardEngine - Starting Servlet engine: [Apache Tomcat/10.1.41]
2025-07-31 13:40:20.976 [main] INFO  org.apache.catalina.core.ContainerBase.[Tomcat].[localhost].[/] - Initializing Spring embedded WebApplicationContext
2025-07-31 13:40:20.984 [main] INFO  org.springframework.boot.web.servlet.context.ServletWebServerApplicationContext - Root WebApplicationContext: initialization completed in 3859 ms
2025-07-31 13:40:21.304 [main] WARN  org.springframework.boot.web.servlet.context.AnnotationConfigServletWebServerApplicationContext - Exception encountered during context initialization - cancelling refresh attempt: org.springframework.beans.factory.BeanCreationException: Error creating bean with name 'entityManagerFactory' defined in class path resource [org/springframework/boot/autoconfigure/orm/jpa/HibernateJpaConfiguration.class]: Failed to initialize dependency 'liquibase' of LoadTimeWeaverAware bean 'entityManagerFactory': Error creating bean with name 'liquibase' defined in class path resource [org/springframework/boot/autoconfigure/liquibase/LiquibaseAutoConfiguration$LiquibaseConfiguration.class]: Failed to instantiate [liquibase.integration.spring.SpringLiquibase]: Factory method 'liquibase' threw exception with message: Error creating bean with name 'dataSource' defined in class path resource [org/springframework/boot/autoconfigure/jdbc/DataSourceConfiguration$Hikari.class]: Failed to instantiate [com.zaxxer.hikari.HikariDataSource]: Factory method 'dataSource' threw exception with message: Failed to determine a suitable driver class
2025-07-31 13:40:21.311 [main] INFO  org.apache.catalina.core.StandardService - Stopping service [Tomcat]
2025-07-31 13:40:21.352 [main] INFO  org.springframework.boot.autoconfigure.logging.ConditionEvaluationReportLogger - 

Error starting ApplicationContext. To display the condition evaluation report re-run your application with 'debug' enabled.
2025-07-31 13:40:21.444 [main] ERROR org.springframework.boot.diagnostics.LoggingFailureAnalysisReporter - 

***************************
APPLICATION FAILED TO START
***************************

Description:

Failed to configure a DataSource: 'url' attribute is not specified and no embedded datasource could be configured.

Reason: Failed to determine a suitable driver class


Action:

Consider the following:
	If you want an embedded database (H2, HSQL or Derby), please put it on the classpath.
	If you have database settings to be loaded from a particular profile you may need to activate it (no profiles are currently active).

2025-07-31 13:42:04.212 [main] INFO  com.example.studentsbot.Main - Starting Main using Java 23.0.2 with PID 8296 (C:\Users\Serge\Documents\Bot\work\stud_tg\StudentsBot\StudentsBot\target\classes started by Serge in C:\Users\Serge\Documents\Bot\work\stud_tg)
2025-07-31 13:42:04.254 [main] INFO  com.example.studentsbot.Main - No active profile set, falling back to 1 default profile: "default"
2025-07-31 13:42:06.569 [main] INFO  org.springframework.data.repository.config.RepositoryConfigurationDelegate - Bootstrapping Spring Data JPA repositories in DEFAULT mode.
2025-07-31 13:42:06.703 [main] INFO  org.springframework.data.repository.config.RepositoryConfigurationDelegate - Finished Spring Data repository scanning in 112 ms. Found 2 JPA repository interfaces.
2025-07-31 13:42:08.225 [main] INFO  org.springframework.boot.web.embedded.tomcat.TomcatWebServer - Tomcat initialized with port 8080 (http)
2025-07-31 13:42:08.275 [main] INFO  org.apache.coyote.http11.Http11NioProtocol - Initializing ProtocolHandler ["http-nio-8080"]
2025-07-31 13:42:08.292 [main] INFO  org.apache.catalina.core.StandardService - Starting service [Tomcat]
2025-07-31 13:42:08.292 [main] INFO  org.apache.catalina.core.StandardEngine - Starting Servlet engine: [Apache Tomcat/10.1.41]
2025-07-31 13:42:08.513 [main] INFO  org.apache.catalina.core.ContainerBase.[Tomcat].[localhost].[/] - Initializing Spring embedded WebApplicationContext
2025-07-31 13:42:08.519 [main] INFO  org.springframework.boot.web.servlet.context.ServletWebServerApplicationContext - Root WebApplicationContext: initialization completed in 4105 ms
2025-07-31 13:42:08.907 [main] WARN  org.springframework.boot.web.servlet.context.AnnotationConfigServletWebServerApplicationContext - Exception encountered during context initialization - cancelling refresh attempt: org.springframework.beans.factory.BeanCreationException: Error creating bean with name 'entityManagerFactory' defined in class path resource [org/springframework/boot/autoconfigure/orm/jpa/HibernateJpaConfiguration.class]: Failed to initialize dependency 'liquibase' of LoadTimeWeaverAware bean 'entityManagerFactory': Error creating bean with name 'liquibase' defined in class path resource [org/springframework/boot/autoconfigure/liquibase/LiquibaseAutoConfiguration$LiquibaseConfiguration.class]: Failed to instantiate [liquibase.integration.spring.SpringLiquibase]: Factory method 'liquibase' threw exception with message: Error creating bean with name 'dataSource' defined in class path resource [org/springframework/boot/autoconfigure/jdbc/DataSourceConfiguration$Hikari.class]: Failed to instantiate [com.zaxxer.hikari.HikariDataSource]: Factory method 'dataSource' threw exception with message: Failed to determine a suitable driver class
2025-07-31 13:42:08.914 [main] INFO  org.apache.catalina.core.StandardService - Stopping service [Tomcat]
2025-07-31 13:42:09.015 [main] INFO  org.springframework.boot.autoconfigure.logging.ConditionEvaluationReportLogger - 

Error starting ApplicationContext. To display the condition evaluation report re-run your application with 'debug' enabled.
2025-07-31 13:42:09.067 [main] ERROR org.springframework.boot.diagnostics.LoggingFailureAnalysisReporter - 

***************************
APPLICATION FAILED TO START
***************************

Description:

Failed to configure a DataSource: 'url' attribute is not specified and no embedded datasource could be configured.

Reason: Failed to determine a suitable driver class


Action:

Consider the following:
	If you want an embedded database (H2, HSQL or Derby), please put it on the classpath.
	If you have database settings to be loaded from a particular profile you may need to activate it (no profiles are currently active).

2025-07-31 13:55:23.317 [main] INFO  com.example.studentsbot.Main - Starting Main using Java 23.0.2 with PID 14304 (C:\Users\Serge\Documents\Bot\work\stud_tg\StudentsBot\StudentsBot\target\classes started by Serge in C:\Users\Serge\Documents\Bot\work\stud_tg)
2025-07-31 13:55:23.393 [main] INFO  com.example.studentsbot.Main - No active profile set, falling back to 1 default profile: "default"
2025-07-31 13:55:26.976 [main] INFO  org.springframework.data.repository.config.RepositoryConfigurationDelegate - Bootstrapping Spring Data JPA repositories in DEFAULT mode.
2025-07-31 13:55:27.201 [main] INFO  org.springframework.data.repository.config.RepositoryConfigurationDelegate - Finished Spring Data repository scanning in 195 ms. Found 2 JPA repository interfaces.
2025-07-31 13:55:29.460 [main] INFO  org.springframework.boot.web.embedded.tomcat.TomcatWebServer - Tomcat initialized with port 8080 (http)
2025-07-31 13:55:29.506 [main] INFO  org.apache.coyote.http11.Http11NioProtocol - Initializing ProtocolHandler ["http-nio-8080"]
2025-07-31 13:55:29.509 [main] INFO  org.apache.catalina.core.StandardService - Starting service [Tomcat]
2025-07-31 13:55:29.510 [main] INFO  org.apache.catalina.core.StandardEngine - Starting Servlet engine: [Apache Tomcat/10.1.41]
2025-07-31 13:55:29.824 [main] INFO  org.apache.catalina.core.ContainerBase.[Tomcat].[localhost].[/] - Initializing Spring embedded WebApplicationContext
2025-07-31 13:55:29.828 [main] INFO  org.springframework.boot.web.servlet.context.ServletWebServerApplicationContext - Root WebApplicationContext: initialization completed in 6075 ms
2025-07-31 13:55:30.258 [main] WARN  org.springframework.boot.web.servlet.context.AnnotationConfigServletWebServerApplicationContext - Exception encountered during context initialization - cancelling refresh attempt: org.springframework.beans.factory.BeanCreationException: Error creating bean with name 'entityManagerFactory' defined in class path resource [org/springframework/boot/autoconfigure/orm/jpa/HibernateJpaConfiguration.class]: Failed to initialize dependency 'liquibase' of LoadTimeWeaverAware bean 'entityManagerFactory': Error creating bean with name 'liquibase' defined in class path resource [org/springframework/boot/autoconfigure/liquibase/LiquibaseAutoConfiguration$LiquibaseConfiguration.class]: Failed to instantiate [liquibase.integration.spring.SpringLiquibase]: Factory method 'liquibase' threw exception with message: Error creating bean with name 'dataSource' defined in class path resource [org/springframework/boot/autoconfigure/jdbc/DataSourceConfiguration$Hikari.class]: Failed to instantiate [com.zaxxer.hikari.HikariDataSource]: Factory method 'dataSource' threw exception with message: Failed to determine a suitable driver class
2025-07-31 13:55:30.276 [main] INFO  org.apache.catalina.core.StandardService - Stopping service [Tomcat]
2025-07-31 13:55:30.458 [main] INFO  org.springframework.boot.autoconfigure.logging.ConditionEvaluationReportLogger - 

Error starting ApplicationContext. To display the condition evaluation report re-run your application with 'debug' enabled.
2025-07-31 13:55:30.593 [main] ERROR org.springframework.boot.diagnostics.LoggingFailureAnalysisReporter - 

***************************
APPLICATION FAILED TO START
***************************

Description:

Failed to configure a DataSource: 'url' attribute is not specified and no embedded datasource could be configured.

Reason: Failed to determine a suitable driver class


Action:

Consider the following:
	If you want an embedded database (H2, HSQL or Derby), please put it on the classpath.
	If you have database settings to be loaded from a particular profile you may need to activate it (no profiles are currently active).

2025-07-31 14:31:04.299 [main] INFO  com.example.studentsbot.Main - Starting Main using Java 23.0.2 with PID 6540 (C:\Users\Serge\Documents\Bot\work\stud_tg\StudentsBot\StudentsBot\target\classes started by Serge in C:\Users\Serge\Documents\Bot\work\stud_tg)
2025-07-31 14:31:04.337 [main] INFO  com.example.studentsbot.Main - No active profile set, falling back to 1 default profile: "default"
2025-07-31 14:31:06.788 [main] INFO  org.springframework.data.repository.config.RepositoryConfigurationDelegate - Bootstrapping Spring Data JPA repositories in DEFAULT mode.
2025-07-31 14:31:06.939 [main] INFO  org.springframework.data.repository.config.RepositoryConfigurationDelegate - Finished Spring Data repository scanning in 127 ms. Found 2 JPA repository interfaces.
2025-07-31 14:31:08.691 [main] INFO  org.springframework.boot.web.embedded.tomcat.TomcatWebServer - Tomcat initialized with port 8080 (http)
2025-07-31 14:31:08.723 [main] INFO  org.apache.coyote.http11.Http11NioProtocol - Initializing ProtocolHandler ["http-nio-8080"]
2025-07-31 14:31:08.725 [main] INFO  org.apache.catalina.core.StandardService - Starting service [Tomcat]
2025-07-31 14:31:08.726 [main] INFO  org.apache.catalina.core.StandardEngine - Starting Servlet engine: [Apache Tomcat/10.1.41]
2025-07-31 14:31:08.927 [main] INFO  org.apache.catalina.core.ContainerBase.[Tomcat].[localhost].[/] - Initializing Spring embedded WebApplicationContext
2025-07-31 14:31:08.932 [main] INFO  org.springframework.boot.web.servlet.context.ServletWebServerApplicationContext - Root WebApplicationContext: initialization completed in 4429 ms
2025-07-31 14:31:09.263 [main] WARN  org.springframework.boot.web.servlet.context.AnnotationConfigServletWebServerApplicationContext - Exception encountered during context initialization - cancelling refresh attempt: org.springframework.beans.factory.BeanCreationException: Error creating bean with name 'entityManagerFactory' defined in class path resource [org/springframework/boot/autoconfigure/orm/jpa/HibernateJpaConfiguration.class]: Failed to initialize dependency 'liquibase' of LoadTimeWeaverAware bean 'entityManagerFactory': Error creating bean with name 'liquibase' defined in class path resource [org/springframework/boot/autoconfigure/liquibase/LiquibaseAutoConfiguration$LiquibaseConfiguration.class]: Failed to instantiate [liquibase.integration.spring.SpringLiquibase]: Factory method 'liquibase' threw exception with message: Error creating bean with name 'dataSource' defined in class path resource [org/springframework/boot/autoconfigure/jdbc/DataSourceConfiguration$Hikari.class]: Failed to instantiate [com.zaxxer.hikari.HikariDataSource]: Factory method 'dataSource' threw exception with message: Failed to determine a suitable driver class
2025-07-31 14:31:09.272 [main] INFO  org.apache.catalina.core.StandardService - Stopping service [Tomcat]
2025-07-31 14:31:09.375 [main] INFO  org.springframework.boot.autoconfigure.logging.ConditionEvaluationReportLogger - 

Error starting ApplicationContext. To display the condition evaluation report re-run your application with 'debug' enabled.
2025-07-31 14:31:09.444 [main] ERROR org.springframework.boot.diagnostics.LoggingFailureAnalysisReporter - 

***************************
APPLICATION FAILED TO START
***************************

Description:

Failed to configure a DataSource: 'url' attribute is not specified and no embedded datasource could be configured.

Reason: Failed to determine a suitable driver class


Action:

Consider the following:
	If you want an embedded database (H2, HSQL or Derby), please put it on the classpath.
	If you have database settings to be loaded from a particular profile you may need to activate it (no profiles are currently active).

2025-07-31 14:58:23.021 [main] INFO  com.example.studentsbot.Main - Starting Main using Java 23.0.2 with PID 8032 (C:\Users\Serge\Documents\Bot\work\stud_tg\StudentsBot\StudentsBot\target\classes started by Serge in C:\Users\Serge\Documents\Bot\work\stud_tg)
2025-07-31 14:58:23.044 [main] DEBUG com.example.studentsbot.Main - Running with Spring Boot v3.5.0, Spring v6.2.7
2025-07-31 14:58:23.053 [main] INFO  com.example.studentsbot.Main - No active profile set, falling back to 1 default profile: "default"
2025-07-31 14:58:23.055 [main] DEBUG org.springframework.boot.SpringApplication - Loading source class com.example.studentsbot.Main
2025-07-31 14:58:23.324 [main] DEBUG org.springframework.boot.web.servlet.context.AnnotationConfigServletWebServerApplicationContext - Refreshing org.springframework.boot.web.servlet.context.AnnotationConfigServletWebServerApplicationContext@48f5bde6
2025-07-31 14:58:25.624 [main] INFO  org.springframework.data.repository.config.RepositoryConfigurationDelegate - Bootstrapping Spring Data JPA repositories in DEFAULT mode.
2025-07-31 14:58:25.668 [main] DEBUG org.springframework.boot.autoconfigure.AutoConfigurationPackages - @EnableAutoConfiguration was declared on a class in the package 'com.example.studentsbot'. Automatic @Repository and @Entity scanning is enabled.
2025-07-31 14:58:25.773 [main] INFO  org.springframework.data.repository.config.RepositoryConfigurationDelegate - Finished Spring Data repository scanning in 125 ms. Found 2 JPA repository interfaces.
2025-07-31 14:58:27.837 [main] DEBUG org.springframework.boot.web.embedded.tomcat.TomcatServletWebServerFactory - Code archive: C:\Users\Serge\.m2\repository\org\springframework\boot\spring-boot\3.5.0\spring-boot-3.5.0.jar
2025-07-31 14:58:27.838 [main] DEBUG org.springframework.boot.web.embedded.tomcat.TomcatServletWebServerFactory - Code archive: C:\Users\Serge\.m2\repository\org\springframework\boot\spring-boot\3.5.0\spring-boot-3.5.0.jar
2025-07-31 14:58:27.840 [main] DEBUG org.springframework.boot.web.embedded.tomcat.TomcatServletWebServerFactory - None of the document roots [src/main/webapp, public, static] point to a directory and will be ignored.
2025-07-31 14:58:27.910 [main] INFO  org.springframework.boot.web.embedded.tomcat.TomcatWebServer - Tomcat initialized with port 8080 (http)
2025-07-31 14:58:27.965 [main] INFO  org.apache.coyote.http11.Http11NioProtocol - Initializing ProtocolHandler ["http-nio-0.0.0.0-8080"]
2025-07-31 14:58:27.971 [main] INFO  org.apache.catalina.core.StandardService - Starting service [Tomcat]
2025-07-31 14:58:27.972 [main] INFO  org.apache.catalina.core.StandardEngine - Starting Servlet engine: [Apache Tomcat/10.1.41]
2025-07-31 14:58:28.270 [main] INFO  org.apache.catalina.core.ContainerBase.[Tomcat].[localhost].[/] - Initializing Spring embedded WebApplicationContext
2025-07-31 14:58:28.271 [main] DEBUG org.springframework.boot.web.servlet.context.ServletWebServerApplicationContext - Published root WebApplicationContext as ServletContext attribute with name [org.springframework.web.context.WebApplicationContext.ROOT]
2025-07-31 14:58:28.276 [main] INFO  org.springframework.boot.web.servlet.context.ServletWebServerApplicationContext - Root WebApplicationContext: initialization completed in 4949 ms
2025-07-31 14:58:28.342 [main] DEBUG org.springframework.boot.web.servlet.ServletContextInitializerBeans - Mapping filters: springSecurityFilterChain urls=[/*] order=-100, characterEncodingFilter urls=[/*] order=-2147483648, formContentFilter urls=[/*] order=-9900, requestContextFilter urls=[/*] order=-105
2025-07-31 14:58:28.342 [main] DEBUG org.springframework.boot.web.servlet.ServletContextInitializerBeans - Mapping servlets: dispatcherServlet urls=[/]
2025-07-31 14:58:28.428 [main] DEBUG org.springframework.boot.web.servlet.filter.OrderedRequestContextFilter - Filter 'requestContextFilter' configured for use
2025-07-31 14:58:28.433 [main] DEBUG org.springframework.boot.web.servlet.filter.OrderedCharacterEncodingFilter - Filter 'characterEncodingFilter' configured for use
2025-07-31 14:58:28.434 [main] DEBUG org.springframework.boot.web.servlet.DelegatingFilterProxyRegistrationBean$1 - Filter 'springSecurityFilterChain' configured for use
2025-07-31 14:58:28.436 [main] DEBUG org.springframework.boot.web.servlet.filter.OrderedFormContentFilter - Filter 'formContentFilter' configured for use
2025-07-31 14:58:29.048 [main] INFO  com.zaxxer.hikari.HikariDataSource - HikariPool-1 - Starting...
2025-07-31 14:58:29.780 [main] INFO  com.zaxxer.hikari.pool.HikariPool - HikariPool-1 - Added connection org.postgresql.jdbc.PgConnection@6734ff92
2025-07-31 14:58:29.784 [main] INFO  com.zaxxer.hikari.HikariDataSource - HikariPool-1 - Start completed.
2025-07-31 14:58:30.331 [main] INFO  liquibase.database - Set default schema name to public
2025-07-31 14:58:31.725 [main] INFO  liquibase.changelog - Reading from public.databasechangelog
2025-07-31 14:58:31.982 [main] INFO  liquibase.ui - Database is up to date, no changesets to execute
2025-07-31 14:58:31.998 [main] INFO  liquibase.changelog - Reading from public.databasechangelog
2025-07-31 14:58:32.029 [main] INFO  liquibase.util - UPDATE SUMMARY
2025-07-31 14:58:32.029 [main] INFO  liquibase.util - Run:                          0
2025-07-31 14:58:32.030 [main] INFO  liquibase.util - Previously run:               4
2025-07-31 14:58:32.030 [main] INFO  liquibase.util - Filtered out:                 0
2025-07-31 14:58:32.031 [main] INFO  liquibase.util - -------------------------------
2025-07-31 14:58:32.031 [main] INFO  liquibase.util - Total change sets:            4
2025-07-31 14:58:32.033 [main] INFO  liquibase.util - Update summary generated
2025-07-31 14:58:32.036 [main] INFO  liquibase.command - Command execution complete
2025-07-31 14:58:33.593 [main] INFO  org.hibernate.jpa.internal.util.LogHelper - HHH000204: Processing PersistenceUnitInfo [name: default]
2025-07-31 14:58:33.815 [main] INFO  org.hibernate.Version - HHH000412: Hibernate ORM core version 6.6.15.Final
2025-07-31 14:58:33.950 [main] INFO  org.hibernate.cache.internal.RegionFactoryInitiator - HHH000026: Second-level cache disabled
2025-07-31 14:58:35.012 [main] INFO  org.springframework.orm.jpa.persistenceunit.SpringPersistenceUnitInfo - No LoadTimeWeaver setup: ignoring JPA class transformer
2025-07-31 14:58:35.360 [main] INFO  org.hibernate.orm.connections.pooling - HHH10001005: Database info:
	Database JDBC URL [Connecting through datasource 'HikariDataSource (HikariPool-1)']
	Database driver: undefined/unknown
	Database version: 17.5
	Autocommit mode: undefined/unknown
	Isolation level: undefined/unknown
	Minimum pool size: undefined/unknown
	Maximum pool size: undefined/unknown
2025-07-31 14:58:37.431 [main] INFO  org.hibernate.engine.transaction.jta.platform.internal.JtaPlatformInitiator - HHH000489: No JTA platform available (set 'hibernate.transaction.jta.platform' to enable JTA platform integration)
2025-07-31 14:58:37.548 [main] INFO  org.springframework.orm.jpa.LocalContainerEntityManagerFactoryBean - Initialized JPA EntityManagerFactory for persistence unit 'default'
2025-07-31 14:58:39.088 [main] WARN  org.springframework.boot.autoconfigure.orm.jpa.JpaBaseConfiguration$JpaWebConfiguration - spring.jpa.open-in-view is enabled by default. Therefore, database queries may be performed during view rendering. Explicitly configure spring.jpa.open-in-view to disable this warning
2025-07-31 14:58:39.175 [main] INFO  org.springframework.boot.autoconfigure.web.servlet.WelcomePageHandlerMapping - Adding welcome page: class path resource [static/index.html]
2025-07-31 14:58:39.415 [main] DEBUG org.springframework.web.servlet.mvc.method.annotation.RequestMappingHandlerMapping - 19 mappings in 'requestMappingHandlerMapping'
2025-07-31 14:58:39.825 [main] DEBUG org.springframework.web.servlet.handler.SimpleUrlHandlerMapping - Patterns [/webjars/**, /**] in 'resourceHandlerMapping'
2025-07-31 14:58:39.908 [main] INFO  org.springframework.security.config.annotation.authentication.configuration.InitializeUserDetailsBeanManagerConfigurer$InitializeUserDetailsManagerConfigurer - Global AuthenticationManager configured with UserDetailsService bean with name userDetailsService
2025-07-31 14:58:40.373 [main] INFO  org.springframework.validation.beanvalidation.OptionalValidatorFactoryBean - Failed to set up a Bean Validation provider: jakarta.validation.NoProviderFoundException: Unable to create a Configuration, because no Jakarta Bean Validation provider could be found. Add a provider like Hibernate Validator (RI) to your classpath.
2025-07-31 14:58:40.467 [main] DEBUG org.springframework.web.servlet.mvc.method.annotation.RequestMappingHandlerAdapter - ControllerAdvice beans: 0 @ModelAttribute, 0 @InitBinder, 1 RequestBodyAdvice, 1 ResponseBodyAdvice
2025-07-31 14:58:40.630 [main] DEBUG org.springframework.web.servlet.mvc.method.annotation.ExceptionHandlerExceptionResolver - ControllerAdvice beans: 0 @ExceptionHandler, 1 ResponseBodyAdvice
2025-07-31 14:58:40.909 [main] INFO  org.apache.coyote.http11.Http11NioProtocol - Starting ProtocolHandler ["http-nio-0.0.0.0-8080"]
2025-07-31 14:58:40.957 [main] INFO  org.springframework.boot.web.embedded.tomcat.TomcatWebServer - Tomcat started on port 8080 (http) with context path '/'
2025-07-31 14:58:40.994 [main] DEBUG org.springframework.boot.autoconfigure.logging.ConditionEvaluationReportLogger - 


============================
CONDITIONS EVALUATION REPORT
============================


Positive matches:
-----------------

   AopAutoConfiguration matched:
      - @ConditionalOnBooleanProperty (spring.aop.auto=true) matched (OnPropertyCondition)

   AopAutoConfiguration.AspectJAutoProxyingConfiguration matched:
      - @ConditionalOnClass found required class 'org.aspectj.weaver.Advice' (OnClassCondition)

   AopAutoConfiguration.AspectJAutoProxyingConfiguration.CglibAutoProxyConfiguration matched:
      - @ConditionalOnBooleanProperty (spring.aop.proxy-target-class=true) matched (OnPropertyCondition)

   ApplicationAvailabilityAutoConfiguration#applicationAvailability matched:
      - @ConditionalOnMissingBean (types: org.springframework.boot.availability.ApplicationAvailability; SearchStrategy: all) did not find any beans (OnBeanCondition)

   DataSourceAutoConfiguration matched:
      - @ConditionalOnClass found required classes 'javax.sql.DataSource', 'org.springframework.jdbc.datasource.embedded.EmbeddedDatabaseType' (OnClassCondition)
      - @ConditionalOnMissingBean (types: ?; SearchStrategy: all) did not find any beans (OnBeanCondition)

   DataSourceAutoConfiguration.PooledDataSourceConfiguration matched:
      - AnyNestedCondition 1 matched 1 did not; NestedCondition on DataSourceAutoConfiguration.PooledDataSourceCondition.PooledDataSourceAvailable PooledDataSource found supported DataSource; NestedCondition on DataSourceAutoConfiguration.PooledDataSourceCondition.ExplicitType @ConditionalOnProperty (spring.datasource.type) did not find property 'spring.datasource.type' (DataSourceAutoConfiguration.PooledDataSourceCondition)
      - @ConditionalOnMissingBean (types: javax.sql.DataSource,javax.sql.XADataSource; SearchStrategy: all) did not find any beans (OnBeanCondition)

   DataSourceAutoConfiguration.PooledDataSourceConfiguration#jdbcConnectionDetails matched:
      - @ConditionalOnMissingBean (types: org.springframework.boot.autoconfigure.jdbc.JdbcConnectionDetails; SearchStrategy: all) did not find any beans (OnBeanCondition)

   DataSourceConfiguration.Hikari matched:
      - @ConditionalOnClass found required class 'com.zaxxer.hikari.HikariDataSource' (OnClassCondition)
      - @ConditionalOnProperty (spring.datasource.type=com.zaxxer.hikari.HikariDataSource) matched (OnPropertyCondition)
      - @ConditionalOnMissingBean (types: javax.sql.DataSource; SearchStrategy: all) did not find any beans (OnBeanCondition)

   DataSourceInitializationConfiguration matched:
      - @ConditionalOnClass found required class 'org.springframework.jdbc.datasource.init.DatabasePopulator' (OnClassCondition)
      - @ConditionalOnSingleCandidate (types: javax.sql.DataSource; SearchStrategy: all) found a single bean 'dataSource'; @ConditionalOnMissingBean (types: org.springframework.boot.autoconfigure.sql.init.SqlDataSourceScriptDatabaseInitializer,org.springframework.boot.autoconfigure.sql.init.SqlR2dbcScriptDatabaseInitializer; SearchStrategy: all) did not find any beans (OnBeanCondition)

   DataSourcePoolMetadataProvidersConfiguration.HikariPoolDataSourceMetadataProviderConfiguration matched:
      - @ConditionalOnClass found required class 'com.zaxxer.hikari.HikariDataSource' (OnClassCondition)

   DataSourceTransactionManagerAutoConfiguration matched:
      - @ConditionalOnClass found required classes 'javax.sql.DataSource', 'org.springframework.jdbc.core.JdbcTemplate', 'org.springframework.transaction.TransactionManager' (OnClassCondition)

   DataSourceTransactionManagerAutoConfiguration.JdbcTransactionManagerConfiguration matched:
      - @ConditionalOnSingleCandidate (types: javax.sql.DataSource; SearchStrategy: all) found a single bean 'dataSource' (OnBeanCondition)

   DispatcherServletAutoConfiguration matched:
      - @ConditionalOnClass found required class 'org.springframework.web.servlet.DispatcherServlet' (OnClassCondition)
      - found 'session' scope (OnWebApplicationCondition)

   DispatcherServletAutoConfiguration.DispatcherServletConfiguration matched:
      - @ConditionalOnClass found required class 'jakarta.servlet.ServletRegistration' (OnClassCondition)
      - Default DispatcherServlet did not find dispatcher servlet beans (DispatcherServletAutoConfiguration.DefaultDispatcherServletCondition)

   DispatcherServletAutoConfiguration.DispatcherServletRegistrationConfiguration matched:
      - @ConditionalOnClass found required class 'jakarta.servlet.ServletRegistration' (OnClassCondition)
      - DispatcherServlet Registration did not find servlet registration bean (DispatcherServletAutoConfiguration.DispatcherServletRegistrationCondition)

   DispatcherServletAutoConfiguration.DispatcherServletRegistrationConfiguration#dispatcherServletRegistration matched:
      - @ConditionalOnBean (names: dispatcherServlet types: org.springframework.web.servlet.DispatcherServlet; SearchStrategy: all) found bean 'dispatcherServlet' (OnBeanCondition)

   EmbeddedWebServerFactoryCustomizerAutoConfiguration matched:
      - @ConditionalOnWebApplication (required) found 'session' scope (OnWebApplicationCondition)
      - @ConditionalOnWarDeployment the application is not deployed as a WAR file. (OnWarDeploymentCondition)

   EmbeddedWebServerFactoryCustomizerAutoConfiguration.TomcatWebServerFactoryCustomizerConfiguration matched:
      - @ConditionalOnClass found required classes 'org.apache.catalina.startup.Tomcat', 'org.apache.coyote.UpgradeProtocol' (OnClassCondition)

   ErrorMvcAutoConfiguration matched:
      - @ConditionalOnClass found required classes 'jakarta.servlet.Servlet', 'org.springframework.web.servlet.DispatcherServlet' (OnClassCondition)
      - found 'session' scope (OnWebApplicationCondition)

   ErrorMvcAutoConfiguration#basicErrorController matched:
      - @ConditionalOnMissingBean (types: org.springframework.boot.web.servlet.error.ErrorController; SearchStrategy: current) did not find any beans (OnBeanCondition)

   ErrorMvcAutoConfiguration#errorAttributes matched:
      - @ConditionalOnMissingBean (types: org.springframework.boot.web.servlet.error.ErrorAttributes; SearchStrategy: current) did not find any beans (OnBeanCondition)

   ErrorMvcAutoConfiguration.DefaultErrorViewResolverConfiguration#conventionErrorViewResolver matched:
      - @ConditionalOnBean (types: org.springframework.web.servlet.DispatcherServlet; SearchStrategy: all) found bean 'dispatcherServlet'; @ConditionalOnMissingBean (types: org.springframework.boot.autoconfigure.web.servlet.error.ErrorViewResolver; SearchStrategy: all) did not find any beans (OnBeanCondition)

   ErrorMvcAutoConfiguration.WhitelabelErrorViewConfiguration matched:
      - @ConditionalOnBooleanProperty (server.error.whitelabel.enabled=true) matched (OnPropertyCondition)
      - ErrorTemplate Missing did not find error template view (ErrorMvcAutoConfiguration.ErrorTemplateMissingCondition)

   ErrorMvcAutoConfiguration.WhitelabelErrorViewConfiguration#beanNameViewResolver matched:
      - @ConditionalOnMissingBean (types: org.springframework.web.servlet.view.BeanNameViewResolver; SearchStrategy: all) did not find any beans (OnBeanCondition)

   ErrorMvcAutoConfiguration.WhitelabelErrorViewConfiguration#defaultErrorView matched:
      - @ConditionalOnMissingBean (names: error; SearchStrategy: all) did not find any beans (OnBeanCondition)

   GenericCacheConfiguration matched:
      - Cache org.springframework.boot.autoconfigure.cache.GenericCacheConfiguration automatic cache type (CacheCondition)

   HibernateJpaAutoConfiguration matched:
      - @ConditionalOnClass found required classes 'org.springframework.orm.jpa.LocalContainerEntityManagerFactoryBean', 'jakarta.persistence.EntityManager', 'org.hibernate.engine.spi.SessionImplementor' (OnClassCondition)

   HibernateJpaConfiguration matched:
      - @ConditionalOnSingleCandidate (types: javax.sql.DataSource; SearchStrategy: all) found a single bean 'dataSource' (OnBeanCondition)

   HttpClientAutoConfiguration matched:
      - @ConditionalOnClass found required class 'org.springframework.http.client.ClientHttpRequestFactory' (OnClassCondition)
      - NoneNestedConditions 0 matched 1 did not; NestedCondition on NotReactiveWebApplicationCondition.ReactiveWebApplication did not find reactive web application classes (NotReactiveWebApplicationCondition)

   HttpClientAutoConfiguration#clientHttpRequestFactoryBuilder matched:
      - @ConditionalOnMissingBean (types: org.springframework.boot.http.client.ClientHttpRequestFactoryBuilder<?>; SearchStrategy: all) did not find any beans (OnBeanCondition)

   HttpClientAutoConfiguration#clientHttpRequestFactorySettings matched:
      - @ConditionalOnMissingBean (types: org.springframework.boot.http.client.ClientHttpRequestFactorySettings; SearchStrategy: all) did not find any beans (OnBeanCondition)

   HttpEncodingAutoConfiguration matched:
      - @ConditionalOnClass found required class 'org.springframework.web.filter.CharacterEncodingFilter' (OnClassCondition)
      - found 'session' scope (OnWebApplicationCondition)
      - @ConditionalOnBooleanProperty (server.servlet.encoding.enabled=true) matched (OnPropertyCondition)

   HttpEncodingAutoConfiguration#characterEncodingFilter matched:
      - @ConditionalOnMissingBean (types: org.springframework.web.filter.CharacterEncodingFilter; SearchStrategy: all) did not find any beans (OnBeanCondition)

   HttpMessageConvertersAutoConfiguration matched:
      - @ConditionalOnClass found required class 'org.springframework.http.converter.HttpMessageConverter' (OnClassCondition)
      - NoneNestedConditions 0 matched 1 did not; NestedCondition on HttpMessageConvertersAutoConfiguration.NotReactiveWebApplicationCondition.ReactiveWebApplication did not find reactive web application classes (HttpMessageConvertersAutoConfiguration.NotReactiveWebApplicationCondition)

   HttpMessageConvertersAutoConfiguration#messageConverters matched:
      - @ConditionalOnMissingBean (types: org.springframework.boot.autoconfigure.http.HttpMessageConverters; SearchStrategy: all) did not find any beans (OnBeanCondition)

   HttpMessageConvertersAutoConfiguration.StringHttpMessageConverterConfiguration matched:
      - @ConditionalOnClass found required class 'org.springframework.http.converter.StringHttpMessageConverter' (OnClassCondition)

   HttpMessageConvertersAutoConfiguration.StringHttpMessageConverterConfiguration#stringHttpMessageConverter matched:
      - @ConditionalOnMissingBean (types: org.springframework.http.converter.StringHttpMessageConverter; SearchStrategy: all) did not find any beans (OnBeanCondition)

   JacksonAutoConfiguration matched:
      - @ConditionalOnClass found required class 'com.fasterxml.jackson.databind.ObjectMapper' (OnClassCondition)

   JacksonAutoConfiguration.Jackson2ObjectMapperBuilderCustomizerConfiguration matched:
      - @ConditionalOnClass found required class 'org.springframework.http.converter.json.Jackson2ObjectMapperBuilder' (OnClassCondition)

   JacksonAutoConfiguration.JacksonObjectMapperBuilderConfiguration matched:
      - @ConditionalOnClass found required class 'org.springframework.http.converter.json.Jackson2ObjectMapperBuilder' (OnClassCondition)

   JacksonAutoConfiguration.JacksonObjectMapperBuilderConfiguration#jacksonObjectMapperBuilder matched:
      - @ConditionalOnMissingBean (types: org.springframework.http.converter.json.Jackson2ObjectMapperBuilder; SearchStrategy: all) did not find any beans (OnBeanCondition)

   JacksonAutoConfiguration.JacksonObjectMapperConfiguration matched:
      - @ConditionalOnClass found required class 'org.springframework.http.converter.json.Jackson2ObjectMapperBuilder' (OnClassCondition)

   JacksonAutoConfiguration.JacksonObjectMapperConfiguration#jacksonObjectMapper matched:
      - @ConditionalOnMissingBean (types: com.fasterxml.jackson.databind.ObjectMapper; SearchStrategy: all) did not find any beans (OnBeanCondition)

   JacksonAutoConfiguration.ParameterNamesModuleConfiguration matched:
      - @ConditionalOnClass found required class 'com.fasterxml.jackson.module.paramnames.ParameterNamesModule' (OnClassCondition)

   JacksonAutoConfiguration.ParameterNamesModuleConfiguration#parameterNamesModule matched:
      - @ConditionalOnMissingBean (types: com.fasterxml.jackson.module.paramnames.ParameterNamesModule; SearchStrategy: all) did not find any beans (OnBeanCondition)

   JacksonHttpMessageConvertersConfiguration.MappingJackson2HttpMessageConverterConfiguration matched:
      - @ConditionalOnClass found required class 'com.fasterxml.jackson.databind.ObjectMapper' (OnClassCondition)
      - @ConditionalOnPreferredJsonMapper JACKSON no property was configured and Jackson is the default (OnPreferredJsonMapperCondition)
      - @ConditionalOnBean (types: com.fasterxml.jackson.databind.ObjectMapper; SearchStrategy: all) found bean 'jacksonObjectMapper' (OnBeanCondition)

   JacksonHttpMessageConvertersConfiguration.MappingJackson2HttpMessageConverterConfiguration#mappingJackson2HttpMessageConverter matched:
      - @ConditionalOnMissingBean (types: org.springframework.http.converter.json.MappingJackson2HttpMessageConverter ignored: ?; SearchStrategy: all) did not find any beans (OnBeanCondition)

   JdbcClientAutoConfiguration matched:
      - @ConditionalOnSingleCandidate (types: org.springframework.jdbc.core.namedparam.NamedParameterJdbcTemplate; SearchStrategy: all) found a single bean 'namedParameterJdbcTemplate'; @ConditionalOnMissingBean (types: org.springframework.jdbc.core.simple.JdbcClient; SearchStrategy: all) did not find any beans (OnBeanCondition)

   JdbcTemplateAutoConfiguration matched:
      - @ConditionalOnClass found required classes 'javax.sql.DataSource', 'org.springframework.jdbc.core.JdbcTemplate' (OnClassCondition)
      - @ConditionalOnSingleCandidate (types: javax.sql.DataSource; SearchStrategy: all) found a single bean 'dataSource' (OnBeanCondition)

   JdbcTemplateConfiguration matched:
      - @ConditionalOnMissingBean (types: org.springframework.jdbc.core.JdbcOperations; SearchStrategy: all) did not find any beans (OnBeanCondition)

   JpaBaseConfiguration#entityManagerFactory matched:
      - @ConditionalOnMissingBean (types: org.springframework.orm.jpa.LocalContainerEntityManagerFactoryBean,jakarta.persistence.EntityManagerFactory; SearchStrategy: all) did not find any beans (OnBeanCondition)

   JpaBaseConfiguration#entityManagerFactoryBuilder matched:
      - @ConditionalOnMissingBean (types: org.springframework.boot.orm.jpa.EntityManagerFactoryBuilder; SearchStrategy: all) did not find any beans (OnBeanCondition)

   JpaBaseConfiguration#jpaVendorAdapter matched:
      - @ConditionalOnMissingBean (types: org.springframework.orm.jpa.JpaVendorAdapter; SearchStrategy: all) did not find any beans (OnBeanCondition)

   JpaBaseConfiguration#transactionManager matched:
      - @ConditionalOnMissingBean (types: org.springframework.transaction.TransactionManager; SearchStrategy: all) did not find any beans (OnBeanCondition)

   JpaBaseConfiguration.JpaWebConfiguration matched:
      - @ConditionalOnClass found required class 'org.springframework.web.servlet.config.annotation.WebMvcConfigurer' (OnClassCondition)
      - found 'session' scope (OnWebApplicationCondition)
      - @ConditionalOnBooleanProperty (spring.jpa.open-in-view=true) matched (OnPropertyCondition)
      - @ConditionalOnMissingBean (types: org.springframework.orm.jpa.support.OpenEntityManagerInViewInterceptor,org.springframework.orm.jpa.support.OpenEntityManagerInViewFilter; SearchStrategy: all) did not find any beans (OnBeanCondition)

   JpaBaseConfiguration.PersistenceManagedTypesConfiguration matched:
      - @ConditionalOnMissingBean (types: org.springframework.orm.jpa.LocalContainerEntityManagerFactoryBean,jakarta.persistence.EntityManagerFactory; SearchStrategy: all) did not find any beans (OnBeanCondition)

   JpaBaseConfiguration.PersistenceManagedTypesConfiguration#persistenceManagedTypes matched:
      - @ConditionalOnMissingBean (types: org.springframework.orm.jpa.persistenceunit.PersistenceManagedTypes; SearchStrategy: all) did not find any beans (OnBeanCondition)

   JpaRepositoriesAutoConfiguration matched:
      - @ConditionalOnClass found required class 'org.springframework.data.jpa.repository.JpaRepository' (OnClassCondition)
      - @ConditionalOnBooleanProperty (spring.data.jpa.repositories.enabled=true) matched (OnPropertyCondition)
      - @ConditionalOnBean (types: javax.sql.DataSource; SearchStrategy: all) found bean 'dataSource'; @ConditionalOnMissingBean (types: org.springframework.data.jpa.repository.support.JpaRepositoryFactoryBean,org.springframework.data.jpa.repository.config.JpaRepositoryConfigExtension; SearchStrategy: all) did not find any beans (OnBeanCondition)

   JtaAutoConfiguration matched:
      - @ConditionalOnClass found required class 'jakarta.transaction.Transaction' (OnClassCondition)
      - @ConditionalOnBooleanProperty (spring.jta.enabled=true) matched (OnPropertyCondition)

   LifecycleAutoConfiguration#defaultLifecycleProcessor matched:
      - @ConditionalOnMissingBean (names: lifecycleProcessor; SearchStrategy: current) did not find any beans (OnBeanCondition)

   LiquibaseAutoConfiguration matched:
      - @ConditionalOnClass found required classes 'liquibase.integration.spring.SpringLiquibase', 'liquibase.change.DatabaseChange' (OnClassCondition)
      - @ConditionalOnBooleanProperty (spring.liquibase.enabled=true) matched (OnPropertyCondition)
      - AnyNestedCondition 2 matched 1 did not; NestedCondition on LiquibaseAutoConfiguration.LiquibaseDataSourceCondition.LiquibaseUrlCondition @ConditionalOnProperty (spring.liquibase.url) did not find property 'spring.liquibase.url'; NestedCondition on LiquibaseAutoConfiguration.LiquibaseDataSourceCondition.JdbcConnectionDetailsCondition @ConditionalOnBean (types: org.springframework.boot.autoconfigure.jdbc.JdbcConnectionDetails; SearchStrategy: all) found bean 'jdbcConnectionDetails'; NestedCondition on LiquibaseAutoConfiguration.LiquibaseDataSourceCondition.DataSourceBeanCondition @ConditionalOnBean (types: javax.sql.DataSource; SearchStrategy: all) found bean 'dataSource' (LiquibaseAutoConfiguration.LiquibaseDataSourceCondition)

   LiquibaseAutoConfiguration.CustomizerConfiguration matched:
      - @ConditionalOnClass found required class 'liquibase.integration.spring.Customizer' (OnClassCondition)

   LiquibaseAutoConfiguration.LiquibaseConfiguration matched:
      - @ConditionalOnClass found required class 'org.springframework.jdbc.core.ConnectionCallback' (OnClassCondition)
      - @ConditionalOnMissingBean (types: liquibase.integration.spring.SpringLiquibase; SearchStrategy: all) did not find any beans (OnBeanCondition)

   LiquibaseAutoConfiguration.LiquibaseConfiguration#liquibaseConnectionDetails matched:
      - @ConditionalOnMissingBean (types: org.springframework.boot.autoconfigure.liquibase.LiquibaseConnectionDetails; SearchStrategy: all) did not find any beans (OnBeanCondition)

   MessageSourceAutoConfiguration matched:
      - ResourceBundle found bundle URL [jar:file:/C:/Users/Serge/.m2/repository/org/telegram/telegrambots-abilities/9.0.0/telegrambots-abilities-9.0.0.jar!/messages.properties] (MessageSourceAutoConfiguration.ResourceBundleCondition)
      - @ConditionalOnMissingBean (names: messageSource; SearchStrategy: current) did not find any beans (OnBeanCondition)

   MultipartAutoConfiguration matched:
      - @ConditionalOnClass found required classes 'jakarta.servlet.Servlet', 'org.springframework.web.multipart.support.StandardServletMultipartResolver', 'jakarta.servlet.MultipartConfigElement' (OnClassCondition)
      - found 'session' scope (OnWebApplicationCondition)
      - @ConditionalOnBooleanProperty (spring.servlet.multipart.enabled=true) matched (OnPropertyCondition)

   MultipartAutoConfiguration#multipartConfigElement matched:
      - @ConditionalOnMissingBean (types: jakarta.servlet.MultipartConfigElement; SearchStrategy: all) did not find any beans (OnBeanCondition)

   MultipartAutoConfiguration#multipartResolver matched:
      - @ConditionalOnMissingBean (types: org.springframework.web.multipart.MultipartResolver; SearchStrategy: all) did not find any beans (OnBeanCondition)

   NamedParameterJdbcTemplateConfiguration matched:
      - @ConditionalOnSingleCandidate (types: org.springframework.jdbc.core.JdbcTemplate; SearchStrategy: all) found a single bean 'jdbcTemplate'; @ConditionalOnMissingBean (types: org.springframework.jdbc.core.namedparam.NamedParameterJdbcOperations; SearchStrategy: all) did not find any beans (OnBeanCondition)

   NoOpCacheConfiguration matched:
      - Cache org.springframework.boot.autoconfigure.cache.NoOpCacheConfiguration automatic cache type (CacheCondition)

   PersistenceExceptionTranslationAutoConfiguration matched:
      - @ConditionalOnClass found required class 'org.springframework.dao.annotation.PersistenceExceptionTranslationPostProcessor' (OnClassCondition)

   PersistenceExceptionTranslationAutoConfiguration#persistenceExceptionTranslationPostProcessor matched:
      - @ConditionalOnBooleanProperty (spring.dao.exceptiontranslation.enabled=true) matched (OnPropertyCondition)
      - @ConditionalOnMissingBean (types: org.springframework.dao.annotation.PersistenceExceptionTranslationPostProcessor; SearchStrategy: all) did not find any beans (OnBeanCondition)

   PropertyPlaceholderAutoConfiguration#propertySourcesPlaceholderConfigurer matched:
      - @ConditionalOnMissingBean (types: org.springframework.context.support.PropertySourcesPlaceholderConfigurer; SearchStrategy: current) did not find any beans (OnBeanCondition)

   RestClientAutoConfiguration matched:
      - @ConditionalOnClass found required class 'org.springframework.web.client.RestClient' (OnClassCondition)
      - AnyNestedCondition 1 matched 1 did not; NestedCondition on NotReactiveWebApplicationOrVirtualThreadsExecutorEnabledCondition.VirtualThreadsExecutorEnabled found non-matching nested conditions @ConditionalOnThreading did not find VIRTUAL; NestedCondition on NotReactiveWebApplicationOrVirtualThreadsExecutorEnabledCondition.NotReactiveWebApplication NoneNestedConditions 0 matched 1 did not; NestedCondition on NotReactiveWebApplicationCondition.ReactiveWebApplication did not find reactive web application classes (NotReactiveWebApplicationOrVirtualThreadsExecutorEnabledCondition)

   RestClientAutoConfiguration#httpMessageConvertersRestClientCustomizer matched:
      - @ConditionalOnMissingBean (types: org.springframework.boot.autoconfigure.web.client.HttpMessageConvertersRestClientCustomizer; SearchStrategy: all) did not find any beans (OnBeanCondition)

   RestClientAutoConfiguration#restClientBuilder matched:
      - @ConditionalOnMissingBean (types: org.springframework.web.client.RestClient$Builder; SearchStrategy: all) did not find any beans (OnBeanCondition)

   RestClientAutoConfiguration#restClientBuilderConfigurer matched:
      - @ConditionalOnMissingBean (types: org.springframework.boot.autoconfigure.web.client.RestClientBuilderConfigurer; SearchStrategy: all) did not find any beans (OnBeanCondition)

   RestClientAutoConfiguration#restClientSsl matched:
      - @ConditionalOnBean (types: org.springframework.boot.ssl.SslBundles; SearchStrategy: all) found bean 'sslBundleRegistry'; @ConditionalOnMissingBean (types: org.springframework.boot.autoconfigure.web.client.RestClientSsl; SearchStrategy: all) did not find any beans (OnBeanCondition)

   RestTemplateAutoConfiguration matched:
      - @ConditionalOnClass found required class 'org.springframework.web.client.RestTemplate' (OnClassCondition)
      - NoneNestedConditions 0 matched 1 did not; NestedCondition on NotReactiveWebApplicationCondition.ReactiveWebApplication did not find reactive web application classes (NotReactiveWebApplicationCondition)

   RestTemplateAutoConfiguration#restTemplateBuilder matched:
      - @ConditionalOnMissingBean (types: org.springframework.boot.web.client.RestTemplateBuilder; SearchStrategy: all) did not find any beans (OnBeanCondition)

   SecurityAutoConfiguration matched:
      - @ConditionalOnClass found required class 'org.springframework.security.authentication.DefaultAuthenticationEventPublisher' (OnClassCondition)

   SecurityAutoConfiguration#authenticationEventPublisher matched:
      - @ConditionalOnMissingBean (types: org.springframework.security.authentication.AuthenticationEventPublisher; SearchStrategy: all) did not find any beans (OnBeanCondition)

   SecurityFilterAutoConfiguration matched:
      - @ConditionalOnClass found required classes 'org.springframework.security.web.context.AbstractSecurityWebApplicationInitializer', 'org.springframework.security.config.http.SessionCreationPolicy' (OnClassCondition)
      - found 'session' scope (OnWebApplicationCondition)

   SecurityFilterAutoConfiguration#securityFilterChainRegistration matched:
      - @ConditionalOnBean (names: springSecurityFilterChain; SearchStrategy: all) found bean 'springSecurityFilterChain' (OnBeanCondition)

   ServletWebServerFactoryAutoConfiguration matched:
      - @ConditionalOnClass found required class 'jakarta.servlet.ServletRequest' (OnClassCondition)
      - found 'session' scope (OnWebApplicationCondition)

   ServletWebServerFactoryAutoConfiguration#tomcatServletWebServerFactoryCustomizer matched:
      - @ConditionalOnClass found required class 'org.apache.catalina.startup.Tomcat' (OnClassCondition)

   ServletWebServerFactoryConfiguration.EmbeddedTomcat matched:
      - @ConditionalOnClass found required classes 'jakarta.servlet.Servlet', 'org.apache.catalina.startup.Tomcat', 'org.apache.coyote.UpgradeProtocol' (OnClassCondition)
      - @ConditionalOnMissingBean (types: org.springframework.boot.web.servlet.server.ServletWebServerFactory; SearchStrategy: current) did not find any beans (OnBeanCondition)

   SimpleCacheConfiguration matched:
      - Cache org.springframework.boot.autoconfigure.cache.SimpleCacheConfiguration automatic cache type (CacheCondition)

   SpringBootWebSecurityConfiguration matched:
      - found 'session' scope (OnWebApplicationCondition)

   SpringDataWebAutoConfiguration matched:
      - @ConditionalOnClass found required classes 'org.springframework.data.web.PageableHandlerMethodArgumentResolver', 'org.springframework.web.servlet.config.annotation.WebMvcConfigurer' (OnClassCondition)
      - found 'session' scope (OnWebApplicationCondition)
      - @ConditionalOnMissingBean (types: org.springframework.data.web.PageableHandlerMethodArgumentResolver; SearchStrategy: all) did not find any beans (OnBeanCondition)

   SpringDataWebAutoConfiguration#pageableCustomizer matched:
      - @ConditionalOnMissingBean (types: org.springframework.data.web.config.PageableHandlerMethodArgumentResolverCustomizer; SearchStrategy: all) did not find any beans (OnBeanCondition)

   SpringDataWebAutoConfiguration#sortCustomizer matched:
      - @ConditionalOnMissingBean (types: org.springframework.data.web.config.SortHandlerMethodArgumentResolverCustomizer; SearchStrategy: all) did not find any beans (OnBeanCondition)

   SpringDataWebAutoConfiguration#springDataWebSettings matched:
      - @ConditionalOnMissingBean (types: org.springframework.data.web.config.SpringDataWebSettings; SearchStrategy: all) did not find any beans (OnBeanCondition)

   SqlInitializationAutoConfiguration matched:
      - @ConditionalOnBooleanProperty (spring.sql.init.enabled=true) matched (OnPropertyCondition)
      - NoneNestedConditions 0 matched 1 did not; NestedCondition on SqlInitializationAutoConfiguration.SqlInitializationModeCondition.ModeIsNever @ConditionalOnProperty (spring.sql.init.mode=never) did not find property 'spring.sql.init.mode' (SqlInitializationAutoConfiguration.SqlInitializationModeCondition)

   SslAutoConfiguration#sslBundleRegistry matched:
      - @ConditionalOnMissingBean (types: org.springframework.boot.ssl.SslBundleRegistry,org.springframework.boot.ssl.SslBundles; SearchStrategy: all) did not find any beans (OnBeanCondition)

   TaskExecutionAutoConfiguration matched:
      - @ConditionalOnClass found required class 'org.springframework.scheduling.concurrent.ThreadPoolTaskExecutor' (OnClassCondition)

   TaskExecutorConfigurations.AsyncConfigurerConfiguration matched:
      - @ConditionalOnMissingBean (types: org.springframework.scheduling.annotation.AsyncConfigurer; SearchStrategy: all) did not find any beans (OnBeanCondition)

   TaskExecutorConfigurations.AsyncConfigurerConfiguration#applicationTaskExecutorAsyncConfigurer matched:
      - @ConditionalOnMissingBean (types: org.springframework.scheduling.annotation.AsyncConfigurer; SearchStrategy: all) did not find any beans (OnBeanCondition)

   TaskExecutorConfigurations.SimpleAsyncTaskExecutorBuilderConfiguration#simpleAsyncTaskExecutorBuilder matched:
      - @ConditionalOnMissingBean (types: org.springframework.boot.task.SimpleAsyncTaskExecutorBuilder; SearchStrategy: all) did not find any beans (OnBeanCondition)
      - @ConditionalOnThreading found PLATFORM (OnThreadingCondition)

   TaskExecutorConfigurations.TaskExecutorConfiguration matched:
      - AnyNestedCondition 1 matched 1 did not; NestedCondition on TaskExecutorConfigurations.OnExecutorCondition.ModelCondition @ConditionalOnProperty (spring.task.execution.mode=force) did not find property 'spring.task.execution.mode'; NestedCondition on TaskExecutorConfigurations.OnExecutorCondition.ExecutorBeanCondition @ConditionalOnMissingBean (types: java.util.concurrent.Executor; SearchStrategy: all) did not find any beans (TaskExecutorConfigurations.OnExecutorCondition)

   TaskExecutorConfigurations.TaskExecutorConfiguration#applicationTaskExecutor matched:
      - @ConditionalOnThreading found PLATFORM (OnThreadingCondition)

   TaskExecutorConfigurations.ThreadPoolTaskExecutorBuilderConfiguration#threadPoolTaskExecutorBuilder matched:
      - @ConditionalOnMissingBean (types: org.springframework.boot.task.ThreadPoolTaskExecutorBuilder; SearchStrategy: all) did not find any beans (OnBeanCondition)

   TaskSchedulingAutoConfiguration matched:
      - @ConditionalOnClass found required class 'org.springframework.scheduling.concurrent.ThreadPoolTaskScheduler' (OnClassCondition)

   TaskSchedulingConfigurations.SimpleAsyncTaskSchedulerBuilderConfiguration#simpleAsyncTaskSchedulerBuilder matched:
      - @ConditionalOnMissingBean (types: org.springframework.boot.task.SimpleAsyncTaskSchedulerBuilder; SearchStrategy: all) did not find any beans (OnBeanCondition)
      - @ConditionalOnThreading found PLATFORM (OnThreadingCondition)

   TaskSchedulingConfigurations.ThreadPoolTaskSchedulerBuilderConfiguration#threadPoolTaskSchedulerBuilder matched:
      - @ConditionalOnMissingBean (types: org.springframework.boot.task.ThreadPoolTaskSchedulerBuilder; SearchStrategy: all) did not find any beans (OnBeanCondition)

   TransactionAutoConfiguration matched:
      - @ConditionalOnClass found required class 'org.springframework.transaction.PlatformTransactionManager' (OnClassCondition)

   TransactionAutoConfiguration.EnableTransactionManagementConfiguration matched:
      - @ConditionalOnBean (types: org.springframework.transaction.TransactionManager; SearchStrategy: all) found bean 'transactionManager'; @ConditionalOnMissingBean (types: org.springframework.transaction.annotation.AbstractTransactionManagementConfiguration; SearchStrategy: all) did not find any beans (OnBeanCondition)

   TransactionAutoConfiguration.EnableTransactionManagementConfiguration.CglibAutoProxyConfiguration matched:
      - @ConditionalOnBooleanProperty (spring.aop.proxy-target-class=true) matched (OnPropertyCondition)

   TransactionAutoConfiguration.TransactionTemplateConfiguration matched:
      - @ConditionalOnSingleCandidate (types: org.springframework.transaction.PlatformTransactionManager; SearchStrategy: all) found a single bean 'transactionManager' (OnBeanCondition)

   TransactionAutoConfiguration.TransactionTemplateConfiguration#transactionTemplate matched:
      - @ConditionalOnMissingBean (types: org.springframework.transaction.support.TransactionOperations; SearchStrategy: all) did not find any beans (OnBeanCondition)

   TransactionManagerCustomizationAutoConfiguration matched:
      - @ConditionalOnClass found required class 'org.springframework.transaction.PlatformTransactionManager' (OnClassCondition)

   TransactionManagerCustomizationAutoConfiguration#platformTransactionManagerCustomizers matched:
      - @ConditionalOnMissingBean (types: org.springframework.boot.autoconfigure.transaction.TransactionManagerCustomizers; SearchStrategy: all) did not find any beans (OnBeanCondition)

   WebMvcAutoConfiguration matched:
      - @ConditionalOnClass found required classes 'jakarta.servlet.Servlet', 'org.springframework.web.servlet.DispatcherServlet', 'org.springframework.web.servlet.config.annotation.WebMvcConfigurer' (OnClassCondition)
      - found 'session' scope (OnWebApplicationCondition)
      - @ConditionalOnMissingBean (types: org.springframework.web.servlet.config.annotation.WebMvcConfigurationSupport; SearchStrategy: all) did not find any beans (OnBeanCondition)

   WebMvcAutoConfiguration#formContentFilter matched:
      - @ConditionalOnBooleanProperty (spring.mvc.formcontent.filter.enabled=true) matched (OnPropertyCondition)
      - @ConditionalOnMissingBean (types: org.springframework.web.filter.FormContentFilter; SearchStrategy: all) did not find any beans (OnBeanCondition)

   WebMvcAutoConfiguration.EnableWebMvcConfiguration#flashMapManager matched:
      - @ConditionalOnMissingBean (names: flashMapManager; SearchStrategy: all) did not find any beans (OnBeanCondition)

   WebMvcAutoConfiguration.EnableWebMvcConfiguration#localeResolver matched:
      - @ConditionalOnMissingBean (names: localeResolver; SearchStrategy: all) did not find any beans (OnBeanCondition)

   WebMvcAutoConfiguration.EnableWebMvcConfiguration#themeResolver matched:
      - @ConditionalOnMissingBean (names: themeResolver; SearchStrategy: all) did not find any beans (OnBeanCondition)

   WebMvcAutoConfiguration.EnableWebMvcConfiguration#viewNameTranslator matched:
      - @ConditionalOnMissingBean (names: viewNameTranslator; SearchStrategy: all) did not find any beans (OnBeanCondition)

   WebMvcAutoConfiguration.WebMvcAutoConfigurationAdapter#defaultViewResolver matched:
      - @ConditionalOnMissingBean (types: org.springframework.web.servlet.view.InternalResourceViewResolver; SearchStrategy: all) did not find any beans (OnBeanCondition)

   WebMvcAutoConfiguration.WebMvcAutoConfigurationAdapter#requestContextFilter matched:
      - @ConditionalOnMissingBean (types: org.springframework.web.context.request.RequestContextListener,org.springframework.web.filter.RequestContextFilter; SearchStrategy: all) did not find any beans (OnBeanCondition)

   WebMvcAutoConfiguration.WebMvcAutoConfigurationAdapter#viewResolver matched:
      - @ConditionalOnBean (types: org.springframework.web.servlet.ViewResolver; SearchStrategy: all) found beans 'defaultViewResolver', 'beanNameViewResolver', 'mvcViewResolver'; @ConditionalOnMissingBean (names: viewResolver types: org.springframework.web.servlet.view.ContentNegotiatingViewResolver; SearchStrategy: all) did not find any beans (OnBeanCondition)

   WebSocketServletAutoConfiguration matched:
      - @ConditionalOnClass found required classes 'jakarta.servlet.Servlet', 'jakarta.websocket.server.ServerContainer' (OnClassCondition)
      - found 'session' scope (OnWebApplicationCondition)

   WebSocketServletAutoConfiguration.TomcatWebSocketConfiguration matched:
      - @ConditionalOnClass found required classes 'org.apache.catalina.startup.Tomcat', 'org.apache.tomcat.websocket.server.WsSci' (OnClassCondition)

   WebSocketServletAutoConfiguration.TomcatWebSocketConfiguration#websocketServletWebServerCustomizer matched:
      - @ConditionalOnMissingBean (names: websocketServletWebServerCustomizer; SearchStrategy: all) did not find any beans (OnBeanCondition)


Negative matches:
-----------------

   ActiveMQAutoConfiguration:
      Did not match:
         - @ConditionalOnClass did not find required class 'jakarta.jms.ConnectionFactory' (OnClassCondition)

   AopAutoConfiguration.AspectJAutoProxyingConfiguration.JdkDynamicAutoProxyConfiguration:
      Did not match:
         - @ConditionalOnBooleanProperty (spring.aop.proxy-target-class=false) did not find property 'spring.aop.proxy-target-class' (OnPropertyCondition)

   AopAutoConfiguration.ClassProxyingConfiguration:
      Did not match:
         - @ConditionalOnMissingClass found unwanted class 'org.aspectj.weaver.Advice' (OnClassCondition)

   ArtemisAutoConfiguration:
      Did not match:
         - @ConditionalOnClass did not find required class 'jakarta.jms.ConnectionFactory' (OnClassCondition)

   BatchAutoConfiguration:
      Did not match:
         - @ConditionalOnClass did not find required class 'org.springframework.batch.core.launch.JobLauncher' (OnClassCondition)

   Cache2kCacheConfiguration:
      Did not match:
         - @ConditionalOnClass did not find required class 'org.cache2k.Cache2kBuilder' (OnClassCondition)

   CacheAutoConfiguration:
      Did not match:
         - @ConditionalOnBean (types: org.springframework.cache.interceptor.CacheAspectSupport; SearchStrategy: all) did not find any beans of type org.springframework.cache.interceptor.CacheAspectSupport (OnBeanCondition)
      Matched:
         - @ConditionalOnClass found required class 'org.springframework.cache.CacheManager' (OnClassCondition)

   CacheAutoConfiguration.CacheManagerEntityManagerFactoryDependsOnPostProcessor:
      Did not match:
         - Ancestor org.springframework.boot.autoconfigure.cache.CacheAutoConfiguration did not match (ConditionEvaluationReport.AncestorsMatchedCondition)
      Matched:
         - @ConditionalOnClass found required class 'org.springframework.orm.jpa.LocalContainerEntityManagerFactoryBean' (OnClassCondition)

   CaffeineCacheConfiguration:
      Did not match:
         - @ConditionalOnClass did not find required class 'com.github.benmanes.caffeine.cache.Caffeine' (OnClassCondition)

   CassandraAutoConfiguration:
      Did not match:
         - @ConditionalOnClass did not find required class 'com.datastax.oss.driver.api.core.CqlSession' (OnClassCondition)

   CassandraDataAutoConfiguration:
      Did not match:
         - @ConditionalOnClass did not find required class 'com.datastax.oss.driver.api.core.CqlSession' (OnClassCondition)

   CassandraReactiveDataAutoConfiguration:
      Did not match:
         - @ConditionalOnClass did not find required class 'com.datastax.oss.driver.api.core.CqlSession' (OnClassCondition)

   CassandraReactiveRepositoriesAutoConfiguration:
      Did not match:
         - @ConditionalOnClass did not find required class 'org.springframework.data.cassandra.ReactiveSession' (OnClassCondition)

   CassandraRepositoriesAutoConfiguration:
      Did not match:
         - @ConditionalOnClass did not find required class 'com.datastax.oss.driver.api.core.CqlSession' (OnClassCondition)

   org.springframework.boot.autoconfigure.http.client.reactive.ClientHttpConnectorAutoConfiguration:
      Did not match:
         - @ConditionalOnClass did not find required class 'reactor.core.publisher.Mono' (OnClassCondition)

   org.springframework.boot.autoconfigure.web.reactive.function.client.ClientHttpConnectorAutoConfiguration:
      Did not match:
         - @ConditionalOnClass did not find required class 'org.springframework.web.reactive.function.client.WebClient' (OnClassCondition)

   CodecsAutoConfiguration:
      Did not match:
         - @ConditionalOnClass did not find required class 'org.springframework.web.reactive.function.client.WebClient' (OnClassCondition)

   CouchbaseAutoConfiguration:
      Did not match:
         - @ConditionalOnClass did not find required class 'com.couchbase.client.java.Cluster' (OnClassCondition)

   CouchbaseCacheConfiguration:
      Did not match:
         - @ConditionalOnClass did not find required class 'com.couchbase.client.java.Cluster' (OnClassCondition)

   CouchbaseDataAutoConfiguration:
      Did not match:
         - @ConditionalOnClass did not find required class 'com.couchbase.client.java.Bucket' (OnClassCondition)

   CouchbaseReactiveDataAutoConfiguration:
      Did not match:
         - @ConditionalOnClass did not find required class 'com.couchbase.client.java.Cluster' (OnClassCondition)

   CouchbaseReactiveRepositoriesAutoConfiguration:
      Did not match:
         - @ConditionalOnClass did not find required class 'com.couchbase.client.java.Cluster' (OnClassCondition)

   CouchbaseRepositoriesAutoConfiguration:
      Did not match:
         - @ConditionalOnClass did not find required class 'com.couchbase.client.java.Bucket' (OnClassCondition)

   DataSourceAutoConfiguration.EmbeddedDatabaseConfiguration:
      Did not match:
         - EmbeddedDataSource spring.datasource.url is set (DataSourceAutoConfiguration.EmbeddedDatabaseCondition)

   DataSourceCheckpointRestoreConfiguration:
      Did not match:
         - @ConditionalOnClass did not find required class 'org.crac.Resource' (OnClassCondition)

   DataSourceConfiguration.Dbcp2:
      Did not match:
         - @ConditionalOnClass did not find required class 'org.apache.commons.dbcp2.BasicDataSource' (OnClassCondition)

   DataSourceConfiguration.Generic:
      Did not match:
         - @ConditionalOnProperty (spring.datasource.type) did not find property 'spring.datasource.type' (OnPropertyCondition)

   DataSourceConfiguration.OracleUcp:
      Did not match:
         - @ConditionalOnClass did not find required classes 'oracle.ucp.jdbc.PoolDataSourceImpl', 'oracle.jdbc.OracleConnection' (OnClassCondition)

   DataSourceConfiguration.Tomcat:
      Did not match:
         - @ConditionalOnClass did not find required class 'org.apache.tomcat.jdbc.pool.DataSource' (OnClassCondition)

   DataSourceJmxConfiguration:
      Did not match:
         - @ConditionalOnBooleanProperty (spring.jmx.enabled=true) did not find property 'spring.jmx.enabled' (OnPropertyCondition)

   DataSourcePoolMetadataProvidersConfiguration.CommonsDbcp2PoolDataSourceMetadataProviderConfiguration:
      Did not match:
         - @ConditionalOnClass did not find required class 'org.apache.commons.dbcp2.BasicDataSource' (OnClassCondition)

   DataSourcePoolMetadataProvidersConfiguration.OracleUcpPoolDataSourceMetadataProviderConfiguration:
      Did not match:
         - @ConditionalOnClass did not find required classes 'oracle.ucp.jdbc.PoolDataSource', 'oracle.jdbc.OracleConnection' (OnClassCondition)

   DataSourcePoolMetadataProvidersConfiguration.TomcatDataSourcePoolMetadataProviderConfiguration:
      Did not match:
         - @ConditionalOnClass did not find required class 'org.apache.tomcat.jdbc.pool.DataSource' (OnClassCondition)

   DataSourceTransactionManagerAutoConfiguration.JdbcTransactionManagerConfiguration#transactionManager:
      Did not match:
         - @ConditionalOnMissingBean (types: org.springframework.transaction.TransactionManager; SearchStrategy: all) found beans of type 'org.springframework.transaction.TransactionManager' transactionManager (OnBeanCondition)

   DispatcherServletAutoConfiguration.DispatcherServletConfiguration#multipartResolver:
      Did not match:
         - @ConditionalOnBean (types: org.springframework.web.multipart.MultipartResolver; SearchStrategy: all) did not find any beans of type org.springframework.web.multipart.MultipartResolver (OnBeanCondition)

   ElasticsearchClientAutoConfiguration:
      Did not match:
         - @ConditionalOnClass did not find required class 'co.elastic.clients.elasticsearch.ElasticsearchClient' (OnClassCondition)

   ElasticsearchDataAutoConfiguration:
      Did not match:
         - @ConditionalOnClass did not find required class 'org.springframework.data.elasticsearch.client.elc.ElasticsearchTemplate' (OnClassCondition)

   ElasticsearchRepositoriesAutoConfiguration:
      Did not match:
         - @ConditionalOnClass did not find required class 'org.springframework.data.elasticsearch.repository.ElasticsearchRepository' (OnClassCondition)

   ElasticsearchRestClientAutoConfiguration:
      Did not match:
         - @ConditionalOnClass did not find required class 'org.elasticsearch.client.RestClientBuilder' (OnClassCondition)

   EmbeddedLdapAutoConfiguration:
      Did not match:
         - @ConditionalOnClass did not find required class 'com.unboundid.ldap.listener.InMemoryDirectoryServer' (OnClassCondition)

   EmbeddedWebServerFactoryCustomizerAutoConfiguration.JettyWebServerFactoryCustomizerConfiguration:
      Did not match:
         - @ConditionalOnClass did not find required class 'org.eclipse.jetty.ee10.webapp.WebAppContext' (OnClassCondition)

   EmbeddedWebServerFactoryCustomizerAutoConfiguration.NettyWebServerFactoryCustomizerConfiguration:
      Did not match:
         - @ConditionalOnClass did not find required class 'reactor.netty.http.server.HttpServer' (OnClassCondition)

   EmbeddedWebServerFactoryCustomizerAutoConfiguration.TomcatWebServerFactoryCustomizerConfiguration#tomcatVirtualThreadsProtocolHandlerCustomizer:
      Did not match:
         - @ConditionalOnThreading did not find VIRTUAL (OnThreadingCondition)

   EmbeddedWebServerFactoryCustomizerAutoConfiguration.UndertowWebServerFactoryCustomizerConfiguration:
      Did not match:
         - @ConditionalOnClass did not find required classes 'io.undertow.Undertow', 'org.xnio.SslClientAuthMode' (OnClassCondition)

   ErrorWebFluxAutoConfiguration:
      Did not match:
         - @ConditionalOnClass did not find required class 'org.springframework.web.reactive.config.WebFluxConfigurer' (OnClassCondition)

   FlywayAutoConfiguration:
      Did not match:
         - @ConditionalOnClass did not find required class 'org.flywaydb.core.Flyway' (OnClassCondition)

   FreeMarkerAutoConfiguration:
      Did not match:
         - @ConditionalOnClass did not find required class 'freemarker.template.Configuration' (OnClassCondition)

   GraphQlAutoConfiguration:
      Did not match:
         - @ConditionalOnClass did not find required class 'graphql.GraphQL' (OnClassCondition)

   GraphQlQueryByExampleAutoConfiguration:
      Did not match:
         - @ConditionalOnClass did not find required class 'graphql.GraphQL' (OnClassCondition)

   GraphQlQuerydslAutoConfiguration:
      Did not match:
         - @ConditionalOnClass did not find required class 'com.querydsl.core.Query' (OnClassCondition)

   GraphQlRSocketAutoConfiguration:
      Did not match:
         - @ConditionalOnClass did not find required class 'graphql.GraphQL' (OnClassCondition)

   GraphQlReactiveQueryByExampleAutoConfiguration:
      Did not match:
         - @ConditionalOnClass did not find required class 'graphql.GraphQL' (OnClassCondition)

   GraphQlReactiveQuerydslAutoConfiguration:
      Did not match:
         - @ConditionalOnClass did not find required class 'com.querydsl.core.Query' (OnClassCondition)

   GraphQlWebFluxAutoConfiguration:
      Did not match:
         - @ConditionalOnClass did not find required class 'graphql.GraphQL' (OnClassCondition)

   GraphQlWebFluxSecurityAutoConfiguration:
      Did not match:
         - @ConditionalOnClass did not find required class 'graphql.GraphQL' (OnClassCondition)

   GraphQlWebMvcAutoConfiguration:
      Did not match:
         - @ConditionalOnClass did not find required class 'graphql.GraphQL' (OnClassCondition)

   GraphQlWebMvcSecurityAutoConfiguration:
      Did not match:
         - @ConditionalOnClass did not find required class 'graphql.GraphQL' (OnClassCondition)

   GroovyTemplateAutoConfiguration:
      Did not match:
         - @ConditionalOnClass did not find required class 'groovy.text.markup.MarkupTemplateEngine' (OnClassCondition)

   GsonAutoConfiguration:
      Did not match:
         - @ConditionalOnClass did not find required class 'com.google.gson.Gson' (OnClassCondition)

   GsonHttpMessageConvertersConfiguration:
      Did not match:
         - @ConditionalOnClass did not find required class 'com.google.gson.Gson' (OnClassCondition)

   H2ConsoleAutoConfiguration:
      Did not match:
         - @ConditionalOnClass did not find required class 'org.h2.server.web.JakartaWebServlet' (OnClassCondition)

   HazelcastAutoConfiguration:
      Did not match:
         - @ConditionalOnClass did not find required class 'com.hazelcast.core.HazelcastInstance' (OnClassCondition)

   HazelcastCacheConfiguration:
      Did not match:
         - @ConditionalOnClass did not find required class 'com.hazelcast.core.HazelcastInstance' (OnClassCondition)

   HazelcastJpaDependencyAutoConfiguration:
      Did not match:
         - @ConditionalOnClass did not find required class 'com.hazelcast.core.HazelcastInstance' (OnClassCondition)

   HttpHandlerAutoConfiguration:
      Did not match:
         - @ConditionalOnClass did not find required class 'org.springframework.web.reactive.DispatcherHandler' (OnClassCondition)

   HypermediaAutoConfiguration:
      Did not match:
         - @ConditionalOnClass did not find required class 'org.springframework.hateoas.EntityModel' (OnClassCondition)

   InfinispanCacheConfiguration:
      Did not match:
         - @ConditionalOnClass did not find required class 'org.infinispan.spring.embedded.provider.SpringEmbeddedCacheManager' (OnClassCondition)

   IntegrationAutoConfiguration:
      Did not match:
         - @ConditionalOnClass did not find required class 'org.springframework.integration.config.EnableIntegration' (OnClassCondition)

   JCacheCacheConfiguration:
      Did not match:
         - @ConditionalOnClass did not find required class 'javax.cache.Caching' (OnClassCondition)

   JacksonHttpMessageConvertersConfiguration.MappingJackson2XmlHttpMessageConverterConfiguration:
      Did not match:
         - @ConditionalOnClass did not find required class 'com.fasterxml.jackson.dataformat.xml.XmlMapper' (OnClassCondition)

   JdbcRepositoriesAutoConfiguration:
      Did not match:
         - @ConditionalOnClass did not find required class 'org.springframework.data.jdbc.repository.config.AbstractJdbcConfiguration' (OnClassCondition)

   JerseyAutoConfiguration:
      Did not match:
         - @ConditionalOnClass did not find required class 'org.glassfish.jersey.server.spring.SpringComponentProvider' (OnClassCondition)

   JmsAutoConfiguration:
      Did not match:
         - @ConditionalOnClass did not find required class 'jakarta.jms.Message' (OnClassCondition)

   JmxAutoConfiguration:
      Did not match:
         - @ConditionalOnBooleanProperty (spring.jmx.enabled=true) did not find property 'spring.jmx.enabled' (OnPropertyCondition)
      Matched:
         - @ConditionalOnClass found required class 'org.springframework.jmx.export.MBeanExporter' (OnClassCondition)

   JndiConnectionFactoryAutoConfiguration:
      Did not match:
         - @ConditionalOnClass did not find required class 'org.springframework.jms.core.JmsTemplate' (OnClassCondition)

   JndiDataSourceAutoConfiguration:
      Did not match:
         - @ConditionalOnProperty (spring.datasource.jndi-name) did not find property 'spring.datasource.jndi-name' (OnPropertyCondition)
      Matched:
         - @ConditionalOnClass found required classes 'javax.sql.DataSource', 'org.springframework.jdbc.datasource.embedded.EmbeddedDatabaseType' (OnClassCondition)

   JndiJtaConfiguration:
      Did not match:
         - @ConditionalOnJndi JNDI environment is not available (OnJndiCondition)
      Matched:
         - @ConditionalOnClass found required class 'org.springframework.transaction.jta.JtaTransactionManager' (OnClassCondition)

   JooqAutoConfiguration:
      Did not match:
         - @ConditionalOnClass did not find required class 'org.jooq.DSLContext' (OnClassCondition)

   JpaRepositoriesAutoConfiguration#entityManagerFactoryBootstrapExecutorCustomizer:
      Did not match:
         - AnyNestedCondition 0 matched 2 did not; NestedCondition on JpaRepositoriesAutoConfiguration.BootstrapExecutorCondition.LazyBootstrapMode @ConditionalOnProperty (spring.data.jpa.repositories.bootstrap-mode=lazy) did not find property 'spring.data.jpa.repositories.bootstrap-mode'; NestedCondition on JpaRepositoriesAutoConfiguration.BootstrapExecutorCondition.DeferredBootstrapMode @ConditionalOnProperty (spring.data.jpa.repositories.bootstrap-mode=deferred) did not find property 'spring.data.jpa.repositories.bootstrap-mode' (JpaRepositoriesAutoConfiguration.BootstrapExecutorCondition)

   JsonbAutoConfiguration:
      Did not match:
         - @ConditionalOnClass did not find required class 'jakarta.json.bind.Jsonb' (OnClassCondition)

   JsonbHttpMessageConvertersConfiguration:
      Did not match:
         - @ConditionalOnClass did not find required class 'jakarta.json.bind.Jsonb' (OnClassCondition)

   KafkaAutoConfiguration:
      Did not match:
         - @ConditionalOnClass did not find required class 'org.springframework.kafka.core.KafkaTemplate' (OnClassCondition)

   LdapAutoConfiguration:
      Did not match:
         - @ConditionalOnClass did not find required class 'org.springframework.ldap.core.ContextSource' (OnClassCondition)

   LdapRepositoriesAutoConfiguration:
      Did not match:
         - @ConditionalOnClass did not find required class 'org.springframework.data.ldap.repository.LdapRepository' (OnClassCondition)

   LiquibaseAutoConfiguration.CustomizerConfiguration#springLiquibaseCustomizer:
      Did not match:
         - @ConditionalOnBean (types: liquibase.integration.spring.Customizer; SearchStrategy: all) did not find any beans of type liquibase.integration.spring.Customizer (OnBeanCondition)

   MailSenderAutoConfiguration:
      Did not match:
         - @ConditionalOnClass did not find required class 'jakarta.mail.internet.MimeMessage' (OnClassCondition)

   MailSenderValidatorAutoConfiguration:
      Did not match:
         - @ConditionalOnSingleCandidate did not find required type 'org.springframework.mail.javamail.JavaMailSenderImpl' (OnBeanCondition)

   MongoAutoConfiguration:
      Did not match:
         - @ConditionalOnClass did not find required class 'com.mongodb.client.MongoClient' (OnClassCondition)

   MongoDataAutoConfiguration:
      Did not match:
         - @ConditionalOnClass did not find required class 'com.mongodb.client.MongoClient' (OnClassCondition)

   MongoReactiveAutoConfiguration:
      Did not match:
         - @ConditionalOnClass did not find required class 'com.mongodb.reactivestreams.client.MongoClient' (OnClassCondition)

   MongoReactiveDataAutoConfiguration:
      Did not match:
         - @ConditionalOnClass did not find required class 'com.mongodb.reactivestreams.client.MongoClient' (OnClassCondition)

   MongoReactiveRepositoriesAutoConfiguration:
      Did not match:
         - @ConditionalOnClass did not find required class 'com.mongodb.reactivestreams.client.MongoClient' (OnClassCondition)

   MongoRepositoriesAutoConfiguration:
      Did not match:
         - @ConditionalOnClass did not find required class 'com.mongodb.client.MongoClient' (OnClassCondition)

   MustacheAutoConfiguration:
      Did not match:
         - @ConditionalOnClass did not find required class 'com.samskivert.mustache.Mustache' (OnClassCondition)

   Neo4jAutoConfiguration:
      Did not match:
         - @ConditionalOnClass did not find required class 'org.neo4j.driver.Driver' (OnClassCondition)

   Neo4jDataAutoConfiguration:
      Did not match:
         - @ConditionalOnClass did not find required class 'org.neo4j.driver.Driver' (OnClassCondition)

   Neo4jReactiveDataAutoConfiguration:
      Did not match:
         - @ConditionalOnClass did not find required class 'org.neo4j.driver.Driver' (OnClassCondition)

   Neo4jReactiveRepositoriesAutoConfiguration:
      Did not match:
         - @ConditionalOnClass did not find required class 'org.neo4j.driver.Driver' (OnClassCondition)

   Neo4jRepositoriesAutoConfiguration:
      Did not match:
         - @ConditionalOnClass did not find required class 'org.neo4j.driver.Driver' (OnClassCondition)

   NettyAutoConfiguration:
      Did not match:
         - @ConditionalOnClass did not find required class 'io.netty.util.NettyRuntime' (OnClassCondition)

   OAuth2AuthorizationServerAutoConfiguration:
      Did not match:
         - @ConditionalOnClass did not find required class 'org.springframework.security.oauth2.server.authorization.OAuth2Authorization' (OnClassCondition)

   OAuth2AuthorizationServerJwtAutoConfiguration:
      Did not match:
         - @ConditionalOnClass did not find required class 'com.nimbusds.jose.jwk.source.JWKSource' (OnClassCondition)

   OAuth2ClientAutoConfiguration:
      Did not match:
         - @ConditionalOnClass did not find required class 'org.springframework.security.oauth2.client.registration.ClientRegistration' (OnClassCondition)

   OAuth2ClientWebSecurityAutoConfiguration:
      Did not match:
         - @ConditionalOnClass did not find required class 'org.springframework.security.oauth2.client.web.OAuth2AuthorizedClientRepository' (OnClassCondition)

   OAuth2ResourceServerAutoConfiguration:
      Did not match:
         - @ConditionalOnClass did not find required class 'org.springframework.security.oauth2.server.resource.authentication.BearerTokenAuthenticationToken' (OnClassCondition)

   ProjectInfoAutoConfiguration#buildProperties:
      Did not match:
         - @ConditionalOnResource did not find resource '${spring.info.build.location:classpath:META-INF/build-info.properties}' (OnResourceCondition)

   ProjectInfoAutoConfiguration#gitProperties:
      Did not match:
         - GitResource did not find git info at classpath:git.properties (ProjectInfoAutoConfiguration.GitResourceAvailableCondition)

   PulsarAutoConfiguration:
      Did not match:
         - @ConditionalOnClass did not find required class 'org.apache.pulsar.client.api.PulsarClient' (OnClassCondition)

   PulsarReactiveAutoConfiguration:
      Did not match:
         - @ConditionalOnClass did not find required class 'org.apache.pulsar.client.api.PulsarClient' (OnClassCondition)

   QuartzAutoConfiguration:
      Did not match:
         - @ConditionalOnClass did not find required class 'org.quartz.Scheduler' (OnClassCondition)

   R2dbcAutoConfiguration:
      Did not match:
         - @ConditionalOnClass did not find required class 'io.r2dbc.spi.ConnectionFactory' (OnClassCondition)

   R2dbcDataAutoConfiguration:
      Did not match:
         - @ConditionalOnClass did not find required class 'org.springframework.data.r2dbc.core.R2dbcEntityTemplate' (OnClassCondition)

   R2dbcInitializationConfiguration:
      Did not match:
         - @ConditionalOnClass did not find required classes 'io.r2dbc.spi.ConnectionFactory', 'org.springframework.r2dbc.connection.init.DatabasePopulator' (OnClassCondition)

   R2dbcProxyAutoConfiguration:
      Did not match:
         - @ConditionalOnClass did not find required class 'io.r2dbc.proxy.ProxyConnectionFactory' (OnClassCondition)

   R2dbcRepositoriesAutoConfiguration:
      Did not match:
         - @ConditionalOnClass did not find required class 'io.r2dbc.spi.ConnectionFactory' (OnClassCondition)

   R2dbcTransactionManagerAutoConfiguration:
      Did not match:
         - @ConditionalOnClass did not find required class 'org.springframework.r2dbc.connection.R2dbcTransactionManager' (OnClassCondition)

   RSocketGraphQlClientAutoConfiguration:
      Did not match:
         - @ConditionalOnClass did not find required class 'graphql.GraphQL' (OnClassCondition)

   RSocketMessagingAutoConfiguration:
      Did not match:
         - @ConditionalOnClass did not find required class 'io.rsocket.RSocket' (OnClassCondition)

   RSocketRequesterAutoConfiguration:
      Did not match:
         - @ConditionalOnClass did not find required class 'io.rsocket.RSocket' (OnClassCondition)

   RSocketSecurityAutoConfiguration:
      Did not match:
         - @ConditionalOnClass did not find required class 'org.springframework.security.rsocket.core.SecuritySocketAcceptorInterceptor' (OnClassCondition)

   RSocketServerAutoConfiguration:
      Did not match:
         - @ConditionalOnClass did not find required class 'io.rsocket.core.RSocketServer' (OnClassCondition)

   RSocketStrategiesAutoConfiguration:
      Did not match:
         - @ConditionalOnClass did not find required class 'io.netty.buffer.PooledByteBufAllocator' (OnClassCondition)

   RabbitAutoConfiguration:
      Did not match:
         - @ConditionalOnClass did not find required class 'com.rabbitmq.client.Channel' (OnClassCondition)

   ReactiveElasticsearchClientAutoConfiguration:
      Did not match:
         - @ConditionalOnClass did not find required class 'co.elastic.clients.transport.ElasticsearchTransport' (OnClassCondition)

   ReactiveElasticsearchRepositoriesAutoConfiguration:
      Did not match:
         - @ConditionalOnClass did not find required class 'reactor.core.publisher.Mono' (OnClassCondition)

   ReactiveMultipartAutoConfiguration:
      Did not match:
         - @ConditionalOnClass did not find required class 'org.springframework.web.reactive.config.WebFluxConfigurer' (OnClassCondition)

   ReactiveOAuth2ClientAutoConfiguration:
      Did not match:
         - @ConditionalOnClass did not find required class 'reactor.core.publisher.Flux' (OnClassCondition)

   ReactiveOAuth2ClientWebSecurityAutoConfiguration:
      Did not match:
         - @ConditionalOnClass did not find required class 'reactor.core.publisher.Flux' (OnClassCondition)

   ReactiveOAuth2ResourceServerAutoConfiguration:
      Did not match:
         - @ConditionalOnWebApplication did not find reactive web application classes (OnWebApplicationCondition)

   ReactiveSecurityAutoConfiguration:
      Did not match:
         - @ConditionalOnClass did not find required class 'reactor.core.publisher.Flux' (OnClassCondition)

   ReactiveUserDetailsServiceAutoConfiguration:
      Did not match:
         - AnyNestedCondition 0 matched 2 did not; NestedCondition on ReactiveUserDetailsServiceAutoConfiguration.RSocketEnabledOrReactiveWebApplication.ReactiveWebApplicationCondition did not find reactive web application classes; NestedCondition on ReactiveUserDetailsServiceAutoConfiguration.RSocketEnabledOrReactiveWebApplication.RSocketSecurityEnabledCondition @ConditionalOnBean (types: ?; SearchStrategy: all) did not find any beans of type ? (ReactiveUserDetailsServiceAutoConfiguration.RSocketEnabledOrReactiveWebApplication)
      Matched:
         - @ConditionalOnClass found required class 'org.springframework.security.authentication.ReactiveAuthenticationManager' (OnClassCondition)
         - AnyNestedCondition 1 matched 2 did not; NestedCondition on ReactiveUserDetailsServiceAutoConfiguration.MissingAlternativeOrUserPropertiesConfigured.PasswordConfigured @ConditionalOnProperty (spring.security.user.password) did not find property 'spring.security.user.password'; NestedCondition on ReactiveUserDetailsServiceAutoConfiguration.MissingAlternativeOrUserPropertiesConfigured.NameConfigured @ConditionalOnProperty (spring.security.user.name) did not find property 'spring.security.user.name'; NestedCondition on ReactiveUserDetailsServiceAutoConfiguration.MissingAlternativeOrUserPropertiesConfigured.MissingAlternative @ConditionalOnMissingClass did not find unwanted classes 'org.springframework.security.oauth2.client.registration.ClientRegistrationRepository', 'org.springframework.security.oauth2.server.resource.introspection.ReactiveOpaqueTokenIntrospector' (ReactiveUserDetailsServiceAutoConfiguration.MissingAlternativeOrUserPropertiesConfigured)

   ReactiveWebServerFactoryAutoConfiguration:
      Did not match:
         - @ConditionalOnWebApplication did not find reactive web application classes (OnWebApplicationCondition)

   ReactorAutoConfiguration:
      Did not match:
         - @ConditionalOnClass did not find required class 'reactor.core.publisher.Hooks' (OnClassCondition)

   RedisAutoConfiguration:
      Did not match:
         - @ConditionalOnClass did not find required class 'org.springframework.data.redis.core.RedisOperations' (OnClassCondition)

   RedisCacheConfiguration:
      Did not match:
         - @ConditionalOnClass did not find required class 'org.springframework.data.redis.connection.RedisConnectionFactory' (OnClassCondition)

   RedisReactiveAutoConfiguration:
      Did not match:
         - @ConditionalOnClass did not find required class 'reactor.core.publisher.Flux' (OnClassCondition)

   RedisRepositoriesAutoConfiguration:
      Did not match:
         - @ConditionalOnClass did not find required class 'org.springframework.data.redis.repository.configuration.EnableRedisRepositories' (OnClassCondition)

   RepositoryRestMvcAutoConfiguration:
      Did not match:
         - @ConditionalOnClass did not find required class 'org.springframework.data.rest.webmvc.config.RepositoryRestMvcConfiguration' (OnClassCondition)

   Saml2RelyingPartyAutoConfiguration:
      Did not match:
         - @ConditionalOnClass did not find required class 'org.springframework.security.saml2.provider.service.registration.RelyingPartyRegistrationRepository' (OnClassCondition)

   SecurityDataConfiguration:
      Did not match:
         - @ConditionalOnClass did not find required class 'org.springframework.security.data.repository.query.SecurityEvaluationContextExtension' (OnClassCondition)

   SendGridAutoConfiguration:
      Did not match:
         - @ConditionalOnClass did not find required class 'com.sendgrid.SendGrid' (OnClassCondition)

   ServletWebServerFactoryAutoConfiguration.ForwardedHeaderFilterConfiguration:
      Did not match:
         - @ConditionalOnProperty (server.forward-headers-strategy=framework) did not find property 'server.forward-headers-strategy' (OnPropertyCondition)

   ServletWebServerFactoryConfiguration.EmbeddedJetty:
      Did not match:
         - @ConditionalOnClass did not find required class 'org.eclipse.jetty.ee10.webapp.WebAppContext' (OnClassCondition)

   ServletWebServerFactoryConfiguration.EmbeddedUndertow:
      Did not match:
         - @ConditionalOnClass did not find required classes 'io.undertow.Undertow', 'org.xnio.SslClientAuthMode' (OnClassCondition)

   SessionAutoConfiguration:
      Did not match:
         - @ConditionalOnClass did not find required class 'org.springframework.session.Session' (OnClassCondition)

   SpringApplicationAdminJmxAutoConfiguration:
      Did not match:
         - @ConditionalOnBooleanProperty (spring.application.admin.enabled=true) did not find property 'spring.application.admin.enabled' (OnPropertyCondition)

   SpringBootWebSecurityConfiguration.SecurityFilterChainConfiguration:
      Did not match:
         - AllNestedConditions 1 matched 1 did not; NestedCondition on DefaultWebSecurityCondition.Beans @ConditionalOnMissingBean (types: org.springframework.security.web.SecurityFilterChain; SearchStrategy: all) found beans of type 'org.springframework.security.web.SecurityFilterChain' securityFilterChain; NestedCondition on DefaultWebSecurityCondition.Classes @ConditionalOnClass found required classes 'org.springframework.security.web.SecurityFilterChain', 'org.springframework.security.config.annotation.web.builders.HttpSecurity' (DefaultWebSecurityCondition)

   SpringBootWebSecurityConfiguration.WebSecurityEnablerConfiguration:
      Did not match:
         - @ConditionalOnMissingBean (names: springSecurityFilterChain; SearchStrategy: all) found beans named springSecurityFilterChain (OnBeanCondition)
      Matched:
         - @ConditionalOnClass found required class 'org.springframework.security.config.annotation.web.configuration.EnableWebSecurity' (OnClassCondition)

   TaskExecutorConfigurations.SimpleAsyncTaskExecutorBuilderConfiguration#simpleAsyncTaskExecutorBuilderVirtualThreads:
      Did not match:
         - @ConditionalOnMissingBean (types: org.springframework.boot.task.SimpleAsyncTaskExecutorBuilder; SearchStrategy: all) found beans of type 'org.springframework.boot.task.SimpleAsyncTaskExecutorBuilder' simpleAsyncTaskExecutorBuilder (OnBeanCondition)

   TaskExecutorConfigurations.TaskExecutorConfiguration#applicationTaskExecutorVirtualThreads:
      Did not match:
         - @ConditionalOnThreading did not find VIRTUAL (OnThreadingCondition)

   TaskSchedulingAutoConfiguration#scheduledBeanLazyInitializationExcludeFilter:
      Did not match:
         - @ConditionalOnBean (names: org.springframework.context.annotation.internalScheduledAnnotationProcessor; SearchStrategy: all) did not find any beans named org.springframework.context.annotation.internalScheduledAnnotationProcessor (OnBeanCondition)

   TaskSchedulingConfigurations.SimpleAsyncTaskSchedulerBuilderConfiguration#simpleAsyncTaskSchedulerBuilderVirtualThreads:
      Did not match:
         - @ConditionalOnMissingBean (types: org.springframework.boot.task.SimpleAsyncTaskSchedulerBuilder; SearchStrategy: all) found beans of type 'org.springframework.boot.task.SimpleAsyncTaskSchedulerBuilder' simpleAsyncTaskSchedulerBuilder (OnBeanCondition)

   TaskSchedulingConfigurations.TaskSchedulerConfiguration:
      Did not match:
         - @ConditionalOnBean (names: org.springframework.context.annotation.internalScheduledAnnotationProcessor; SearchStrategy: all) did not find any beans named org.springframework.context.annotation.internalScheduledAnnotationProcessor (OnBeanCondition)

   ThymeleafAutoConfiguration:
      Did not match:
         - @ConditionalOnClass did not find required class 'org.thymeleaf.spring6.SpringTemplateEngine' (OnClassCondition)

   TransactionAutoConfiguration#transactionalOperator:
      Did not match:
         - @ConditionalOnSingleCandidate (types: org.springframework.transaction.ReactiveTransactionManager; SearchStrategy: all) did not find any beans (OnBeanCondition)

   TransactionAutoConfiguration.AspectJTransactionManagementConfiguration:
      Did not match:
         - @ConditionalOnBean (types: org.springframework.transaction.aspectj.AbstractTransactionAspect; SearchStrategy: all) did not find any beans of type org.springframework.transaction.aspectj.AbstractTransactionAspect (OnBeanCondition)

   TransactionAutoConfiguration.EnableTransactionManagementConfiguration.JdkDynamicAutoProxyConfiguration:
      Did not match:
         - @ConditionalOnBooleanProperty (spring.aop.proxy-target-class=false) did not find property 'spring.aop.proxy-target-class' (OnPropertyCondition)

   UserDetailsServiceAutoConfiguration:
      Did not match:
         - @ConditionalOnMissingBean (types: org.springframework.security.authentication.AuthenticationManager,org.springframework.security.authentication.AuthenticationProvider,org.springframework.security.core.userdetails.UserDetailsService,org.springframework.security.authentication.AuthenticationManagerResolver,?; SearchStrategy: all) found beans of type 'org.springframework.security.core.userdetails.UserDetailsService' userDetailsService (OnBeanCondition)
      Matched:
         - @ConditionalOnClass found required class 'org.springframework.security.authentication.AuthenticationManager' (OnClassCondition)
         - found 'session' scope (OnWebApplicationCondition)
         - AnyNestedCondition 1 matched 2 did not; NestedCondition on UserDetailsServiceAutoConfiguration.MissingAlternativeOrUserPropertiesConfigured.PasswordConfigured @ConditionalOnProperty (spring.security.user.password) did not find property 'spring.security.user.password'; NestedCondition on UserDetailsServiceAutoConfiguration.MissingAlternativeOrUserPropertiesConfigured.NameConfigured @ConditionalOnProperty (spring.security.user.name) did not find property 'spring.security.user.name'; NestedCondition on UserDetailsServiceAutoConfiguration.MissingAlternativeOrUserPropertiesConfigured.MissingAlternative @ConditionalOnMissingClass did not find unwanted classes 'org.springframework.security.oauth2.client.registration.ClientRegistrationRepository', 'org.springframework.security.oauth2.server.resource.introspection.OpaqueTokenIntrospector', 'org.springframework.security.saml2.provider.service.registration.RelyingPartyRegistrationRepository' (UserDetailsServiceAutoConfiguration.MissingAlternativeOrUserPropertiesConfigured)

   ValidationAutoConfiguration:
      Did not match:
         - @ConditionalOnResource did not find resource 'classpath:META-INF/services/jakarta.validation.spi.ValidationProvider' (OnResourceCondition)
      Matched:
         - @ConditionalOnClass found required class 'jakarta.validation.executable.ExecutableValidator' (OnClassCondition)

   WebClientAutoConfiguration:
      Did not match:
         - @ConditionalOnClass did not find required class 'org.springframework.web.reactive.function.client.WebClient' (OnClassCondition)

   WebFluxAutoConfiguration:
      Did not match:
         - @ConditionalOnClass did not find required class 'org.springframework.web.reactive.config.WebFluxConfigurer' (OnClassCondition)

   WebMvcAutoConfiguration#hiddenHttpMethodFilter:
      Did not match:
         - @ConditionalOnBooleanProperty (spring.mvc.hiddenmethod.filter.enabled=true) did not find property 'spring.mvc.hiddenmethod.filter.enabled' (OnPropertyCondition)

   WebMvcAutoConfiguration.ProblemDetailsErrorHandlingConfiguration:
      Did not match:
         - @ConditionalOnBooleanProperty (spring.mvc.problemdetails.enabled=true) did not find property 'spring.mvc.problemdetails.enabled' (OnPropertyCondition)

   WebMvcAutoConfiguration.ResourceChainCustomizerConfiguration:
      Did not match:
         - @ConditionalOnEnabledResourceChain did not find class org.webjars.WebJarVersionLocator (OnEnabledResourceChainCondition)

   WebMvcAutoConfiguration.WebMvcAutoConfigurationAdapter#beanNameViewResolver:
      Did not match:
         - @ConditionalOnMissingBean (types: org.springframework.web.servlet.view.BeanNameViewResolver; SearchStrategy: all) found beans of type 'org.springframework.web.servlet.view.BeanNameViewResolver' beanNameViewResolver (OnBeanCondition)

   WebServiceTemplateAutoConfiguration:
      Did not match:
         - @ConditionalOnClass did not find required class 'org.springframework.oxm.Marshaller' (OnClassCondition)

   WebServicesAutoConfiguration:
      Did not match:
         - @ConditionalOnClass did not find required class 'org.springframework.ws.transport.http.MessageDispatcherServlet' (OnClassCondition)

   WebSessionIdResolverAutoConfiguration:
      Did not match:
         - @ConditionalOnClass did not find required class 'reactor.core.publisher.Mono' (OnClassCondition)

   WebSocketMessagingAutoConfiguration:
      Did not match:
         - @ConditionalOnClass did not find required class 'org.springframework.web.socket.config.annotation.WebSocketMessageBrokerConfigurer' (OnClassCondition)

   WebSocketReactiveAutoConfiguration:
      Did not match:
         - @ConditionalOnWebApplication did not find reactive web application classes (OnWebApplicationCondition)

   WebSocketServletAutoConfiguration.JettyWebSocketConfiguration:
      Did not match:
         - @ConditionalOnClass did not find required class 'org.eclipse.jetty.ee10.websocket.jakarta.server.config.JakartaWebSocketServletContainerInitializer' (OnClassCondition)

   WebSocketServletAutoConfiguration.UndertowWebSocketConfiguration:
      Did not match:
         - @ConditionalOnClass did not find required class 'io.undertow.websockets.jsr.Bootstrap' (OnClassCondition)

   XADataSourceAutoConfiguration:
      Did not match:
         - @ConditionalOnBean (types: org.springframework.boot.jdbc.XADataSourceWrapper; SearchStrategy: all) did not find any beans of type org.springframework.boot.jdbc.XADataSourceWrapper (OnBeanCondition)
      Matched:
         - @ConditionalOnClass found required classes 'javax.sql.DataSource', 'jakarta.transaction.TransactionManager', 'org.springframework.jdbc.datasource.embedded.EmbeddedDatabaseType' (OnClassCondition)


Exclusions:
-----------

    None


Unconditional classes:
----------------------

    org.springframework.boot.autoconfigure.context.ConfigurationPropertiesAutoConfiguration

    org.springframework.boot.autoconfigure.ssl.SslAutoConfiguration

    org.springframework.boot.autoconfigure.context.LifecycleAutoConfiguration

    org.springframework.boot.autoconfigure.context.PropertyPlaceholderAutoConfiguration

    org.springframework.boot.autoconfigure.availability.ApplicationAvailabilityAutoConfiguration

    org.springframework.boot.autoconfigure.info.ProjectInfoAutoConfiguration



2025-07-31 14:58:41.008 [main] INFO  com.example.studentsbot.Main - Started Main in 19.334 seconds (process running for 22.39)
2025-07-31 14:58:41.012 [main] DEBUG org.springframework.boot.availability.ApplicationAvailabilityBean - Application availability state LivenessState changed to CORRECT
2025-07-31 14:58:41.017 [main] DEBUG org.springframework.boot.availability.ApplicationAvailabilityBean - Application availability state ReadinessState changed to ACCEPTING_TRAFFIC
2025-07-31 15:01:01.760 [http-nio-0.0.0.0-8080-exec-1] INFO  org.apache.catalina.core.ContainerBase.[Tomcat].[localhost].[/] - Initializing Spring DispatcherServlet 'dispatcherServlet'
2025-07-31 15:01:01.762 [http-nio-0.0.0.0-8080-exec-1] INFO  org.springframework.web.servlet.DispatcherServlet - Initializing Servlet 'dispatcherServlet'
2025-07-31 15:01:01.764 [http-nio-0.0.0.0-8080-exec-1] DEBUG org.springframework.web.servlet.DispatcherServlet - Detected StandardServletMultipartResolver
2025-07-31 15:01:01.767 [http-nio-0.0.0.0-8080-exec-1] DEBUG org.springframework.web.servlet.DispatcherServlet - Detected AcceptHeaderLocaleResolver
2025-07-31 15:01:01.769 [http-nio-0.0.0.0-8080-exec-1] DEBUG org.springframework.web.servlet.DispatcherServlet - Detected FixedThemeResolver
2025-07-31 15:01:01.776 [http-nio-0.0.0.0-8080-exec-1] DEBUG org.springframework.web.servlet.DispatcherServlet - Detected org.springframework.web.servlet.view.DefaultRequestToViewNameTranslator@765ccc7a
2025-07-31 15:01:01.779 [http-nio-0.0.0.0-8080-exec-1] DEBUG org.springframework.web.servlet.DispatcherServlet - Detected org.springframework.web.servlet.support.SessionFlashMapManager@6d598162
2025-07-31 15:01:01.783 [http-nio-0.0.0.0-8080-exec-1] DEBUG org.springframework.web.servlet.DispatcherServlet - enableLoggingRequestDetails='false': request parameters and headers will be masked to prevent unsafe logging of potentially sensitive data
2025-07-31 15:01:01.787 [http-nio-0.0.0.0-8080-exec-1] INFO  org.springframework.web.servlet.DispatcherServlet - Completed initialization in 21 ms
2025-07-31 15:01:11.090 [http-nio-0.0.0.0-8080-exec-7] DEBUG org.springframework.web.servlet.DispatcherServlet - GET "/", parameters={}
2025-07-31 15:01:11.092 [http-nio-0.0.0.0-8080-exec-7] DEBUG org.springframework.boot.autoconfigure.web.servlet.WelcomePageHandlerMapping - Mapped to ParameterizableViewController [view="forward:index.html"]
2025-07-31 15:01:11.108 [http-nio-0.0.0.0-8080-exec-7] DEBUG org.springframework.web.servlet.view.ContentNegotiatingViewResolver - Selected 'text/html' given [text/html, application/xhtml+xml, image/avif, image/webp, image/apng, application/xml;q=0.9, */*;q=0.8, application/signed-exchange;v=b3;q=0.7]
2025-07-31 15:01:11.109 [http-nio-0.0.0.0-8080-exec-7] DEBUG org.springframework.web.servlet.view.InternalResourceView - View name [forward:], model {}
2025-07-31 15:01:11.114 [http-nio-0.0.0.0-8080-exec-7] DEBUG org.springframework.web.servlet.view.InternalResourceView - Forwarding to [index.html]
2025-07-31 15:01:11.118 [http-nio-0.0.0.0-8080-exec-7] DEBUG org.springframework.web.servlet.DispatcherServlet - "FORWARD" dispatch for GET "/index.html", parameters={}
2025-07-31 15:01:11.127 [http-nio-0.0.0.0-8080-exec-7] DEBUG org.springframework.web.servlet.handler.SimpleUrlHandlerMapping - Mapped to ResourceHttpRequestHandler [classpath [META-INF/resources/], classpath [resources/], classpath [static/], classpath [public/], ServletContext [/]]
2025-07-31 15:01:11.185 [http-nio-0.0.0.0-8080-exec-7] DEBUG org.springframework.web.servlet.DispatcherServlet - Exiting from "FORWARD" dispatch, status 200
2025-07-31 15:01:11.188 [http-nio-0.0.0.0-8080-exec-7] DEBUG org.springframework.web.servlet.DispatcherServlet - Completed 200 OK
2025-07-31 15:01:11.875 [http-nio-0.0.0.0-8080-exec-8] DEBUG org.springframework.web.servlet.DispatcherServlet - GET "/api/users", parameters={}
2025-07-31 15:01:11.877 [http-nio-0.0.0.0-8080-exec-8] DEBUG org.springframework.web.servlet.mvc.method.annotation.RequestMappingHandlerMapping - Mapped to com.example.studentsbot.controllers.UsersControllers#getAll()
2025-07-31 15:01:11.937 [http-nio-0.0.0.0-8080-exec-9] DEBUG org.springframework.web.servlet.DispatcherServlet - GET "/favicon.ico", parameters={}
2025-07-31 15:01:11.943 [http-nio-0.0.0.0-8080-exec-9] DEBUG org.springframework.web.servlet.handler.SimpleUrlHandlerMapping - Mapped to ResourceHttpRequestHandler [classpath [META-INF/resources/], classpath [resources/], classpath [static/], classpath [public/], ServletContext [/]]
2025-07-31 15:01:11.959 [http-nio-0.0.0.0-8080-exec-9] DEBUG org.springframework.web.servlet.resource.ResourceHttpRequestHandler - Resource not found
2025-07-31 15:01:11.963 [http-nio-0.0.0.0-8080-exec-9] DEBUG org.springframework.web.servlet.mvc.support.DefaultHandlerExceptionResolver - Resolved [org.springframework.web.servlet.resource.NoResourceFoundException: No static resource favicon.ico.]
2025-07-31 15:01:11.964 [http-nio-0.0.0.0-8080-exec-9] DEBUG org.springframework.web.servlet.DispatcherServlet - Completed 404 NOT_FOUND
2025-07-31 15:01:11.975 [http-nio-0.0.0.0-8080-exec-9] DEBUG org.springframework.web.servlet.DispatcherServlet - "ERROR" dispatch for GET "/error", parameters={}
2025-07-31 15:01:11.976 [http-nio-0.0.0.0-8080-exec-8] INFO  com.example.studentsbot.services.UserCRUDServices - Get All
2025-07-31 15:01:11.980 [http-nio-0.0.0.0-8080-exec-9] DEBUG org.springframework.web.servlet.mvc.method.annotation.RequestMappingHandlerMapping - Mapped to org.springframework.boot.autoconfigure.web.servlet.error.BasicErrorController#error(HttpServletRequest)
2025-07-31 15:01:12.109 [http-nio-0.0.0.0-8080-exec-9] DEBUG org.springframework.web.servlet.mvc.method.annotation.HttpEntityMethodProcessor - Using 'application/json;q=0.8', given [image/avif, image/webp, image/apng, image/svg+xml, image/*, */*;q=0.8] and supported [application/json, application/*+json]
2025-07-31 15:01:12.127 [http-nio-0.0.0.0-8080-exec-9] DEBUG org.springframework.web.servlet.mvc.method.annotation.HttpEntityMethodProcessor - Writing [{timestamp=Thu Jul 31 15:01:12 MSK 2025, status=404, error=Not Found, path=/favicon.ico}]
2025-07-31 15:01:12.203 [http-nio-0.0.0.0-8080-exec-9] DEBUG org.springframework.web.servlet.DispatcherServlet - Exiting from "ERROR" dispatch, status 404
2025-07-31 15:01:12.403 [http-nio-0.0.0.0-8080-exec-8] DEBUG org.hibernate.SQL - select u1_0.id,u1_0.chat_id,u1_0.role_id,u1_0.user_number from users u1_0
2025-07-31 15:01:12.496 [http-nio-0.0.0.0-8080-exec-8] DEBUG org.hibernate.SQL - select r1_0.id,r1_0.roles_name from roles r1_0 where r1_0.id=?
2025-07-31 15:01:12.534 [http-nio-0.0.0.0-8080-exec-8] DEBUG org.hibernate.SQL - select r1_0.id,r1_0.roles_name from roles r1_0 where r1_0.id=?
2025-07-31 15:01:12.552 [http-nio-0.0.0.0-8080-exec-8] DEBUG org.hibernate.SQL - select r1_0.id,r1_0.roles_name from roles r1_0 where r1_0.id=?
2025-07-31 15:01:12.567 [http-nio-0.0.0.0-8080-exec-8] DEBUG org.hibernate.SQL - select r1_0.id,r1_0.roles_name from roles r1_0 where r1_0.id=?
2025-07-31 15:01:12.650 [http-nio-0.0.0.0-8080-exec-8] DEBUG org.springframework.web.servlet.mvc.method.annotation.RequestResponseBodyMethodProcessor - Using 'application/json', given [*/*] and supported [application/json, application/*+json]
2025-07-31 15:01:12.652 [http-nio-0.0.0.0-8080-exec-8] DEBUG org.springframework.web.servlet.mvc.method.annotation.RequestResponseBodyMethodProcessor - Writing [[DTOUser{id=2, userNumber='899559562', roleId=1, chatId=null, roleName='Manager'}, DTOUser{id=9, use (truncated)...]
2025-07-31 15:01:12.658 [http-nio-0.0.0.0-8080-exec-8] DEBUG org.springframework.web.servlet.DispatcherServlet - Completed 200 OK
2025-07-31 15:01:12.696 [http-nio-0.0.0.0-8080-exec-10] DEBUG org.springframework.web.servlet.DispatcherServlet - GET "/api/roles", parameters={}
2025-07-31 15:01:12.696 [http-nio-0.0.0.0-8080-exec-10] DEBUG org.springframework.web.servlet.mvc.method.annotation.RequestMappingHandlerMapping - Mapped to com.example.studentsbot.controllers.RolesControllers#getAllRoles()
2025-07-31 15:01:12.702 [http-nio-0.0.0.0-8080-exec-10] DEBUG org.hibernate.SQL - select r1_0.id,r1_0.roles_name from roles r1_0
2025-07-31 15:01:12.743 [http-nio-0.0.0.0-8080-exec-10] DEBUG org.springframework.web.servlet.mvc.method.annotation.RequestResponseBodyMethodProcessor - Using 'application/json', given [*/*] and supported [application/json, application/*+json]
2025-07-31 15:01:12.744 [http-nio-0.0.0.0-8080-exec-10] DEBUG org.springframework.web.servlet.mvc.method.annotation.RequestResponseBodyMethodProcessor - Writing [[com.example.studentsbot.DTO.DTORoles@b860533, com.example.studentsbot.DTO.DTORoles@6e7bfd8d, com.ex (truncated)...]
2025-07-31 15:01:12.747 [http-nio-0.0.0.0-8080-exec-10] DEBUG org.springframework.web.servlet.DispatcherServlet - Completed 200 OK
2025-07-31 15:01:29.226 [http-nio-0.0.0.0-8080-exec-1] DEBUG org.springframework.web.servlet.DispatcherServlet - DELETE "/api/users/1", parameters={}
2025-07-31 15:01:29.230 [http-nio-0.0.0.0-8080-exec-1] DEBUG org.springframework.web.servlet.mvc.method.annotation.RequestMappingHandlerMapping - Mapped to com.example.studentsbot.controllers.UsersControllers#deleteUser(Integer)
2025-07-31 15:01:29.268 [http-nio-0.0.0.0-8080-exec-1] INFO  com.example.studentsbot.services.UserCRUDServices - Delete: 1
2025-07-31 15:01:29.321 [http-nio-0.0.0.0-8080-exec-1] DEBUG org.hibernate.SQL - select u1_0.id,u1_0.chat_id,r1_0.id,r1_0.roles_name,u1_0.user_number from users u1_0 left join roles r1_0 on r1_0.id=u1_0.role_id where u1_0.id=?
2025-07-31 15:01:29.412 [http-nio-0.0.0.0-8080-exec-1] DEBUG org.hibernate.SQL - delete from users where id=?
2025-07-31 15:01:29.484 [http-nio-0.0.0.0-8080-exec-1] DEBUG org.springframework.web.servlet.mvc.method.annotation.RequestResponseBodyMethodProcessor - Using 'application/json', given [*/*] and supported [application/json, application/*+json]
2025-07-31 15:01:29.486 [http-nio-0.0.0.0-8080-exec-1] DEBUG org.springframework.web.servlet.mvc.method.annotation.RequestResponseBodyMethodProcessor - Nothing to write: null body
2025-07-31 15:01:29.486 [http-nio-0.0.0.0-8080-exec-1] DEBUG org.springframework.web.servlet.DispatcherServlet - Completed 200 OK
2025-07-31 15:01:29.499 [http-nio-0.0.0.0-8080-exec-2] DEBUG org.springframework.web.servlet.DispatcherServlet - GET "/api/users", parameters={}
2025-07-31 15:01:29.499 [http-nio-0.0.0.0-8080-exec-2] DEBUG org.springframework.web.servlet.mvc.method.annotation.RequestMappingHandlerMapping - Mapped to com.example.studentsbot.controllers.UsersControllers#getAll()
2025-07-31 15:01:29.499 [http-nio-0.0.0.0-8080-exec-2] INFO  com.example.studentsbot.services.UserCRUDServices - Get All
2025-07-31 15:01:29.499 [http-nio-0.0.0.0-8080-exec-2] DEBUG org.hibernate.SQL - select u1_0.id,u1_0.chat_id,u1_0.role_id,u1_0.user_number from users u1_0
2025-07-31 15:01:29.550 [http-nio-0.0.0.0-8080-exec-2] DEBUG org.hibernate.SQL - select r1_0.id,r1_0.roles_name from roles r1_0 where r1_0.id=?
2025-07-31 15:01:29.567 [http-nio-0.0.0.0-8080-exec-2] DEBUG org.hibernate.SQL - select r1_0.id,r1_0.roles_name from roles r1_0 where r1_0.id=?
2025-07-31 15:01:29.585 [http-nio-0.0.0.0-8080-exec-2] DEBUG org.hibernate.SQL - select r1_0.id,r1_0.roles_name from roles r1_0 where r1_0.id=?
2025-07-31 15:01:29.603 [http-nio-0.0.0.0-8080-exec-2] DEBUG org.hibernate.SQL - select r1_0.id,r1_0.roles_name from roles r1_0 where r1_0.id=?
2025-07-31 15:01:29.664 [http-nio-0.0.0.0-8080-exec-2] DEBUG org.springframework.web.servlet.mvc.method.annotation.RequestResponseBodyMethodProcessor - Using 'application/json', given [*/*] and supported [application/json, application/*+json]
2025-07-31 15:01:29.664 [http-nio-0.0.0.0-8080-exec-2] DEBUG org.springframework.web.servlet.mvc.method.annotation.RequestResponseBodyMethodProcessor - Writing [[DTOUser{id=2, userNumber='899559562', roleId=1, chatId=null, roleName='Manager'}, DTOUser{id=9, use (truncated)...]
2025-07-31 15:01:29.675 [http-nio-0.0.0.0-8080-exec-2] DEBUG org.springframework.web.servlet.DispatcherServlet - Completed 200 OK
2025-07-31 15:01:29.706 [http-nio-0.0.0.0-8080-exec-3] DEBUG org.springframework.web.servlet.DispatcherServlet - GET "/api/roles", parameters={}
2025-07-31 15:01:29.707 [http-nio-0.0.0.0-8080-exec-3] DEBUG org.springframework.web.servlet.mvc.method.annotation.RequestMappingHandlerMapping - Mapped to com.example.studentsbot.controllers.RolesControllers#getAllRoles()
2025-07-31 15:01:29.711 [http-nio-0.0.0.0-8080-exec-3] DEBUG org.hibernate.SQL - select r1_0.id,r1_0.roles_name from roles r1_0
2025-07-31 15:01:29.750 [http-nio-0.0.0.0-8080-exec-3] DEBUG org.springframework.web.servlet.mvc.method.annotation.RequestResponseBodyMethodProcessor - Using 'application/json', given [*/*] and supported [application/json, application/*+json]
2025-07-31 15:01:29.750 [http-nio-0.0.0.0-8080-exec-3] DEBUG org.springframework.web.servlet.mvc.method.annotation.RequestResponseBodyMethodProcessor - Writing [[com.example.studentsbot.DTO.DTORoles@76a8ff, com.example.studentsbot.DTO.DTORoles@73222a3a, com.exa (truncated)...]
2025-07-31 15:01:29.765 [http-nio-0.0.0.0-8080-exec-3] DEBUG org.springframework.web.servlet.DispatcherServlet - Completed 200 OK
2025-07-31 15:02:01.776 [korzhovvbot Telegram Executor] DEBUG com.example.studentsbot.StudentsBot - Message from 7201674426: /start
2025-07-31 15:02:02.075 [korzhovvbot Telegram Executor] INFO  USER_ACTIONS - ЗапустилTsehSerg7201674426
2025-07-31 15:38:30.289 [SpringApplicationShutdownHook] DEBUG org.springframework.boot.availability.ApplicationAvailabilityBean - Application availability state ReadinessState changed from ACCEPTING_TRAFFIC to REFUSING_TRAFFIC
2025-07-31 15:38:30.302 [SpringApplicationShutdownHook] DEBUG org.springframework.boot.web.servlet.context.AnnotationConfigServletWebServerApplicationContext - Closing org.springframework.boot.web.servlet.context.AnnotationConfigServletWebServerApplicationContext@48f5bde6, started on Thu Jul 31 14:58:23 MSK 2025
2025-07-31 15:38:30.406 [SpringApplicationShutdownHook] INFO  org.springframework.boot.web.embedded.tomcat.GracefulShutdown - Commencing graceful shutdown. Waiting for active requests to complete
2025-07-31 15:38:30.447 [tomcat-shutdown] INFO  org.springframework.boot.web.embedded.tomcat.GracefulShutdown - Graceful shutdown complete
2025-07-31 15:38:30.489 [SpringApplicationShutdownHook] INFO  org.springframework.orm.jpa.LocalContainerEntityManagerFactoryBean - Closing JPA EntityManagerFactory for persistence unit 'default'
2025-07-31 15:38:30.557 [SpringApplicationShutdownHook] INFO  com.zaxxer.hikari.HikariDataSource - HikariPool-1 - Shutdown initiated...
2025-07-31 15:38:30.572 [SpringApplicationShutdownHook] INFO  com.zaxxer.hikari.HikariDataSource - HikariPool-1 - Shutdown completed.
2025-07-31 15:38:43.210 [main] INFO  com.example.studentsbot.Main - Starting Main using Java 23.0.2 with PID 2576 (C:\Users\Serge\Documents\Bot\work\stud_tg\StudentsBot\StudentsBot\target\classes started by Serge in C:\Users\Serge\Documents\Bot\work\stud_tg)
2025-07-31 15:38:43.241 [main] DEBUG com.example.studentsbot.Main - Running with Spring Boot v3.5.0, Spring v6.2.7
2025-07-31 15:38:43.245 [main] INFO  com.example.studentsbot.Main - No active profile set, falling back to 1 default profile: "default"
2025-07-31 15:38:43.247 [main] DEBUG org.springframework.boot.SpringApplication - Loading source class com.example.studentsbot.Main
2025-07-31 15:38:43.518 [main] DEBUG org.springframework.boot.web.servlet.context.AnnotationConfigServletWebServerApplicationContext - Refreshing org.springframework.boot.web.servlet.context.AnnotationConfigServletWebServerApplicationContext@2970a5bc
2025-07-31 15:38:46.227 [main] INFO  org.springframework.data.repository.config.RepositoryConfigurationDelegate - Bootstrapping Spring Data JPA repositories in DEFAULT mode.
2025-07-31 15:38:46.287 [main] DEBUG org.springframework.boot.autoconfigure.AutoConfigurationPackages - @EnableAutoConfiguration was declared on a class in the package 'com.example.studentsbot'. Automatic @Repository and @Entity scanning is enabled.
2025-07-31 15:38:46.468 [main] INFO  org.springframework.data.repository.config.RepositoryConfigurationDelegate - Finished Spring Data repository scanning in 213 ms. Found 2 JPA repository interfaces.
2025-07-31 15:38:48.495 [main] DEBUG org.springframework.boot.web.embedded.tomcat.TomcatServletWebServerFactory - Code archive: C:\Users\Serge\.m2\repository\org\springframework\boot\spring-boot\3.5.0\spring-boot-3.5.0.jar
2025-07-31 15:38:48.496 [main] DEBUG org.springframework.boot.web.embedded.tomcat.TomcatServletWebServerFactory - Code archive: C:\Users\Serge\.m2\repository\org\springframework\boot\spring-boot\3.5.0\spring-boot-3.5.0.jar
2025-07-31 15:38:48.497 [main] DEBUG org.springframework.boot.web.embedded.tomcat.TomcatServletWebServerFactory - None of the document roots [src/main/webapp, public, static] point to a directory and will be ignored.
2025-07-31 15:38:48.564 [main] INFO  org.springframework.boot.web.embedded.tomcat.TomcatWebServer - Tomcat initialized with port 8080 (http)
2025-07-31 15:38:48.622 [main] INFO  org.apache.coyote.http11.Http11NioProtocol - Initializing ProtocolHandler ["http-nio-0.0.0.0-8080"]
2025-07-31 15:38:48.627 [main] INFO  org.apache.catalina.core.StandardService - Starting service [Tomcat]
2025-07-31 15:38:48.628 [main] INFO  org.apache.catalina.core.StandardEngine - Starting Servlet engine: [Apache Tomcat/10.1.41]
2025-07-31 15:38:48.832 [main] INFO  org.apache.catalina.core.ContainerBase.[Tomcat].[localhost].[/] - Initializing Spring embedded WebApplicationContext
2025-07-31 15:38:48.833 [main] DEBUG org.springframework.boot.web.servlet.context.ServletWebServerApplicationContext - Published root WebApplicationContext as ServletContext attribute with name [org.springframework.web.context.WebApplicationContext.ROOT]
2025-07-31 15:38:48.836 [main] INFO  org.springframework.boot.web.servlet.context.ServletWebServerApplicationContext - Root WebApplicationContext: initialization completed in 5316 ms
2025-07-31 15:38:48.899 [main] DEBUG org.springframework.boot.web.servlet.ServletContextInitializerBeans - Mapping filters: springSecurityFilterChain urls=[/*] order=-100, characterEncodingFilter urls=[/*] order=-2147483648, formContentFilter urls=[/*] order=-9900, requestContextFilter urls=[/*] order=-105
2025-07-31 15:38:48.900 [main] DEBUG org.springframework.boot.web.servlet.ServletContextInitializerBeans - Mapping servlets: dispatcherServlet urls=[/]
2025-07-31 15:38:48.966 [main] DEBUG org.springframework.boot.web.servlet.filter.OrderedRequestContextFilter - Filter 'requestContextFilter' configured for use
2025-07-31 15:38:48.972 [main] DEBUG org.springframework.boot.web.servlet.filter.OrderedCharacterEncodingFilter - Filter 'characterEncodingFilter' configured for use
2025-07-31 15:38:48.973 [main] DEBUG org.springframework.boot.web.servlet.DelegatingFilterProxyRegistrationBean$1 - Filter 'springSecurityFilterChain' configured for use
2025-07-31 15:38:48.973 [main] DEBUG org.springframework.boot.web.servlet.filter.OrderedFormContentFilter - Filter 'formContentFilter' configured for use
2025-07-31 15:38:49.480 [main] INFO  com.zaxxer.hikari.HikariDataSource - HikariPool-1 - Starting...
2025-07-31 15:38:50.022 [main] INFO  com.zaxxer.hikari.pool.HikariPool - HikariPool-1 - Added connection org.postgresql.jdbc.PgConnection@4f235e8e
2025-07-31 15:38:50.025 [main] INFO  com.zaxxer.hikari.HikariDataSource - HikariPool-1 - Start completed.
2025-07-31 15:38:50.529 [main] INFO  liquibase.database - Set default schema name to public
2025-07-31 15:38:51.913 [main] INFO  liquibase.changelog - Reading from public.databasechangelog
2025-07-31 15:38:52.196 [main] INFO  liquibase.ui - Database is up to date, no changesets to execute
2025-07-31 15:38:52.217 [main] INFO  liquibase.changelog - Reading from public.databasechangelog
2025-07-31 15:38:52.259 [main] INFO  liquibase.util - UPDATE SUMMARY
2025-07-31 15:38:52.260 [main] INFO  liquibase.util - Run:                          0
2025-07-31 15:38:52.261 [main] INFO  liquibase.util - Previously run:               4
2025-07-31 15:38:52.261 [main] INFO  liquibase.util - Filtered out:                 0
2025-07-31 15:38:52.262 [main] INFO  liquibase.util - -------------------------------
2025-07-31 15:38:52.263 [main] INFO  liquibase.util - Total change sets:            4
2025-07-31 15:38:52.265 [main] INFO  liquibase.util - Update summary generated
2025-07-31 15:38:52.268 [main] INFO  liquibase.command - Command execution complete
2025-07-31 15:38:53.767 [main] INFO  org.hibernate.jpa.internal.util.LogHelper - HHH000204: Processing PersistenceUnitInfo [name: default]
2025-07-31 15:38:53.992 [main] INFO  org.hibernate.Version - HHH000412: Hibernate ORM core version 6.6.15.Final
2025-07-31 15:38:54.111 [main] INFO  org.hibernate.cache.internal.RegionFactoryInitiator - HHH000026: Second-level cache disabled
2025-07-31 15:38:55.039 [main] INFO  org.springframework.orm.jpa.persistenceunit.SpringPersistenceUnitInfo - No LoadTimeWeaver setup: ignoring JPA class transformer
2025-07-31 15:38:55.367 [main] INFO  org.hibernate.orm.connections.pooling - HHH10001005: Database info:
	Database JDBC URL [Connecting through datasource 'HikariDataSource (HikariPool-1)']
	Database driver: undefined/unknown
	Database version: 17.5
	Autocommit mode: undefined/unknown
	Isolation level: undefined/unknown
	Minimum pool size: undefined/unknown
	Maximum pool size: undefined/unknown
2025-07-31 15:38:57.506 [main] INFO  org.hibernate.engine.transaction.jta.platform.internal.JtaPlatformInitiator - HHH000489: No JTA platform available (set 'hibernate.transaction.jta.platform' to enable JTA platform integration)
2025-07-31 15:38:57.625 [main] INFO  org.springframework.orm.jpa.LocalContainerEntityManagerFactoryBean - Initialized JPA EntityManagerFactory for persistence unit 'default'
2025-07-31 15:38:59.206 [main] WARN  org.springframework.boot.autoconfigure.orm.jpa.JpaBaseConfiguration$JpaWebConfiguration - spring.jpa.open-in-view is enabled by default. Therefore, database queries may be performed during view rendering. Explicitly configure spring.jpa.open-in-view to disable this warning
2025-07-31 15:38:59.277 [main] INFO  org.springframework.boot.autoconfigure.web.servlet.WelcomePageHandlerMapping - Adding welcome page: class path resource [static/index.html]
2025-07-31 15:38:59.495 [main] DEBUG org.springframework.web.servlet.mvc.method.annotation.RequestMappingHandlerMapping - 19 mappings in 'requestMappingHandlerMapping'
2025-07-31 15:38:59.747 [main] DEBUG org.springframework.web.servlet.handler.SimpleUrlHandlerMapping - Patterns [/webjars/**, /**] in 'resourceHandlerMapping'
2025-07-31 15:38:59.800 [main] WARN  org.springframework.boot.web.servlet.context.AnnotationConfigServletWebServerApplicationContext - Exception encountered during context initialization - cancelling refresh attempt: org.springframework.beans.factory.UnsatisfiedDependencyException: Error creating bean with name 'org.springframework.security.config.annotation.web.configuration.WebSecurityConfiguration': Unsatisfied dependency expressed through method 'setFilterChains' parameter 0: Error creating bean with name 'securityFilterChain' defined in class path resource [com/example/studentsbot/security/SecurityConfig.class]: Unsatisfied dependency expressed through method 'securityFilterChain' parameter 0: Error creating bean with name 'org.springframework.security.config.annotation.web.configuration.HttpSecurityConfiguration.httpSecurity' defined in class path resource [org/springframework/security/config/annotation/web/configuration/HttpSecurityConfiguration.class]: Failed to instantiate [org.springframework.security.config.annotation.web.builders.HttpSecurity]: Factory method 'httpSecurity' threw exception with message: Error creating bean with name 'userDetailsService' defined in class path resource [com/example/studentsbot/security/SecurityConfig.class]: Failed to instantiate [org.springframework.security.provisioning.InMemoryUserDetailsManager]: Factory method 'userDetailsService' threw exception with message: Cannot invoke "com.example.studentsbot.SecurityProperties.getAdminSec()" because "this.securityProperties" is null
2025-07-31 15:38:59.803 [main] INFO  org.springframework.orm.jpa.LocalContainerEntityManagerFactoryBean - Closing JPA EntityManagerFactory for persistence unit 'default'
2025-07-31 15:38:59.810 [main] INFO  com.zaxxer.hikari.HikariDataSource - HikariPool-1 - Shutdown initiated...
2025-07-31 15:38:59.820 [main] INFO  com.zaxxer.hikari.HikariDataSource - HikariPool-1 - Shutdown completed.
2025-07-31 15:38:59.826 [main] INFO  org.apache.catalina.core.StandardService - Stopping service [Tomcat]
2025-07-31 15:38:59.883 [main] DEBUG org.springframework.boot.autoconfigure.logging.ConditionEvaluationReportLogger - 


============================
CONDITIONS EVALUATION REPORT
============================


Positive matches:
-----------------

   AopAutoConfiguration matched:
      - @ConditionalOnBooleanProperty (spring.aop.auto=true) matched (OnPropertyCondition)

   AopAutoConfiguration.AspectJAutoProxyingConfiguration matched:
      - @ConditionalOnClass found required class 'org.aspectj.weaver.Advice' (OnClassCondition)

   AopAutoConfiguration.AspectJAutoProxyingConfiguration.CglibAutoProxyConfiguration matched:
      - @ConditionalOnBooleanProperty (spring.aop.proxy-target-class=true) matched (OnPropertyCondition)

   ApplicationAvailabilityAutoConfiguration#applicationAvailability matched:
      - @ConditionalOnMissingBean (types: org.springframework.boot.availability.ApplicationAvailability; SearchStrategy: all) did not find any beans (OnBeanCondition)

   DataSourceAutoConfiguration matched:
      - @ConditionalOnClass found required classes 'javax.sql.DataSource', 'org.springframework.jdbc.datasource.embedded.EmbeddedDatabaseType' (OnClassCondition)
      - @ConditionalOnMissingBean (types: ?; SearchStrategy: all) did not find any beans (OnBeanCondition)

   DataSourceAutoConfiguration.PooledDataSourceConfiguration matched:
      - AnyNestedCondition 1 matched 1 did not; NestedCondition on DataSourceAutoConfiguration.PooledDataSourceCondition.PooledDataSourceAvailable PooledDataSource found supported DataSource; NestedCondition on DataSourceAutoConfiguration.PooledDataSourceCondition.ExplicitType @ConditionalOnProperty (spring.datasource.type) did not find property 'spring.datasource.type' (DataSourceAutoConfiguration.PooledDataSourceCondition)
      - @ConditionalOnMissingBean (types: javax.sql.DataSource,javax.sql.XADataSource; SearchStrategy: all) did not find any beans (OnBeanCondition)

   DataSourceAutoConfiguration.PooledDataSourceConfiguration#jdbcConnectionDetails matched:
      - @ConditionalOnMissingBean (types: org.springframework.boot.autoconfigure.jdbc.JdbcConnectionDetails; SearchStrategy: all) did not find any beans (OnBeanCondition)

   DataSourceConfiguration.Hikari matched:
      - @ConditionalOnClass found required class 'com.zaxxer.hikari.HikariDataSource' (OnClassCondition)
      - @ConditionalOnProperty (spring.datasource.type=com.zaxxer.hikari.HikariDataSource) matched (OnPropertyCondition)
      - @ConditionalOnMissingBean (types: javax.sql.DataSource; SearchStrategy: all) did not find any beans (OnBeanCondition)

   DataSourceInitializationConfiguration matched:
      - @ConditionalOnClass found required class 'org.springframework.jdbc.datasource.init.DatabasePopulator' (OnClassCondition)
      - @ConditionalOnSingleCandidate (types: javax.sql.DataSource; SearchStrategy: all) found a single bean 'dataSource'; @ConditionalOnMissingBean (types: org.springframework.boot.autoconfigure.sql.init.SqlDataSourceScriptDatabaseInitializer,org.springframework.boot.autoconfigure.sql.init.SqlR2dbcScriptDatabaseInitializer; SearchStrategy: all) did not find any beans (OnBeanCondition)

   DataSourcePoolMetadataProvidersConfiguration.HikariPoolDataSourceMetadataProviderConfiguration matched:
      - @ConditionalOnClass found required class 'com.zaxxer.hikari.HikariDataSource' (OnClassCondition)

   DataSourceTransactionManagerAutoConfiguration matched:
      - @ConditionalOnClass found required classes 'javax.sql.DataSource', 'org.springframework.jdbc.core.JdbcTemplate', 'org.springframework.transaction.TransactionManager' (OnClassCondition)

   DataSourceTransactionManagerAutoConfiguration.JdbcTransactionManagerConfiguration matched:
      - @ConditionalOnSingleCandidate (types: javax.sql.DataSource; SearchStrategy: all) found a single bean 'dataSource' (OnBeanCondition)

   DispatcherServletAutoConfiguration matched:
      - @ConditionalOnClass found required class 'org.springframework.web.servlet.DispatcherServlet' (OnClassCondition)
      - found 'session' scope (OnWebApplicationCondition)

   DispatcherServletAutoConfiguration.DispatcherServletConfiguration matched:
      - @ConditionalOnClass found required class 'jakarta.servlet.ServletRegistration' (OnClassCondition)
      - Default DispatcherServlet did not find dispatcher servlet beans (DispatcherServletAutoConfiguration.DefaultDispatcherServletCondition)

   DispatcherServletAutoConfiguration.DispatcherServletRegistrationConfiguration matched:
      - @ConditionalOnClass found required class 'jakarta.servlet.ServletRegistration' (OnClassCondition)
      - DispatcherServlet Registration did not find servlet registration bean (DispatcherServletAutoConfiguration.DispatcherServletRegistrationCondition)

   DispatcherServletAutoConfiguration.DispatcherServletRegistrationConfiguration#dispatcherServletRegistration matched:
      - @ConditionalOnBean (names: dispatcherServlet types: org.springframework.web.servlet.DispatcherServlet; SearchStrategy: all) found bean 'dispatcherServlet' (OnBeanCondition)

   EmbeddedWebServerFactoryCustomizerAutoConfiguration matched:
      - @ConditionalOnWebApplication (required) found 'session' scope (OnWebApplicationCondition)
      - @ConditionalOnWarDeployment the application is not deployed as a WAR file. (OnWarDeploymentCondition)

   EmbeddedWebServerFactoryCustomizerAutoConfiguration.TomcatWebServerFactoryCustomizerConfiguration matched:
      - @ConditionalOnClass found required classes 'org.apache.catalina.startup.Tomcat', 'org.apache.coyote.UpgradeProtocol' (OnClassCondition)

   ErrorMvcAutoConfiguration matched:
      - @ConditionalOnClass found required classes 'jakarta.servlet.Servlet', 'org.springframework.web.servlet.DispatcherServlet' (OnClassCondition)
      - found 'session' scope (OnWebApplicationCondition)

   ErrorMvcAutoConfiguration#basicErrorController matched:
      - @ConditionalOnMissingBean (types: org.springframework.boot.web.servlet.error.ErrorController; SearchStrategy: current) did not find any beans (OnBeanCondition)

   ErrorMvcAutoConfiguration#errorAttributes matched:
      - @ConditionalOnMissingBean (types: org.springframework.boot.web.servlet.error.ErrorAttributes; SearchStrategy: current) did not find any beans (OnBeanCondition)

   ErrorMvcAutoConfiguration.DefaultErrorViewResolverConfiguration#conventionErrorViewResolver matched:
      - @ConditionalOnBean (types: org.springframework.web.servlet.DispatcherServlet; SearchStrategy: all) found bean 'dispatcherServlet'; @ConditionalOnMissingBean (types: org.springframework.boot.autoconfigure.web.servlet.error.ErrorViewResolver; SearchStrategy: all) did not find any beans (OnBeanCondition)

   ErrorMvcAutoConfiguration.WhitelabelErrorViewConfiguration matched:
      - @ConditionalOnBooleanProperty (server.error.whitelabel.enabled=true) matched (OnPropertyCondition)
      - ErrorTemplate Missing did not find error template view (ErrorMvcAutoConfiguration.ErrorTemplateMissingCondition)

   ErrorMvcAutoConfiguration.WhitelabelErrorViewConfiguration#beanNameViewResolver matched:
      - @ConditionalOnMissingBean (types: org.springframework.web.servlet.view.BeanNameViewResolver; SearchStrategy: all) did not find any beans (OnBeanCondition)

   ErrorMvcAutoConfiguration.WhitelabelErrorViewConfiguration#defaultErrorView matched:
      - @ConditionalOnMissingBean (names: error; SearchStrategy: all) did not find any beans (OnBeanCondition)

   GenericCacheConfiguration matched:
      - Cache org.springframework.boot.autoconfigure.cache.GenericCacheConfiguration automatic cache type (CacheCondition)

   HibernateJpaAutoConfiguration matched:
      - @ConditionalOnClass found required classes 'org.springframework.orm.jpa.LocalContainerEntityManagerFactoryBean', 'jakarta.persistence.EntityManager', 'org.hibernate.engine.spi.SessionImplementor' (OnClassCondition)

   HibernateJpaConfiguration matched:
      - @ConditionalOnSingleCandidate (types: javax.sql.DataSource; SearchStrategy: all) found a single bean 'dataSource' (OnBeanCondition)

   HttpClientAutoConfiguration matched:
      - @ConditionalOnClass found required class 'org.springframework.http.client.ClientHttpRequestFactory' (OnClassCondition)
      - NoneNestedConditions 0 matched 1 did not; NestedCondition on NotReactiveWebApplicationCondition.ReactiveWebApplication did not find reactive web application classes (NotReactiveWebApplicationCondition)

   HttpClientAutoConfiguration#clientHttpRequestFactoryBuilder matched:
      - @ConditionalOnMissingBean (types: org.springframework.boot.http.client.ClientHttpRequestFactoryBuilder<?>; SearchStrategy: all) did not find any beans (OnBeanCondition)

   HttpClientAutoConfiguration#clientHttpRequestFactorySettings matched:
      - @ConditionalOnMissingBean (types: org.springframework.boot.http.client.ClientHttpRequestFactorySettings; SearchStrategy: all) did not find any beans (OnBeanCondition)

   HttpEncodingAutoConfiguration matched:
      - @ConditionalOnClass found required class 'org.springframework.web.filter.CharacterEncodingFilter' (OnClassCondition)
      - found 'session' scope (OnWebApplicationCondition)
      - @ConditionalOnBooleanProperty (server.servlet.encoding.enabled=true) matched (OnPropertyCondition)

   HttpEncodingAutoConfiguration#characterEncodingFilter matched:
      - @ConditionalOnMissingBean (types: org.springframework.web.filter.CharacterEncodingFilter; SearchStrategy: all) did not find any beans (OnBeanCondition)

   HttpMessageConvertersAutoConfiguration matched:
      - @ConditionalOnClass found required class 'org.springframework.http.converter.HttpMessageConverter' (OnClassCondition)
      - NoneNestedConditions 0 matched 1 did not; NestedCondition on HttpMessageConvertersAutoConfiguration.NotReactiveWebApplicationCondition.ReactiveWebApplication did not find reactive web application classes (HttpMessageConvertersAutoConfiguration.NotReactiveWebApplicationCondition)

   HttpMessageConvertersAutoConfiguration#messageConverters matched:
      - @ConditionalOnMissingBean (types: org.springframework.boot.autoconfigure.http.HttpMessageConverters; SearchStrategy: all) did not find any beans (OnBeanCondition)

   HttpMessageConvertersAutoConfiguration.StringHttpMessageConverterConfiguration matched:
      - @ConditionalOnClass found required class 'org.springframework.http.converter.StringHttpMessageConverter' (OnClassCondition)

   HttpMessageConvertersAutoConfiguration.StringHttpMessageConverterConfiguration#stringHttpMessageConverter matched:
      - @ConditionalOnMissingBean (types: org.springframework.http.converter.StringHttpMessageConverter; SearchStrategy: all) did not find any beans (OnBeanCondition)

   JacksonAutoConfiguration matched:
      - @ConditionalOnClass found required class 'com.fasterxml.jackson.databind.ObjectMapper' (OnClassCondition)

   JacksonAutoConfiguration.Jackson2ObjectMapperBuilderCustomizerConfiguration matched:
      - @ConditionalOnClass found required class 'org.springframework.http.converter.json.Jackson2ObjectMapperBuilder' (OnClassCondition)

   JacksonAutoConfiguration.JacksonObjectMapperBuilderConfiguration matched:
      - @ConditionalOnClass found required class 'org.springframework.http.converter.json.Jackson2ObjectMapperBuilder' (OnClassCondition)

   JacksonAutoConfiguration.JacksonObjectMapperBuilderConfiguration#jacksonObjectMapperBuilder matched:
      - @ConditionalOnMissingBean (types: org.springframework.http.converter.json.Jackson2ObjectMapperBuilder; SearchStrategy: all) did not find any beans (OnBeanCondition)

   JacksonAutoConfiguration.JacksonObjectMapperConfiguration matched:
      - @ConditionalOnClass found required class 'org.springframework.http.converter.json.Jackson2ObjectMapperBuilder' (OnClassCondition)

   JacksonAutoConfiguration.JacksonObjectMapperConfiguration#jacksonObjectMapper matched:
      - @ConditionalOnMissingBean (types: com.fasterxml.jackson.databind.ObjectMapper; SearchStrategy: all) did not find any beans (OnBeanCondition)

   JacksonAutoConfiguration.ParameterNamesModuleConfiguration matched:
      - @ConditionalOnClass found required class 'com.fasterxml.jackson.module.paramnames.ParameterNamesModule' (OnClassCondition)

   JacksonAutoConfiguration.ParameterNamesModuleConfiguration#parameterNamesModule matched:
      - @ConditionalOnMissingBean (types: com.fasterxml.jackson.module.paramnames.ParameterNamesModule; SearchStrategy: all) did not find any beans (OnBeanCondition)

   JacksonHttpMessageConvertersConfiguration.MappingJackson2HttpMessageConverterConfiguration matched:
      - @ConditionalOnClass found required class 'com.fasterxml.jackson.databind.ObjectMapper' (OnClassCondition)
      - @ConditionalOnPreferredJsonMapper JACKSON no property was configured and Jackson is the default (OnPreferredJsonMapperCondition)
      - @ConditionalOnBean (types: com.fasterxml.jackson.databind.ObjectMapper; SearchStrategy: all) found bean 'jacksonObjectMapper' (OnBeanCondition)

   JacksonHttpMessageConvertersConfiguration.MappingJackson2HttpMessageConverterConfiguration#mappingJackson2HttpMessageConverter matched:
      - @ConditionalOnMissingBean (types: org.springframework.http.converter.json.MappingJackson2HttpMessageConverter ignored: ?; SearchStrategy: all) did not find any beans (OnBeanCondition)

   JdbcClientAutoConfiguration matched:
      - @ConditionalOnSingleCandidate (types: org.springframework.jdbc.core.namedparam.NamedParameterJdbcTemplate; SearchStrategy: all) found a single bean 'namedParameterJdbcTemplate'; @ConditionalOnMissingBean (types: org.springframework.jdbc.core.simple.JdbcClient; SearchStrategy: all) did not find any beans (OnBeanCondition)

   JdbcTemplateAutoConfiguration matched:
      - @ConditionalOnClass found required classes 'javax.sql.DataSource', 'org.springframework.jdbc.core.JdbcTemplate' (OnClassCondition)
      - @ConditionalOnSingleCandidate (types: javax.sql.DataSource; SearchStrategy: all) found a single bean 'dataSource' (OnBeanCondition)

   JdbcTemplateConfiguration matched:
      - @ConditionalOnMissingBean (types: org.springframework.jdbc.core.JdbcOperations; SearchStrategy: all) did not find any beans (OnBeanCondition)

   JpaBaseConfiguration#entityManagerFactory matched:
      - @ConditionalOnMissingBean (types: org.springframework.orm.jpa.LocalContainerEntityManagerFactoryBean,jakarta.persistence.EntityManagerFactory; SearchStrategy: all) did not find any beans (OnBeanCondition)

   JpaBaseConfiguration#entityManagerFactoryBuilder matched:
      - @ConditionalOnMissingBean (types: org.springframework.boot.orm.jpa.EntityManagerFactoryBuilder; SearchStrategy: all) did not find any beans (OnBeanCondition)

   JpaBaseConfiguration#jpaVendorAdapter matched:
      - @ConditionalOnMissingBean (types: org.springframework.orm.jpa.JpaVendorAdapter; SearchStrategy: all) did not find any beans (OnBeanCondition)

   JpaBaseConfiguration#transactionManager matched:
      - @ConditionalOnMissingBean (types: org.springframework.transaction.TransactionManager; SearchStrategy: all) did not find any beans (OnBeanCondition)

   JpaBaseConfiguration.JpaWebConfiguration matched:
      - @ConditionalOnClass found required class 'org.springframework.web.servlet.config.annotation.WebMvcConfigurer' (OnClassCondition)
      - found 'session' scope (OnWebApplicationCondition)
      - @ConditionalOnBooleanProperty (spring.jpa.open-in-view=true) matched (OnPropertyCondition)
      - @ConditionalOnMissingBean (types: org.springframework.orm.jpa.support.OpenEntityManagerInViewInterceptor,org.springframework.orm.jpa.support.OpenEntityManagerInViewFilter; SearchStrategy: all) did not find any beans (OnBeanCondition)

   JpaBaseConfiguration.PersistenceManagedTypesConfiguration matched:
      - @ConditionalOnMissingBean (types: org.springframework.orm.jpa.LocalContainerEntityManagerFactoryBean,jakarta.persistence.EntityManagerFactory; SearchStrategy: all) did not find any beans (OnBeanCondition)

   JpaBaseConfiguration.PersistenceManagedTypesConfiguration#persistenceManagedTypes matched:
      - @ConditionalOnMissingBean (types: org.springframework.orm.jpa.persistenceunit.PersistenceManagedTypes; SearchStrategy: all) did not find any beans (OnBeanCondition)

   JpaRepositoriesAutoConfiguration matched:
      - @ConditionalOnClass found required class 'org.springframework.data.jpa.repository.JpaRepository' (OnClassCondition)
      - @ConditionalOnBooleanProperty (spring.data.jpa.repositories.enabled=true) matched (OnPropertyCondition)
      - @ConditionalOnBean (types: javax.sql.DataSource; SearchStrategy: all) found bean 'dataSource'; @ConditionalOnMissingBean (types: org.springframework.data.jpa.repository.support.JpaRepositoryFactoryBean,org.springframework.data.jpa.repository.config.JpaRepositoryConfigExtension; SearchStrategy: all) did not find any beans (OnBeanCondition)

   JtaAutoConfiguration matched:
      - @ConditionalOnClass found required class 'jakarta.transaction.Transaction' (OnClassCondition)
      - @ConditionalOnBooleanProperty (spring.jta.enabled=true) matched (OnPropertyCondition)

   LifecycleAutoConfiguration#defaultLifecycleProcessor matched:
      - @ConditionalOnMissingBean (names: lifecycleProcessor; SearchStrategy: current) did not find any beans (OnBeanCondition)

   LiquibaseAutoConfiguration matched:
      - @ConditionalOnClass found required classes 'liquibase.integration.spring.SpringLiquibase', 'liquibase.change.DatabaseChange' (OnClassCondition)
      - @ConditionalOnBooleanProperty (spring.liquibase.enabled=true) matched (OnPropertyCondition)
      - AnyNestedCondition 2 matched 1 did not; NestedCondition on LiquibaseAutoConfiguration.LiquibaseDataSourceCondition.LiquibaseUrlCondition @ConditionalOnProperty (spring.liquibase.url) did not find property 'spring.liquibase.url'; NestedCondition on LiquibaseAutoConfiguration.LiquibaseDataSourceCondition.JdbcConnectionDetailsCondition @ConditionalOnBean (types: org.springframework.boot.autoconfigure.jdbc.JdbcConnectionDetails; SearchStrategy: all) found bean 'jdbcConnectionDetails'; NestedCondition on LiquibaseAutoConfiguration.LiquibaseDataSourceCondition.DataSourceBeanCondition @ConditionalOnBean (types: javax.sql.DataSource; SearchStrategy: all) found bean 'dataSource' (LiquibaseAutoConfiguration.LiquibaseDataSourceCondition)

   LiquibaseAutoConfiguration.CustomizerConfiguration matched:
      - @ConditionalOnClass found required class 'liquibase.integration.spring.Customizer' (OnClassCondition)

   LiquibaseAutoConfiguration.LiquibaseConfiguration matched:
      - @ConditionalOnClass found required class 'org.springframework.jdbc.core.ConnectionCallback' (OnClassCondition)
      - @ConditionalOnMissingBean (types: liquibase.integration.spring.SpringLiquibase; SearchStrategy: all) did not find any beans (OnBeanCondition)

   LiquibaseAutoConfiguration.LiquibaseConfiguration#liquibaseConnectionDetails matched:
      - @ConditionalOnMissingBean (types: org.springframework.boot.autoconfigure.liquibase.LiquibaseConnectionDetails; SearchStrategy: all) did not find any beans (OnBeanCondition)

   MessageSourceAutoConfiguration matched:
      - ResourceBundle found bundle URL [jar:file:/C:/Users/Serge/.m2/repository/org/telegram/telegrambots-abilities/9.0.0/telegrambots-abilities-9.0.0.jar!/messages.properties] (MessageSourceAutoConfiguration.ResourceBundleCondition)
      - @ConditionalOnMissingBean (names: messageSource; SearchStrategy: current) did not find any beans (OnBeanCondition)

   MultipartAutoConfiguration matched:
      - @ConditionalOnClass found required classes 'jakarta.servlet.Servlet', 'org.springframework.web.multipart.support.StandardServletMultipartResolver', 'jakarta.servlet.MultipartConfigElement' (OnClassCondition)
      - found 'session' scope (OnWebApplicationCondition)
      - @ConditionalOnBooleanProperty (spring.servlet.multipart.enabled=true) matched (OnPropertyCondition)

   MultipartAutoConfiguration#multipartConfigElement matched:
      - @ConditionalOnMissingBean (types: jakarta.servlet.MultipartConfigElement; SearchStrategy: all) did not find any beans (OnBeanCondition)

   MultipartAutoConfiguration#multipartResolver matched:
      - @ConditionalOnMissingBean (types: org.springframework.web.multipart.MultipartResolver; SearchStrategy: all) did not find any beans (OnBeanCondition)

   NamedParameterJdbcTemplateConfiguration matched:
      - @ConditionalOnSingleCandidate (types: org.springframework.jdbc.core.JdbcTemplate; SearchStrategy: all) found a single bean 'jdbcTemplate'; @ConditionalOnMissingBean (types: org.springframework.jdbc.core.namedparam.NamedParameterJdbcOperations; SearchStrategy: all) did not find any beans (OnBeanCondition)

   NoOpCacheConfiguration matched:
      - Cache org.springframework.boot.autoconfigure.cache.NoOpCacheConfiguration automatic cache type (CacheCondition)

   PersistenceExceptionTranslationAutoConfiguration matched:
      - @ConditionalOnClass found required class 'org.springframework.dao.annotation.PersistenceExceptionTranslationPostProcessor' (OnClassCondition)

   PersistenceExceptionTranslationAutoConfiguration#persistenceExceptionTranslationPostProcessor matched:
      - @ConditionalOnBooleanProperty (spring.dao.exceptiontranslation.enabled=true) matched (OnPropertyCondition)
      - @ConditionalOnMissingBean (types: org.springframework.dao.annotation.PersistenceExceptionTranslationPostProcessor; SearchStrategy: all) did not find any beans (OnBeanCondition)

   PropertyPlaceholderAutoConfiguration#propertySourcesPlaceholderConfigurer matched:
      - @ConditionalOnMissingBean (types: org.springframework.context.support.PropertySourcesPlaceholderConfigurer; SearchStrategy: current) did not find any beans (OnBeanCondition)

   RestClientAutoConfiguration matched:
      - @ConditionalOnClass found required class 'org.springframework.web.client.RestClient' (OnClassCondition)
      - AnyNestedCondition 1 matched 1 did not; NestedCondition on NotReactiveWebApplicationOrVirtualThreadsExecutorEnabledCondition.VirtualThreadsExecutorEnabled found non-matching nested conditions @ConditionalOnThreading did not find VIRTUAL; NestedCondition on NotReactiveWebApplicationOrVirtualThreadsExecutorEnabledCondition.NotReactiveWebApplication NoneNestedConditions 0 matched 1 did not; NestedCondition on NotReactiveWebApplicationCondition.ReactiveWebApplication did not find reactive web application classes (NotReactiveWebApplicationOrVirtualThreadsExecutorEnabledCondition)

   RestClientAutoConfiguration#httpMessageConvertersRestClientCustomizer matched:
      - @ConditionalOnMissingBean (types: org.springframework.boot.autoconfigure.web.client.HttpMessageConvertersRestClientCustomizer; SearchStrategy: all) did not find any beans (OnBeanCondition)

   RestClientAutoConfiguration#restClientBuilder matched:
      - @ConditionalOnMissingBean (types: org.springframework.web.client.RestClient$Builder; SearchStrategy: all) did not find any beans (OnBeanCondition)

   RestClientAutoConfiguration#restClientBuilderConfigurer matched:
      - @ConditionalOnMissingBean (types: org.springframework.boot.autoconfigure.web.client.RestClientBuilderConfigurer; SearchStrategy: all) did not find any beans (OnBeanCondition)

   RestClientAutoConfiguration#restClientSsl matched:
      - @ConditionalOnBean (types: org.springframework.boot.ssl.SslBundles; SearchStrategy: all) found bean 'sslBundleRegistry'; @ConditionalOnMissingBean (types: org.springframework.boot.autoconfigure.web.client.RestClientSsl; SearchStrategy: all) did not find any beans (OnBeanCondition)

   RestTemplateAutoConfiguration matched:
      - @ConditionalOnClass found required class 'org.springframework.web.client.RestTemplate' (OnClassCondition)
      - NoneNestedConditions 0 matched 1 did not; NestedCondition on NotReactiveWebApplicationCondition.ReactiveWebApplication did not find reactive web application classes (NotReactiveWebApplicationCondition)

   RestTemplateAutoConfiguration#restTemplateBuilder matched:
      - @ConditionalOnMissingBean (types: org.springframework.boot.web.client.RestTemplateBuilder; SearchStrategy: all) did not find any beans (OnBeanCondition)

   SecurityAutoConfiguration matched:
      - @ConditionalOnClass found required class 'org.springframework.security.authentication.DefaultAuthenticationEventPublisher' (OnClassCondition)

   SecurityAutoConfiguration#authenticationEventPublisher matched:
      - @ConditionalOnMissingBean (types: org.springframework.security.authentication.AuthenticationEventPublisher; SearchStrategy: all) did not find any beans (OnBeanCondition)

   SecurityFilterAutoConfiguration matched:
      - @ConditionalOnClass found required classes 'org.springframework.security.web.context.AbstractSecurityWebApplicationInitializer', 'org.springframework.security.config.http.SessionCreationPolicy' (OnClassCondition)
      - found 'session' scope (OnWebApplicationCondition)

   SecurityFilterAutoConfiguration#securityFilterChainRegistration matched:
      - @ConditionalOnBean (names: springSecurityFilterChain; SearchStrategy: all) found bean 'springSecurityFilterChain' (OnBeanCondition)

   ServletWebServerFactoryAutoConfiguration matched:
      - @ConditionalOnClass found required class 'jakarta.servlet.ServletRequest' (OnClassCondition)
      - found 'session' scope (OnWebApplicationCondition)

   ServletWebServerFactoryAutoConfiguration#tomcatServletWebServerFactoryCustomizer matched:
      - @ConditionalOnClass found required class 'org.apache.catalina.startup.Tomcat' (OnClassCondition)

   ServletWebServerFactoryConfiguration.EmbeddedTomcat matched:
      - @ConditionalOnClass found required classes 'jakarta.servlet.Servlet', 'org.apache.catalina.startup.Tomcat', 'org.apache.coyote.UpgradeProtocol' (OnClassCondition)
      - @ConditionalOnMissingBean (types: org.springframework.boot.web.servlet.server.ServletWebServerFactory; SearchStrategy: current) did not find any beans (OnBeanCondition)

   SimpleCacheConfiguration matched:
      - Cache org.springframework.boot.autoconfigure.cache.SimpleCacheConfiguration automatic cache type (CacheCondition)

   SpringBootWebSecurityConfiguration matched:
      - found 'session' scope (OnWebApplicationCondition)

   SpringDataWebAutoConfiguration matched:
      - @ConditionalOnClass found required classes 'org.springframework.data.web.PageableHandlerMethodArgumentResolver', 'org.springframework.web.servlet.config.annotation.WebMvcConfigurer' (OnClassCondition)
      - found 'session' scope (OnWebApplicationCondition)
      - @ConditionalOnMissingBean (types: org.springframework.data.web.PageableHandlerMethodArgumentResolver; SearchStrategy: all) did not find any beans (OnBeanCondition)

   SpringDataWebAutoConfiguration#pageableCustomizer matched:
      - @ConditionalOnMissingBean (types: org.springframework.data.web.config.PageableHandlerMethodArgumentResolverCustomizer; SearchStrategy: all) did not find any beans (OnBeanCondition)

   SpringDataWebAutoConfiguration#sortCustomizer matched:
      - @ConditionalOnMissingBean (types: org.springframework.data.web.config.SortHandlerMethodArgumentResolverCustomizer; SearchStrategy: all) did not find any beans (OnBeanCondition)

   SpringDataWebAutoConfiguration#springDataWebSettings matched:
      - @ConditionalOnMissingBean (types: org.springframework.data.web.config.SpringDataWebSettings; SearchStrategy: all) did not find any beans (OnBeanCondition)

   SqlInitializationAutoConfiguration matched:
      - @ConditionalOnBooleanProperty (spring.sql.init.enabled=true) matched (OnPropertyCondition)
      - NoneNestedConditions 0 matched 1 did not; NestedCondition on SqlInitializationAutoConfiguration.SqlInitializationModeCondition.ModeIsNever @ConditionalOnProperty (spring.sql.init.mode=never) did not find property 'spring.sql.init.mode' (SqlInitializationAutoConfiguration.SqlInitializationModeCondition)

   SslAutoConfiguration#sslBundleRegistry matched:
      - @ConditionalOnMissingBean (types: org.springframework.boot.ssl.SslBundleRegistry,org.springframework.boot.ssl.SslBundles; SearchStrategy: all) did not find any beans (OnBeanCondition)

   TaskExecutionAutoConfiguration matched:
      - @ConditionalOnClass found required class 'org.springframework.scheduling.concurrent.ThreadPoolTaskExecutor' (OnClassCondition)

   TaskExecutorConfigurations.AsyncConfigurerConfiguration matched:
      - @ConditionalOnMissingBean (types: org.springframework.scheduling.annotation.AsyncConfigurer; SearchStrategy: all) did not find any beans (OnBeanCondition)

   TaskExecutorConfigurations.AsyncConfigurerConfiguration#applicationTaskExecutorAsyncConfigurer matched:
      - @ConditionalOnMissingBean (types: org.springframework.scheduling.annotation.AsyncConfigurer; SearchStrategy: all) did not find any beans (OnBeanCondition)

   TaskExecutorConfigurations.SimpleAsyncTaskExecutorBuilderConfiguration#simpleAsyncTaskExecutorBuilder matched:
      - @ConditionalOnMissingBean (types: org.springframework.boot.task.SimpleAsyncTaskExecutorBuilder; SearchStrategy: all) did not find any beans (OnBeanCondition)
      - @ConditionalOnThreading found PLATFORM (OnThreadingCondition)

   TaskExecutorConfigurations.TaskExecutorConfiguration matched:
      - AnyNestedCondition 1 matched 1 did not; NestedCondition on TaskExecutorConfigurations.OnExecutorCondition.ModelCondition @ConditionalOnProperty (spring.task.execution.mode=force) did not find property 'spring.task.execution.mode'; NestedCondition on TaskExecutorConfigurations.OnExecutorCondition.ExecutorBeanCondition @ConditionalOnMissingBean (types: java.util.concurrent.Executor; SearchStrategy: all) did not find any beans (TaskExecutorConfigurations.OnExecutorCondition)

   TaskExecutorConfigurations.TaskExecutorConfiguration#applicationTaskExecutor matched:
      - @ConditionalOnThreading found PLATFORM (OnThreadingCondition)

   TaskExecutorConfigurations.ThreadPoolTaskExecutorBuilderConfiguration#threadPoolTaskExecutorBuilder matched:
      - @ConditionalOnMissingBean (types: org.springframework.boot.task.ThreadPoolTaskExecutorBuilder; SearchStrategy: all) did not find any beans (OnBeanCondition)

   TaskSchedulingAutoConfiguration matched:
      - @ConditionalOnClass found required class 'org.springframework.scheduling.concurrent.ThreadPoolTaskScheduler' (OnClassCondition)

   TaskSchedulingConfigurations.SimpleAsyncTaskSchedulerBuilderConfiguration#simpleAsyncTaskSchedulerBuilder matched:
      - @ConditionalOnMissingBean (types: org.springframework.boot.task.SimpleAsyncTaskSchedulerBuilder; SearchStrategy: all) did not find any beans (OnBeanCondition)
      - @ConditionalOnThreading found PLATFORM (OnThreadingCondition)

   TaskSchedulingConfigurations.ThreadPoolTaskSchedulerBuilderConfiguration#threadPoolTaskSchedulerBuilder matched:
      - @ConditionalOnMissingBean (types: org.springframework.boot.task.ThreadPoolTaskSchedulerBuilder; SearchStrategy: all) did not find any beans (OnBeanCondition)

   TransactionAutoConfiguration matched:
      - @ConditionalOnClass found required class 'org.springframework.transaction.PlatformTransactionManager' (OnClassCondition)

   TransactionAutoConfiguration.EnableTransactionManagementConfiguration matched:
      - @ConditionalOnBean (types: org.springframework.transaction.TransactionManager; SearchStrategy: all) found bean 'transactionManager'; @ConditionalOnMissingBean (types: org.springframework.transaction.annotation.AbstractTransactionManagementConfiguration; SearchStrategy: all) did not find any beans (OnBeanCondition)

   TransactionAutoConfiguration.EnableTransactionManagementConfiguration.CglibAutoProxyConfiguration matched:
      - @ConditionalOnBooleanProperty (spring.aop.proxy-target-class=true) matched (OnPropertyCondition)

   TransactionAutoConfiguration.TransactionTemplateConfiguration matched:
      - @ConditionalOnSingleCandidate (types: org.springframework.transaction.PlatformTransactionManager; SearchStrategy: all) found a single bean 'transactionManager' (OnBeanCondition)

   TransactionAutoConfiguration.TransactionTemplateConfiguration#transactionTemplate matched:
      - @ConditionalOnMissingBean (types: org.springframework.transaction.support.TransactionOperations; SearchStrategy: all) did not find any beans (OnBeanCondition)

   TransactionManagerCustomizationAutoConfiguration matched:
      - @ConditionalOnClass found required class 'org.springframework.transaction.PlatformTransactionManager' (OnClassCondition)

   TransactionManagerCustomizationAutoConfiguration#platformTransactionManagerCustomizers matched:
      - @ConditionalOnMissingBean (types: org.springframework.boot.autoconfigure.transaction.TransactionManagerCustomizers; SearchStrategy: all) did not find any beans (OnBeanCondition)

   WebMvcAutoConfiguration matched:
      - @ConditionalOnClass found required classes 'jakarta.servlet.Servlet', 'org.springframework.web.servlet.DispatcherServlet', 'org.springframework.web.servlet.config.annotation.WebMvcConfigurer' (OnClassCondition)
      - found 'session' scope (OnWebApplicationCondition)
      - @ConditionalOnMissingBean (types: org.springframework.web.servlet.config.annotation.WebMvcConfigurationSupport; SearchStrategy: all) did not find any beans (OnBeanCondition)

   WebMvcAutoConfiguration#formContentFilter matched:
      - @ConditionalOnBooleanProperty (spring.mvc.formcontent.filter.enabled=true) matched (OnPropertyCondition)
      - @ConditionalOnMissingBean (types: org.springframework.web.filter.FormContentFilter; SearchStrategy: all) did not find any beans (OnBeanCondition)

   WebMvcAutoConfiguration.EnableWebMvcConfiguration#flashMapManager matched:
      - @ConditionalOnMissingBean (names: flashMapManager; SearchStrategy: all) did not find any beans (OnBeanCondition)

   WebMvcAutoConfiguration.EnableWebMvcConfiguration#localeResolver matched:
      - @ConditionalOnMissingBean (names: localeResolver; SearchStrategy: all) did not find any beans (OnBeanCondition)

   WebMvcAutoConfiguration.EnableWebMvcConfiguration#themeResolver matched:
      - @ConditionalOnMissingBean (names: themeResolver; SearchStrategy: all) did not find any beans (OnBeanCondition)

   WebMvcAutoConfiguration.EnableWebMvcConfiguration#viewNameTranslator matched:
      - @ConditionalOnMissingBean (names: viewNameTranslator; SearchStrategy: all) did not find any beans (OnBeanCondition)

   WebMvcAutoConfiguration.WebMvcAutoConfigurationAdapter#defaultViewResolver matched:
      - @ConditionalOnMissingBean (types: org.springframework.web.servlet.view.InternalResourceViewResolver; SearchStrategy: all) did not find any beans (OnBeanCondition)

   WebMvcAutoConfiguration.WebMvcAutoConfigurationAdapter#requestContextFilter matched:
      - @ConditionalOnMissingBean (types: org.springframework.web.context.request.RequestContextListener,org.springframework.web.filter.RequestContextFilter; SearchStrategy: all) did not find any beans (OnBeanCondition)

   WebMvcAutoConfiguration.WebMvcAutoConfigurationAdapter#viewResolver matched:
      - @ConditionalOnBean (types: org.springframework.web.servlet.ViewResolver; SearchStrategy: all) found beans 'defaultViewResolver', 'beanNameViewResolver', 'mvcViewResolver'; @ConditionalOnMissingBean (names: viewResolver types: org.springframework.web.servlet.view.ContentNegotiatingViewResolver; SearchStrategy: all) did not find any beans (OnBeanCondition)

   WebSocketServletAutoConfiguration matched:
      - @ConditionalOnClass found required classes 'jakarta.servlet.Servlet', 'jakarta.websocket.server.ServerContainer' (OnClassCondition)
      - found 'session' scope (OnWebApplicationCondition)

   WebSocketServletAutoConfiguration.TomcatWebSocketConfiguration matched:
      - @ConditionalOnClass found required classes 'org.apache.catalina.startup.Tomcat', 'org.apache.tomcat.websocket.server.WsSci' (OnClassCondition)

   WebSocketServletAutoConfiguration.TomcatWebSocketConfiguration#websocketServletWebServerCustomizer matched:
      - @ConditionalOnMissingBean (names: websocketServletWebServerCustomizer; SearchStrategy: all) did not find any beans (OnBeanCondition)


Negative matches:
-----------------

   ActiveMQAutoConfiguration:
      Did not match:
         - @ConditionalOnClass did not find required class 'jakarta.jms.ConnectionFactory' (OnClassCondition)

   AopAutoConfiguration.AspectJAutoProxyingConfiguration.JdkDynamicAutoProxyConfiguration:
      Did not match:
         - @ConditionalOnBooleanProperty (spring.aop.proxy-target-class=false) did not find property 'spring.aop.proxy-target-class' (OnPropertyCondition)

   AopAutoConfiguration.ClassProxyingConfiguration:
      Did not match:
         - @ConditionalOnMissingClass found unwanted class 'org.aspectj.weaver.Advice' (OnClassCondition)

   ArtemisAutoConfiguration:
      Did not match:
         - @ConditionalOnClass did not find required class 'jakarta.jms.ConnectionFactory' (OnClassCondition)

   BatchAutoConfiguration:
      Did not match:
         - @ConditionalOnClass did not find required class 'org.springframework.batch.core.launch.JobLauncher' (OnClassCondition)

   Cache2kCacheConfiguration:
      Did not match:
         - @ConditionalOnClass did not find required class 'org.cache2k.Cache2kBuilder' (OnClassCondition)

   CacheAutoConfiguration:
      Did not match:
         - @ConditionalOnBean (types: org.springframework.cache.interceptor.CacheAspectSupport; SearchStrategy: all) did not find any beans of type org.springframework.cache.interceptor.CacheAspectSupport (OnBeanCondition)
      Matched:
         - @ConditionalOnClass found required class 'org.springframework.cache.CacheManager' (OnClassCondition)

   CacheAutoConfiguration.CacheManagerEntityManagerFactoryDependsOnPostProcessor:
      Did not match:
         - Ancestor org.springframework.boot.autoconfigure.cache.CacheAutoConfiguration did not match (ConditionEvaluationReport.AncestorsMatchedCondition)
      Matched:
         - @ConditionalOnClass found required class 'org.springframework.orm.jpa.LocalContainerEntityManagerFactoryBean' (OnClassCondition)

   CaffeineCacheConfiguration:
      Did not match:
         - @ConditionalOnClass did not find required class 'com.github.benmanes.caffeine.cache.Caffeine' (OnClassCondition)

   CassandraAutoConfiguration:
      Did not match:
         - @ConditionalOnClass did not find required class 'com.datastax.oss.driver.api.core.CqlSession' (OnClassCondition)

   CassandraDataAutoConfiguration:
      Did not match:
         - @ConditionalOnClass did not find required class 'com.datastax.oss.driver.api.core.CqlSession' (OnClassCondition)

   CassandraReactiveDataAutoConfiguration:
      Did not match:
         - @ConditionalOnClass did not find required class 'com.datastax.oss.driver.api.core.CqlSession' (OnClassCondition)

   CassandraReactiveRepositoriesAutoConfiguration:
      Did not match:
         - @ConditionalOnClass did not find required class 'org.springframework.data.cassandra.ReactiveSession' (OnClassCondition)

   CassandraRepositoriesAutoConfiguration:
      Did not match:
         - @ConditionalOnClass did not find required class 'com.datastax.oss.driver.api.core.CqlSession' (OnClassCondition)

   org.springframework.boot.autoconfigure.http.client.reactive.ClientHttpConnectorAutoConfiguration:
      Did not match:
         - @ConditionalOnClass did not find required class 'reactor.core.publisher.Mono' (OnClassCondition)

   org.springframework.boot.autoconfigure.web.reactive.function.client.ClientHttpConnectorAutoConfiguration:
      Did not match:
         - @ConditionalOnClass did not find required class 'org.springframework.web.reactive.function.client.WebClient' (OnClassCondition)

   CodecsAutoConfiguration:
      Did not match:
         - @ConditionalOnClass did not find required class 'org.springframework.web.reactive.function.client.WebClient' (OnClassCondition)

   CouchbaseAutoConfiguration:
      Did not match:
         - @ConditionalOnClass did not find required class 'com.couchbase.client.java.Cluster' (OnClassCondition)

   CouchbaseCacheConfiguration:
      Did not match:
         - @ConditionalOnClass did not find required class 'com.couchbase.client.java.Cluster' (OnClassCondition)

   CouchbaseDataAutoConfiguration:
      Did not match:
         - @ConditionalOnClass did not find required class 'com.couchbase.client.java.Bucket' (OnClassCondition)

   CouchbaseReactiveDataAutoConfiguration:
      Did not match:
         - @ConditionalOnClass did not find required class 'com.couchbase.client.java.Cluster' (OnClassCondition)

   CouchbaseReactiveRepositoriesAutoConfiguration:
      Did not match:
         - @ConditionalOnClass did not find required class 'com.couchbase.client.java.Cluster' (OnClassCondition)

   CouchbaseRepositoriesAutoConfiguration:
      Did not match:
         - @ConditionalOnClass did not find required class 'com.couchbase.client.java.Bucket' (OnClassCondition)

   DataSourceAutoConfiguration.EmbeddedDatabaseConfiguration:
      Did not match:
         - EmbeddedDataSource spring.datasource.url is set (DataSourceAutoConfiguration.EmbeddedDatabaseCondition)

   DataSourceCheckpointRestoreConfiguration:
      Did not match:
         - @ConditionalOnClass did not find required class 'org.crac.Resource' (OnClassCondition)

   DataSourceConfiguration.Dbcp2:
      Did not match:
         - @ConditionalOnClass did not find required class 'org.apache.commons.dbcp2.BasicDataSource' (OnClassCondition)

   DataSourceConfiguration.Generic:
      Did not match:
         - @ConditionalOnProperty (spring.datasource.type) did not find property 'spring.datasource.type' (OnPropertyCondition)

   DataSourceConfiguration.OracleUcp:
      Did not match:
         - @ConditionalOnClass did not find required classes 'oracle.ucp.jdbc.PoolDataSourceImpl', 'oracle.jdbc.OracleConnection' (OnClassCondition)

   DataSourceConfiguration.Tomcat:
      Did not match:
         - @ConditionalOnClass did not find required class 'org.apache.tomcat.jdbc.pool.DataSource' (OnClassCondition)

   DataSourceJmxConfiguration:
      Did not match:
         - @ConditionalOnBooleanProperty (spring.jmx.enabled=true) did not find property 'spring.jmx.enabled' (OnPropertyCondition)

   DataSourcePoolMetadataProvidersConfiguration.CommonsDbcp2PoolDataSourceMetadataProviderConfiguration:
      Did not match:
         - @ConditionalOnClass did not find required class 'org.apache.commons.dbcp2.BasicDataSource' (OnClassCondition)

   DataSourcePoolMetadataProvidersConfiguration.OracleUcpPoolDataSourceMetadataProviderConfiguration:
      Did not match:
         - @ConditionalOnClass did not find required classes 'oracle.ucp.jdbc.PoolDataSource', 'oracle.jdbc.OracleConnection' (OnClassCondition)

   DataSourcePoolMetadataProvidersConfiguration.TomcatDataSourcePoolMetadataProviderConfiguration:
      Did not match:
         - @ConditionalOnClass did not find required class 'org.apache.tomcat.jdbc.pool.DataSource' (OnClassCondition)

   DataSourceTransactionManagerAutoConfiguration.JdbcTransactionManagerConfiguration#transactionManager:
      Did not match:
         - @ConditionalOnMissingBean (types: org.springframework.transaction.TransactionManager; SearchStrategy: all) found beans of type 'org.springframework.transaction.TransactionManager' transactionManager (OnBeanCondition)

   DispatcherServletAutoConfiguration.DispatcherServletConfiguration#multipartResolver:
      Did not match:
         - @ConditionalOnBean (types: org.springframework.web.multipart.MultipartResolver; SearchStrategy: all) did not find any beans of type org.springframework.web.multipart.MultipartResolver (OnBeanCondition)

   ElasticsearchClientAutoConfiguration:
      Did not match:
         - @ConditionalOnClass did not find required class 'co.elastic.clients.elasticsearch.ElasticsearchClient' (OnClassCondition)

   ElasticsearchDataAutoConfiguration:
      Did not match:
         - @ConditionalOnClass did not find required class 'org.springframework.data.elasticsearch.client.elc.ElasticsearchTemplate' (OnClassCondition)

   ElasticsearchRepositoriesAutoConfiguration:
      Did not match:
         - @ConditionalOnClass did not find required class 'org.springframework.data.elasticsearch.repository.ElasticsearchRepository' (OnClassCondition)

   ElasticsearchRestClientAutoConfiguration:
      Did not match:
         - @ConditionalOnClass did not find required class 'org.elasticsearch.client.RestClientBuilder' (OnClassCondition)

   EmbeddedLdapAutoConfiguration:
      Did not match:
         - @ConditionalOnClass did not find required class 'com.unboundid.ldap.listener.InMemoryDirectoryServer' (OnClassCondition)

   EmbeddedWebServerFactoryCustomizerAutoConfiguration.JettyWebServerFactoryCustomizerConfiguration:
      Did not match:
         - @ConditionalOnClass did not find required class 'org.eclipse.jetty.ee10.webapp.WebAppContext' (OnClassCondition)

   EmbeddedWebServerFactoryCustomizerAutoConfiguration.NettyWebServerFactoryCustomizerConfiguration:
      Did not match:
         - @ConditionalOnClass did not find required class 'reactor.netty.http.server.HttpServer' (OnClassCondition)

   EmbeddedWebServerFactoryCustomizerAutoConfiguration.TomcatWebServerFactoryCustomizerConfiguration#tomcatVirtualThreadsProtocolHandlerCustomizer:
      Did not match:
         - @ConditionalOnThreading did not find VIRTUAL (OnThreadingCondition)

   EmbeddedWebServerFactoryCustomizerAutoConfiguration.UndertowWebServerFactoryCustomizerConfiguration:
      Did not match:
         - @ConditionalOnClass did not find required classes 'io.undertow.Undertow', 'org.xnio.SslClientAuthMode' (OnClassCondition)

   ErrorWebFluxAutoConfiguration:
      Did not match:
         - @ConditionalOnClass did not find required class 'org.springframework.web.reactive.config.WebFluxConfigurer' (OnClassCondition)

   FlywayAutoConfiguration:
      Did not match:
         - @ConditionalOnClass did not find required class 'org.flywaydb.core.Flyway' (OnClassCondition)

   FreeMarkerAutoConfiguration:
      Did not match:
         - @ConditionalOnClass did not find required class 'freemarker.template.Configuration' (OnClassCondition)

   GraphQlAutoConfiguration:
      Did not match:
         - @ConditionalOnClass did not find required class 'graphql.GraphQL' (OnClassCondition)

   GraphQlQueryByExampleAutoConfiguration:
      Did not match:
         - @ConditionalOnClass did not find required class 'graphql.GraphQL' (OnClassCondition)

   GraphQlQuerydslAutoConfiguration:
      Did not match:
         - @ConditionalOnClass did not find required class 'com.querydsl.core.Query' (OnClassCondition)

   GraphQlRSocketAutoConfiguration:
      Did not match:
         - @ConditionalOnClass did not find required class 'graphql.GraphQL' (OnClassCondition)

   GraphQlReactiveQueryByExampleAutoConfiguration:
      Did not match:
         - @ConditionalOnClass did not find required class 'graphql.GraphQL' (OnClassCondition)

   GraphQlReactiveQuerydslAutoConfiguration:
      Did not match:
         - @ConditionalOnClass did not find required class 'com.querydsl.core.Query' (OnClassCondition)

   GraphQlWebFluxAutoConfiguration:
      Did not match:
         - @ConditionalOnClass did not find required class 'graphql.GraphQL' (OnClassCondition)

   GraphQlWebFluxSecurityAutoConfiguration:
      Did not match:
         - @ConditionalOnClass did not find required class 'graphql.GraphQL' (OnClassCondition)

   GraphQlWebMvcAutoConfiguration:
      Did not match:
         - @ConditionalOnClass did not find required class 'graphql.GraphQL' (OnClassCondition)

   GraphQlWebMvcSecurityAutoConfiguration:
      Did not match:
         - @ConditionalOnClass did not find required class 'graphql.GraphQL' (OnClassCondition)

   GroovyTemplateAutoConfiguration:
      Did not match:
         - @ConditionalOnClass did not find required class 'groovy.text.markup.MarkupTemplateEngine' (OnClassCondition)

   GsonAutoConfiguration:
      Did not match:
         - @ConditionalOnClass did not find required class 'com.google.gson.Gson' (OnClassCondition)

   GsonHttpMessageConvertersConfiguration:
      Did not match:
         - @ConditionalOnClass did not find required class 'com.google.gson.Gson' (OnClassCondition)

   H2ConsoleAutoConfiguration:
      Did not match:
         - @ConditionalOnClass did not find required class 'org.h2.server.web.JakartaWebServlet' (OnClassCondition)

   HazelcastAutoConfiguration:
      Did not match:
         - @ConditionalOnClass did not find required class 'com.hazelcast.core.HazelcastInstance' (OnClassCondition)

   HazelcastCacheConfiguration:
      Did not match:
         - @ConditionalOnClass did not find required class 'com.hazelcast.core.HazelcastInstance' (OnClassCondition)

   HazelcastJpaDependencyAutoConfiguration:
      Did not match:
         - @ConditionalOnClass did not find required class 'com.hazelcast.core.HazelcastInstance' (OnClassCondition)

   HttpHandlerAutoConfiguration:
      Did not match:
         - @ConditionalOnClass did not find required class 'org.springframework.web.reactive.DispatcherHandler' (OnClassCondition)

   HypermediaAutoConfiguration:
      Did not match:
         - @ConditionalOnClass did not find required class 'org.springframework.hateoas.EntityModel' (OnClassCondition)

   InfinispanCacheConfiguration:
      Did not match:
         - @ConditionalOnClass did not find required class 'org.infinispan.spring.embedded.provider.SpringEmbeddedCacheManager' (OnClassCondition)

   IntegrationAutoConfiguration:
      Did not match:
         - @ConditionalOnClass did not find required class 'org.springframework.integration.config.EnableIntegration' (OnClassCondition)

   JCacheCacheConfiguration:
      Did not match:
         - @ConditionalOnClass did not find required class 'javax.cache.Caching' (OnClassCondition)

   JacksonHttpMessageConvertersConfiguration.MappingJackson2XmlHttpMessageConverterConfiguration:
      Did not match:
         - @ConditionalOnClass did not find required class 'com.fasterxml.jackson.dataformat.xml.XmlMapper' (OnClassCondition)

   JdbcRepositoriesAutoConfiguration:
      Did not match:
         - @ConditionalOnClass did not find required class 'org.springframework.data.jdbc.repository.config.AbstractJdbcConfiguration' (OnClassCondition)

   JerseyAutoConfiguration:
      Did not match:
         - @ConditionalOnClass did not find required class 'org.glassfish.jersey.server.spring.SpringComponentProvider' (OnClassCondition)

   JmsAutoConfiguration:
      Did not match:
         - @ConditionalOnClass did not find required class 'jakarta.jms.Message' (OnClassCondition)

   JmxAutoConfiguration:
      Did not match:
         - @ConditionalOnBooleanProperty (spring.jmx.enabled=true) did not find property 'spring.jmx.enabled' (OnPropertyCondition)
      Matched:
         - @ConditionalOnClass found required class 'org.springframework.jmx.export.MBeanExporter' (OnClassCondition)

   JndiConnectionFactoryAutoConfiguration:
      Did not match:
         - @ConditionalOnClass did not find required class 'org.springframework.jms.core.JmsTemplate' (OnClassCondition)

   JndiDataSourceAutoConfiguration:
      Did not match:
         - @ConditionalOnProperty (spring.datasource.jndi-name) did not find property 'spring.datasource.jndi-name' (OnPropertyCondition)
      Matched:
         - @ConditionalOnClass found required classes 'javax.sql.DataSource', 'org.springframework.jdbc.datasource.embedded.EmbeddedDatabaseType' (OnClassCondition)

   JndiJtaConfiguration:
      Did not match:
         - @ConditionalOnJndi JNDI environment is not available (OnJndiCondition)
      Matched:
         - @ConditionalOnClass found required class 'org.springframework.transaction.jta.JtaTransactionManager' (OnClassCondition)

   JooqAutoConfiguration:
      Did not match:
         - @ConditionalOnClass did not find required class 'org.jooq.DSLContext' (OnClassCondition)

   JpaRepositoriesAutoConfiguration#entityManagerFactoryBootstrapExecutorCustomizer:
      Did not match:
         - AnyNestedCondition 0 matched 2 did not; NestedCondition on JpaRepositoriesAutoConfiguration.BootstrapExecutorCondition.LazyBootstrapMode @ConditionalOnProperty (spring.data.jpa.repositories.bootstrap-mode=lazy) did not find property 'spring.data.jpa.repositories.bootstrap-mode'; NestedCondition on JpaRepositoriesAutoConfiguration.BootstrapExecutorCondition.DeferredBootstrapMode @ConditionalOnProperty (spring.data.jpa.repositories.bootstrap-mode=deferred) did not find property 'spring.data.jpa.repositories.bootstrap-mode' (JpaRepositoriesAutoConfiguration.BootstrapExecutorCondition)

   JsonbAutoConfiguration:
      Did not match:
         - @ConditionalOnClass did not find required class 'jakarta.json.bind.Jsonb' (OnClassCondition)

   JsonbHttpMessageConvertersConfiguration:
      Did not match:
         - @ConditionalOnClass did not find required class 'jakarta.json.bind.Jsonb' (OnClassCondition)

   KafkaAutoConfiguration:
      Did not match:
         - @ConditionalOnClass did not find required class 'org.springframework.kafka.core.KafkaTemplate' (OnClassCondition)

   LdapAutoConfiguration:
      Did not match:
         - @ConditionalOnClass did not find required class 'org.springframework.ldap.core.ContextSource' (OnClassCondition)

   LdapRepositoriesAutoConfiguration:
      Did not match:
         - @ConditionalOnClass did not find required class 'org.springframework.data.ldap.repository.LdapRepository' (OnClassCondition)

   LiquibaseAutoConfiguration.CustomizerConfiguration#springLiquibaseCustomizer:
      Did not match:
         - @ConditionalOnBean (types: liquibase.integration.spring.Customizer; SearchStrategy: all) did not find any beans of type liquibase.integration.spring.Customizer (OnBeanCondition)

   MailSenderAutoConfiguration:
      Did not match:
         - @ConditionalOnClass did not find required class 'jakarta.mail.internet.MimeMessage' (OnClassCondition)

   MailSenderValidatorAutoConfiguration:
      Did not match:
         - @ConditionalOnSingleCandidate did not find required type 'org.springframework.mail.javamail.JavaMailSenderImpl' (OnBeanCondition)

   MongoAutoConfiguration:
      Did not match:
         - @ConditionalOnClass did not find required class 'com.mongodb.client.MongoClient' (OnClassCondition)

   MongoDataAutoConfiguration:
      Did not match:
         - @ConditionalOnClass did not find required class 'com.mongodb.client.MongoClient' (OnClassCondition)

   MongoReactiveAutoConfiguration:
      Did not match:
         - @ConditionalOnClass did not find required class 'com.mongodb.reactivestreams.client.MongoClient' (OnClassCondition)

   MongoReactiveDataAutoConfiguration:
      Did not match:
         - @ConditionalOnClass did not find required class 'com.mongodb.reactivestreams.client.MongoClient' (OnClassCondition)

   MongoReactiveRepositoriesAutoConfiguration:
      Did not match:
         - @ConditionalOnClass did not find required class 'com.mongodb.reactivestreams.client.MongoClient' (OnClassCondition)

   MongoRepositoriesAutoConfiguration:
      Did not match:
         - @ConditionalOnClass did not find required class 'com.mongodb.client.MongoClient' (OnClassCondition)

   MustacheAutoConfiguration:
      Did not match:
         - @ConditionalOnClass did not find required class 'com.samskivert.mustache.Mustache' (OnClassCondition)

   Neo4jAutoConfiguration:
      Did not match:
         - @ConditionalOnClass did not find required class 'org.neo4j.driver.Driver' (OnClassCondition)

   Neo4jDataAutoConfiguration:
      Did not match:
         - @ConditionalOnClass did not find required class 'org.neo4j.driver.Driver' (OnClassCondition)

   Neo4jReactiveDataAutoConfiguration:
      Did not match:
         - @ConditionalOnClass did not find required class 'org.neo4j.driver.Driver' (OnClassCondition)

   Neo4jReactiveRepositoriesAutoConfiguration:
      Did not match:
         - @ConditionalOnClass did not find required class 'org.neo4j.driver.Driver' (OnClassCondition)

   Neo4jRepositoriesAutoConfiguration:
      Did not match:
         - @ConditionalOnClass did not find required class 'org.neo4j.driver.Driver' (OnClassCondition)

   NettyAutoConfiguration:
      Did not match:
         - @ConditionalOnClass did not find required class 'io.netty.util.NettyRuntime' (OnClassCondition)

   OAuth2AuthorizationServerAutoConfiguration:
      Did not match:
         - @ConditionalOnClass did not find required class 'org.springframework.security.oauth2.server.authorization.OAuth2Authorization' (OnClassCondition)

   OAuth2AuthorizationServerJwtAutoConfiguration:
      Did not match:
         - @ConditionalOnClass did not find required class 'com.nimbusds.jose.jwk.source.JWKSource' (OnClassCondition)

   OAuth2ClientAutoConfiguration:
      Did not match:
         - @ConditionalOnClass did not find required class 'org.springframework.security.oauth2.client.registration.ClientRegistration' (OnClassCondition)

   OAuth2ClientWebSecurityAutoConfiguration:
      Did not match:
         - @ConditionalOnClass did not find required class 'org.springframework.security.oauth2.client.web.OAuth2AuthorizedClientRepository' (OnClassCondition)

   OAuth2ResourceServerAutoConfiguration:
      Did not match:
         - @ConditionalOnClass did not find required class 'org.springframework.security.oauth2.server.resource.authentication.BearerTokenAuthenticationToken' (OnClassCondition)

   ProjectInfoAutoConfiguration#buildProperties:
      Did not match:
         - @ConditionalOnResource did not find resource '${spring.info.build.location:classpath:META-INF/build-info.properties}' (OnResourceCondition)

   ProjectInfoAutoConfiguration#gitProperties:
      Did not match:
         - GitResource did not find git info at classpath:git.properties (ProjectInfoAutoConfiguration.GitResourceAvailableCondition)

   PulsarAutoConfiguration:
      Did not match:
         - @ConditionalOnClass did not find required class 'org.apache.pulsar.client.api.PulsarClient' (OnClassCondition)

   PulsarReactiveAutoConfiguration:
      Did not match:
         - @ConditionalOnClass did not find required class 'org.apache.pulsar.client.api.PulsarClient' (OnClassCondition)

   QuartzAutoConfiguration:
      Did not match:
         - @ConditionalOnClass did not find required class 'org.quartz.Scheduler' (OnClassCondition)

   R2dbcAutoConfiguration:
      Did not match:
         - @ConditionalOnClass did not find required class 'io.r2dbc.spi.ConnectionFactory' (OnClassCondition)

   R2dbcDataAutoConfiguration:
      Did not match:
         - @ConditionalOnClass did not find required class 'org.springframework.data.r2dbc.core.R2dbcEntityTemplate' (OnClassCondition)

   R2dbcInitializationConfiguration:
      Did not match:
         - @ConditionalOnClass did not find required classes 'io.r2dbc.spi.ConnectionFactory', 'org.springframework.r2dbc.connection.init.DatabasePopulator' (OnClassCondition)

   R2dbcProxyAutoConfiguration:
      Did not match:
         - @ConditionalOnClass did not find required class 'io.r2dbc.proxy.ProxyConnectionFactory' (OnClassCondition)

   R2dbcRepositoriesAutoConfiguration:
      Did not match:
         - @ConditionalOnClass did not find required class 'io.r2dbc.spi.ConnectionFactory' (OnClassCondition)

   R2dbcTransactionManagerAutoConfiguration:
      Did not match:
         - @ConditionalOnClass did not find required class 'org.springframework.r2dbc.connection.R2dbcTransactionManager' (OnClassCondition)

   RSocketGraphQlClientAutoConfiguration:
      Did not match:
         - @ConditionalOnClass did not find required class 'graphql.GraphQL' (OnClassCondition)

   RSocketMessagingAutoConfiguration:
      Did not match:
         - @ConditionalOnClass did not find required class 'io.rsocket.RSocket' (OnClassCondition)

   RSocketRequesterAutoConfiguration:
      Did not match:
         - @ConditionalOnClass did not find required class 'io.rsocket.RSocket' (OnClassCondition)

   RSocketSecurityAutoConfiguration:
      Did not match:
         - @ConditionalOnClass did not find required class 'org.springframework.security.rsocket.core.SecuritySocketAcceptorInterceptor' (OnClassCondition)

   RSocketServerAutoConfiguration:
      Did not match:
         - @ConditionalOnClass did not find required class 'io.rsocket.core.RSocketServer' (OnClassCondition)

   RSocketStrategiesAutoConfiguration:
      Did not match:
         - @ConditionalOnClass did not find required class 'io.netty.buffer.PooledByteBufAllocator' (OnClassCondition)

   RabbitAutoConfiguration:
      Did not match:
         - @ConditionalOnClass did not find required class 'com.rabbitmq.client.Channel' (OnClassCondition)

   ReactiveElasticsearchClientAutoConfiguration:
      Did not match:
         - @ConditionalOnClass did not find required class 'co.elastic.clients.transport.ElasticsearchTransport' (OnClassCondition)

   ReactiveElasticsearchRepositoriesAutoConfiguration:
      Did not match:
         - @ConditionalOnClass did not find required class 'reactor.core.publisher.Mono' (OnClassCondition)

   ReactiveMultipartAutoConfiguration:
      Did not match:
         - @ConditionalOnClass did not find required class 'org.springframework.web.reactive.config.WebFluxConfigurer' (OnClassCondition)

   ReactiveOAuth2ClientAutoConfiguration:
      Did not match:
         - @ConditionalOnClass did not find required class 'reactor.core.publisher.Flux' (OnClassCondition)

   ReactiveOAuth2ClientWebSecurityAutoConfiguration:
      Did not match:
         - @ConditionalOnClass did not find required class 'reactor.core.publisher.Flux' (OnClassCondition)

   ReactiveOAuth2ResourceServerAutoConfiguration:
      Did not match:
         - @ConditionalOnWebApplication did not find reactive web application classes (OnWebApplicationCondition)

   ReactiveSecurityAutoConfiguration:
      Did not match:
         - @ConditionalOnClass did not find required class 'reactor.core.publisher.Flux' (OnClassCondition)

   ReactiveUserDetailsServiceAutoConfiguration:
      Did not match:
         - AnyNestedCondition 0 matched 2 did not; NestedCondition on ReactiveUserDetailsServiceAutoConfiguration.RSocketEnabledOrReactiveWebApplication.ReactiveWebApplicationCondition did not find reactive web application classes; NestedCondition on ReactiveUserDetailsServiceAutoConfiguration.RSocketEnabledOrReactiveWebApplication.RSocketSecurityEnabledCondition @ConditionalOnBean (types: ?; SearchStrategy: all) did not find any beans of type ? (ReactiveUserDetailsServiceAutoConfiguration.RSocketEnabledOrReactiveWebApplication)
      Matched:
         - @ConditionalOnClass found required class 'org.springframework.security.authentication.ReactiveAuthenticationManager' (OnClassCondition)
         - AnyNestedCondition 1 matched 2 did not; NestedCondition on ReactiveUserDetailsServiceAutoConfiguration.MissingAlternativeOrUserPropertiesConfigured.PasswordConfigured @ConditionalOnProperty (spring.security.user.password) did not find property 'spring.security.user.password'; NestedCondition on ReactiveUserDetailsServiceAutoConfiguration.MissingAlternativeOrUserPropertiesConfigured.NameConfigured @ConditionalOnProperty (spring.security.user.name) did not find property 'spring.security.user.name'; NestedCondition on ReactiveUserDetailsServiceAutoConfiguration.MissingAlternativeOrUserPropertiesConfigured.MissingAlternative @ConditionalOnMissingClass did not find unwanted classes 'org.springframework.security.oauth2.client.registration.ClientRegistrationRepository', 'org.springframework.security.oauth2.server.resource.introspection.ReactiveOpaqueTokenIntrospector' (ReactiveUserDetailsServiceAutoConfiguration.MissingAlternativeOrUserPropertiesConfigured)

   ReactiveWebServerFactoryAutoConfiguration:
      Did not match:
         - @ConditionalOnWebApplication did not find reactive web application classes (OnWebApplicationCondition)

   ReactorAutoConfiguration:
      Did not match:
         - @ConditionalOnClass did not find required class 'reactor.core.publisher.Hooks' (OnClassCondition)

   RedisAutoConfiguration:
      Did not match:
         - @ConditionalOnClass did not find required class 'org.springframework.data.redis.core.RedisOperations' (OnClassCondition)

   RedisCacheConfiguration:
      Did not match:
         - @ConditionalOnClass did not find required class 'org.springframework.data.redis.connection.RedisConnectionFactory' (OnClassCondition)

   RedisReactiveAutoConfiguration:
      Did not match:
         - @ConditionalOnClass did not find required class 'reactor.core.publisher.Flux' (OnClassCondition)

   RedisRepositoriesAutoConfiguration:
      Did not match:
         - @ConditionalOnClass did not find required class 'org.springframework.data.redis.repository.configuration.EnableRedisRepositories' (OnClassCondition)

   RepositoryRestMvcAutoConfiguration:
      Did not match:
         - @ConditionalOnClass did not find required class 'org.springframework.data.rest.webmvc.config.RepositoryRestMvcConfiguration' (OnClassCondition)

   Saml2RelyingPartyAutoConfiguration:
      Did not match:
         - @ConditionalOnClass did not find required class 'org.springframework.security.saml2.provider.service.registration.RelyingPartyRegistrationRepository' (OnClassCondition)

   SecurityDataConfiguration:
      Did not match:
         - @ConditionalOnClass did not find required class 'org.springframework.security.data.repository.query.SecurityEvaluationContextExtension' (OnClassCondition)

   SendGridAutoConfiguration:
      Did not match:
         - @ConditionalOnClass did not find required class 'com.sendgrid.SendGrid' (OnClassCondition)

   ServletWebServerFactoryAutoConfiguration.ForwardedHeaderFilterConfiguration:
      Did not match:
         - @ConditionalOnProperty (server.forward-headers-strategy=framework) did not find property 'server.forward-headers-strategy' (OnPropertyCondition)

   ServletWebServerFactoryConfiguration.EmbeddedJetty:
      Did not match:
         - @ConditionalOnClass did not find required class 'org.eclipse.jetty.ee10.webapp.WebAppContext' (OnClassCondition)

   ServletWebServerFactoryConfiguration.EmbeddedUndertow:
      Did not match:
         - @ConditionalOnClass did not find required classes 'io.undertow.Undertow', 'org.xnio.SslClientAuthMode' (OnClassCondition)

   SessionAutoConfiguration:
      Did not match:
         - @ConditionalOnClass did not find required class 'org.springframework.session.Session' (OnClassCondition)

   SpringApplicationAdminJmxAutoConfiguration:
      Did not match:
         - @ConditionalOnBooleanProperty (spring.application.admin.enabled=true) did not find property 'spring.application.admin.enabled' (OnPropertyCondition)

   SpringBootWebSecurityConfiguration.SecurityFilterChainConfiguration:
      Did not match:
         - AllNestedConditions 1 matched 1 did not; NestedCondition on DefaultWebSecurityCondition.Beans @ConditionalOnMissingBean (types: org.springframework.security.web.SecurityFilterChain; SearchStrategy: all) found beans of type 'org.springframework.security.web.SecurityFilterChain' securityFilterChain; NestedCondition on DefaultWebSecurityCondition.Classes @ConditionalOnClass found required classes 'org.springframework.security.web.SecurityFilterChain', 'org.springframework.security.config.annotation.web.builders.HttpSecurity' (DefaultWebSecurityCondition)

   SpringBootWebSecurityConfiguration.WebSecurityEnablerConfiguration:
      Did not match:
         - @ConditionalOnMissingBean (names: springSecurityFilterChain; SearchStrategy: all) found beans named springSecurityFilterChain (OnBeanCondition)
      Matched:
         - @ConditionalOnClass found required class 'org.springframework.security.config.annotation.web.configuration.EnableWebSecurity' (OnClassCondition)

   TaskExecutorConfigurations.SimpleAsyncTaskExecutorBuilderConfiguration#simpleAsyncTaskExecutorBuilderVirtualThreads:
      Did not match:
         - @ConditionalOnMissingBean (types: org.springframework.boot.task.SimpleAsyncTaskExecutorBuilder; SearchStrategy: all) found beans of type 'org.springframework.boot.task.SimpleAsyncTaskExecutorBuilder' simpleAsyncTaskExecutorBuilder (OnBeanCondition)

   TaskExecutorConfigurations.TaskExecutorConfiguration#applicationTaskExecutorVirtualThreads:
      Did not match:
         - @ConditionalOnThreading did not find VIRTUAL (OnThreadingCondition)

   TaskSchedulingAutoConfiguration#scheduledBeanLazyInitializationExcludeFilter:
      Did not match:
         - @ConditionalOnBean (names: org.springframework.context.annotation.internalScheduledAnnotationProcessor; SearchStrategy: all) did not find any beans named org.springframework.context.annotation.internalScheduledAnnotationProcessor (OnBeanCondition)

   TaskSchedulingConfigurations.SimpleAsyncTaskSchedulerBuilderConfiguration#simpleAsyncTaskSchedulerBuilderVirtualThreads:
      Did not match:
         - @ConditionalOnMissingBean (types: org.springframework.boot.task.SimpleAsyncTaskSchedulerBuilder; SearchStrategy: all) found beans of type 'org.springframework.boot.task.SimpleAsyncTaskSchedulerBuilder' simpleAsyncTaskSchedulerBuilder (OnBeanCondition)

   TaskSchedulingConfigurations.TaskSchedulerConfiguration:
      Did not match:
         - @ConditionalOnBean (names: org.springframework.context.annotation.internalScheduledAnnotationProcessor; SearchStrategy: all) did not find any beans named org.springframework.context.annotation.internalScheduledAnnotationProcessor (OnBeanCondition)

   ThymeleafAutoConfiguration:
      Did not match:
         - @ConditionalOnClass did not find required class 'org.thymeleaf.spring6.SpringTemplateEngine' (OnClassCondition)

   TransactionAutoConfiguration#transactionalOperator:
      Did not match:
         - @ConditionalOnSingleCandidate (types: org.springframework.transaction.ReactiveTransactionManager; SearchStrategy: all) did not find any beans (OnBeanCondition)

   TransactionAutoConfiguration.AspectJTransactionManagementConfiguration:
      Did not match:
         - @ConditionalOnBean (types: org.springframework.transaction.aspectj.AbstractTransactionAspect; SearchStrategy: all) did not find any beans of type org.springframework.transaction.aspectj.AbstractTransactionAspect (OnBeanCondition)

   TransactionAutoConfiguration.EnableTransactionManagementConfiguration.JdkDynamicAutoProxyConfiguration:
      Did not match:
         - @ConditionalOnBooleanProperty (spring.aop.proxy-target-class=false) did not find property 'spring.aop.proxy-target-class' (OnPropertyCondition)

   UserDetailsServiceAutoConfiguration:
      Did not match:
         - @ConditionalOnMissingBean (types: org.springframework.security.authentication.AuthenticationManager,org.springframework.security.authentication.AuthenticationProvider,org.springframework.security.core.userdetails.UserDetailsService,org.springframework.security.authentication.AuthenticationManagerResolver,?; SearchStrategy: all) found beans of type 'org.springframework.security.core.userdetails.UserDetailsService' userDetailsService (OnBeanCondition)
      Matched:
         - @ConditionalOnClass found required class 'org.springframework.security.authentication.AuthenticationManager' (OnClassCondition)
         - found 'session' scope (OnWebApplicationCondition)
         - AnyNestedCondition 1 matched 2 did not; NestedCondition on UserDetailsServiceAutoConfiguration.MissingAlternativeOrUserPropertiesConfigured.PasswordConfigured @ConditionalOnProperty (spring.security.user.password) did not find property 'spring.security.user.password'; NestedCondition on UserDetailsServiceAutoConfiguration.MissingAlternativeOrUserPropertiesConfigured.NameConfigured @ConditionalOnProperty (spring.security.user.name) did not find property 'spring.security.user.name'; NestedCondition on UserDetailsServiceAutoConfiguration.MissingAlternativeOrUserPropertiesConfigured.MissingAlternative @ConditionalOnMissingClass did not find unwanted classes 'org.springframework.security.oauth2.client.registration.ClientRegistrationRepository', 'org.springframework.security.oauth2.server.resource.introspection.OpaqueTokenIntrospector', 'org.springframework.security.saml2.provider.service.registration.RelyingPartyRegistrationRepository' (UserDetailsServiceAutoConfiguration.MissingAlternativeOrUserPropertiesConfigured)

   ValidationAutoConfiguration:
      Did not match:
         - @ConditionalOnResource did not find resource 'classpath:META-INF/services/jakarta.validation.spi.ValidationProvider' (OnResourceCondition)
      Matched:
         - @ConditionalOnClass found required class 'jakarta.validation.executable.ExecutableValidator' (OnClassCondition)

   WebClientAutoConfiguration:
      Did not match:
         - @ConditionalOnClass did not find required class 'org.springframework.web.reactive.function.client.WebClient' (OnClassCondition)

   WebFluxAutoConfiguration:
      Did not match:
         - @ConditionalOnClass did not find required class 'org.springframework.web.reactive.config.WebFluxConfigurer' (OnClassCondition)

   WebMvcAutoConfiguration#hiddenHttpMethodFilter:
      Did not match:
         - @ConditionalOnBooleanProperty (spring.mvc.hiddenmethod.filter.enabled=true) did not find property 'spring.mvc.hiddenmethod.filter.enabled' (OnPropertyCondition)

   WebMvcAutoConfiguration.ProblemDetailsErrorHandlingConfiguration:
      Did not match:
         - @ConditionalOnBooleanProperty (spring.mvc.problemdetails.enabled=true) did not find property 'spring.mvc.problemdetails.enabled' (OnPropertyCondition)

   WebMvcAutoConfiguration.ResourceChainCustomizerConfiguration:
      Did not match:
         - @ConditionalOnEnabledResourceChain did not find class org.webjars.WebJarVersionLocator (OnEnabledResourceChainCondition)

   WebMvcAutoConfiguration.WebMvcAutoConfigurationAdapter#beanNameViewResolver:
      Did not match:
         - @ConditionalOnMissingBean (types: org.springframework.web.servlet.view.BeanNameViewResolver; SearchStrategy: all) found beans of type 'org.springframework.web.servlet.view.BeanNameViewResolver' beanNameViewResolver (OnBeanCondition)

   WebServiceTemplateAutoConfiguration:
      Did not match:
         - @ConditionalOnClass did not find required class 'org.springframework.oxm.Marshaller' (OnClassCondition)

   WebServicesAutoConfiguration:
      Did not match:
         - @ConditionalOnClass did not find required class 'org.springframework.ws.transport.http.MessageDispatcherServlet' (OnClassCondition)

   WebSessionIdResolverAutoConfiguration:
      Did not match:
         - @ConditionalOnClass did not find required class 'reactor.core.publisher.Mono' (OnClassCondition)

   WebSocketMessagingAutoConfiguration:
      Did not match:
         - @ConditionalOnClass did not find required class 'org.springframework.web.socket.config.annotation.WebSocketMessageBrokerConfigurer' (OnClassCondition)

   WebSocketReactiveAutoConfiguration:
      Did not match:
         - @ConditionalOnWebApplication did not find reactive web application classes (OnWebApplicationCondition)

   WebSocketServletAutoConfiguration.JettyWebSocketConfiguration:
      Did not match:
         - @ConditionalOnClass did not find required class 'org.eclipse.jetty.ee10.websocket.jakarta.server.config.JakartaWebSocketServletContainerInitializer' (OnClassCondition)

   WebSocketServletAutoConfiguration.UndertowWebSocketConfiguration:
      Did not match:
         - @ConditionalOnClass did not find required class 'io.undertow.websockets.jsr.Bootstrap' (OnClassCondition)

   XADataSourceAutoConfiguration:
      Did not match:
         - @ConditionalOnBean (types: org.springframework.boot.jdbc.XADataSourceWrapper; SearchStrategy: all) did not find any beans of type org.springframework.boot.jdbc.XADataSourceWrapper (OnBeanCondition)
      Matched:
         - @ConditionalOnClass found required classes 'javax.sql.DataSource', 'jakarta.transaction.TransactionManager', 'org.springframework.jdbc.datasource.embedded.EmbeddedDatabaseType' (OnClassCondition)


Exclusions:
-----------

    None


Unconditional classes:
----------------------

    org.springframework.boot.autoconfigure.context.ConfigurationPropertiesAutoConfiguration

    org.springframework.boot.autoconfigure.ssl.SslAutoConfiguration

    org.springframework.boot.autoconfigure.context.LifecycleAutoConfiguration

    org.springframework.boot.autoconfigure.context.PropertyPlaceholderAutoConfiguration

    org.springframework.boot.autoconfigure.availability.ApplicationAvailabilityAutoConfiguration

    org.springframework.boot.autoconfigure.info.ProjectInfoAutoConfiguration



2025-07-31 15:39:00.074 [main] ERROR org.springframework.boot.SpringApplication - Application run failed
org.springframework.beans.factory.UnsatisfiedDependencyException: Error creating bean with name 'org.springframework.security.config.annotation.web.configuration.WebSecurityConfiguration': Unsatisfied dependency expressed through method 'setFilterChains' parameter 0: Error creating bean with name 'securityFilterChain' defined in class path resource [com/example/studentsbot/security/SecurityConfig.class]: Unsatisfied dependency expressed through method 'securityFilterChain' parameter 0: Error creating bean with name 'org.springframework.security.config.annotation.web.configuration.HttpSecurityConfiguration.httpSecurity' defined in class path resource [org/springframework/security/config/annotation/web/configuration/HttpSecurityConfiguration.class]: Failed to instantiate [org.springframework.security.config.annotation.web.builders.HttpSecurity]: Factory method 'httpSecurity' threw exception with message: Error creating bean with name 'userDetailsService' defined in class path resource [com/example/studentsbot/security/SecurityConfig.class]: Failed to instantiate [org.springframework.security.provisioning.InMemoryUserDetailsManager]: Factory method 'userDetailsService' threw exception with message: Cannot invoke "com.example.studentsbot.SecurityProperties.getAdminSec()" because "this.securityProperties" is null
	at org.springframework.beans.factory.annotation.AutowiredAnnotationBeanPostProcessor$AutowiredMethodElement.resolveMethodArguments(AutowiredAnnotationBeanPostProcessor.java:896) ~[spring-beans-6.2.7.jar:6.2.7]
	at org.springframework.beans.factory.annotation.AutowiredAnnotationBeanPostProcessor$AutowiredMethodElement.inject(AutowiredAnnotationBeanPostProcessor.java:849) ~[spring-beans-6.2.7.jar:6.2.7]
	at org.springframework.beans.factory.annotation.InjectionMetadata.inject(InjectionMetadata.java:146) ~[spring-beans-6.2.7.jar:6.2.7]
	at org.springframework.beans.factory.annotation.AutowiredAnnotationBeanPostProcessor.postProcessProperties(AutowiredAnnotationBeanPostProcessor.java:509) ~[spring-beans-6.2.7.jar:6.2.7]
	at org.springframework.beans.factory.support.AbstractAutowireCapableBeanFactory.populateBean(AbstractAutowireCapableBeanFactory.java:1459) ~[spring-beans-6.2.7.jar:6.2.7]
	at org.springframework.beans.factory.support.AbstractAutowireCapableBeanFactory.doCreateBean(AbstractAutowireCapableBeanFactory.java:606) ~[spring-beans-6.2.7.jar:6.2.7]
	at org.springframework.beans.factory.support.AbstractAutowireCapableBeanFactory.createBean(AbstractAutowireCapableBeanFactory.java:529) ~[spring-beans-6.2.7.jar:6.2.7]
	at org.springframework.beans.factory.support.AbstractBeanFactory.lambda$doGetBean$0(AbstractBeanFactory.java:339) ~[spring-beans-6.2.7.jar:6.2.7]
	at org.springframework.beans.factory.support.DefaultSingletonBeanRegistry.getSingleton(DefaultSingletonBeanRegistry.java:373) ~[spring-beans-6.2.7.jar:6.2.7]
	at org.springframework.beans.factory.support.AbstractBeanFactory.doGetBean(AbstractBeanFactory.java:337) ~[spring-beans-6.2.7.jar:6.2.7]
	at org.springframework.beans.factory.support.AbstractBeanFactory.getBean(AbstractBeanFactory.java:202) ~[spring-beans-6.2.7.jar:6.2.7]
	at org.springframework.beans.factory.support.DefaultListableBeanFactory.instantiateSingleton(DefaultListableBeanFactory.java:1222) ~[spring-beans-6.2.7.jar:6.2.7]
	at org.springframework.beans.factory.support.DefaultListableBeanFactory.preInstantiateSingleton(DefaultListableBeanFactory.java:1188) ~[spring-beans-6.2.7.jar:6.2.7]
	at org.springframework.beans.factory.support.DefaultListableBeanFactory.preInstantiateSingletons(DefaultListableBeanFactory.java:1123) ~[spring-beans-6.2.7.jar:6.2.7]
	at org.springframework.context.support.AbstractApplicationContext.finishBeanFactoryInitialization(AbstractApplicationContext.java:987) ~[spring-context-6.2.7.jar:6.2.7]
	at org.springframework.context.support.AbstractApplicationContext.refresh(AbstractApplicationContext.java:627) ~[spring-context-6.2.7.jar:6.2.7]
	at org.springframework.boot.web.servlet.context.ServletWebServerApplicationContext.refresh(ServletWebServerApplicationContext.java:146) ~[spring-boot-3.5.0.jar:3.5.0]
	at org.springframework.boot.SpringApplication.refresh(SpringApplication.java:753) [spring-boot-3.5.0.jar:3.5.0]
	at org.springframework.boot.SpringApplication.refreshContext(SpringApplication.java:439) [spring-boot-3.5.0.jar:3.5.0]
	at org.springframework.boot.SpringApplication.run(SpringApplication.java:318) [spring-boot-3.5.0.jar:3.5.0]
	at com.example.studentsbot.Main.main(Main.java:42) [classes/:?]
Caused by: org.springframework.beans.factory.UnsatisfiedDependencyException: Error creating bean with name 'securityFilterChain' defined in class path resource [com/example/studentsbot/security/SecurityConfig.class]: Unsatisfied dependency expressed through method 'securityFilterChain' parameter 0: Error creating bean with name 'org.springframework.security.config.annotation.web.configuration.HttpSecurityConfiguration.httpSecurity' defined in class path resource [org/springframework/security/config/annotation/web/configuration/HttpSecurityConfiguration.class]: Failed to instantiate [org.springframework.security.config.annotation.web.builders.HttpSecurity]: Factory method 'httpSecurity' threw exception with message: Error creating bean with name 'userDetailsService' defined in class path resource [com/example/studentsbot/security/SecurityConfig.class]: Failed to instantiate [org.springframework.security.provisioning.InMemoryUserDetailsManager]: Factory method 'userDetailsService' threw exception with message: Cannot invoke "com.example.studentsbot.SecurityProperties.getAdminSec()" because "this.securityProperties" is null
	at org.springframework.beans.factory.support.ConstructorResolver.createArgumentArray(ConstructorResolver.java:804) ~[spring-beans-6.2.7.jar:6.2.7]
	at org.springframework.beans.factory.support.ConstructorResolver.instantiateUsingFactoryMethod(ConstructorResolver.java:546) ~[spring-beans-6.2.7.jar:6.2.7]
	at org.springframework.beans.factory.support.AbstractAutowireCapableBeanFactory.instantiateUsingFactoryMethod(AbstractAutowireCapableBeanFactory.java:1375) ~[spring-beans-6.2.7.jar:6.2.7]
	at org.springframework.beans.factory.support.AbstractAutowireCapableBeanFactory.createBeanInstance(AbstractAutowireCapableBeanFactory.java:1205) ~[spring-beans-6.2.7.jar:6.2.7]
	at org.springframework.beans.factory.support.AbstractAutowireCapableBeanFactory.doCreateBean(AbstractAutowireCapableBeanFactory.java:569) ~[spring-beans-6.2.7.jar:6.2.7]
	at org.springframework.beans.factory.support.AbstractAutowireCapableBeanFactory.createBean(AbstractAutowireCapableBeanFactory.java:529) ~[spring-beans-6.2.7.jar:6.2.7]
	at org.springframework.beans.factory.support.AbstractBeanFactory.lambda$doGetBean$0(AbstractBeanFactory.java:339) ~[spring-beans-6.2.7.jar:6.2.7]
	at org.springframework.beans.factory.support.DefaultSingletonBeanRegistry.getSingleton(DefaultSingletonBeanRegistry.java:373) ~[spring-beans-6.2.7.jar:6.2.7]
	at org.springframework.beans.factory.support.AbstractBeanFactory.doGetBean(AbstractBeanFactory.java:337) ~[spring-beans-6.2.7.jar:6.2.7]
	at org.springframework.beans.factory.support.AbstractBeanFactory.getBean(AbstractBeanFactory.java:202) ~[spring-beans-6.2.7.jar:6.2.7]
	at org.springframework.beans.factory.config.DependencyDescriptor.resolveCandidate(DependencyDescriptor.java:254) ~[spring-beans-6.2.7.jar:6.2.7]
	at org.springframework.beans.factory.support.DefaultListableBeanFactory.addCandidateEntry(DefaultListableBeanFactory.java:1992) ~[spring-beans-6.2.7.jar:6.2.7]
	at org.springframework.beans.factory.support.DefaultListableBeanFactory.findAutowireCandidates(DefaultListableBeanFactory.java:1956) ~[spring-beans-6.2.7.jar:6.2.7]
	at org.springframework.beans.factory.support.DefaultListableBeanFactory.resolveMultipleBeanCollection(DefaultListableBeanFactory.java:1846) ~[spring-beans-6.2.7.jar:6.2.7]
	at org.springframework.beans.factory.support.DefaultListableBeanFactory.resolveMultipleBeans(DefaultListableBeanFactory.java:1814) ~[spring-beans-6.2.7.jar:6.2.7]
	at org.springframework.beans.factory.support.DefaultListableBeanFactory.doResolveDependency(DefaultListableBeanFactory.java:1689) ~[spring-beans-6.2.7.jar:6.2.7]
	at org.springframework.beans.factory.support.DefaultListableBeanFactory.resolveDependency(DefaultListableBeanFactory.java:1628) ~[spring-beans-6.2.7.jar:6.2.7]
	at org.springframework.beans.factory.annotation.AutowiredAnnotationBeanPostProcessor$AutowiredMethodElement.resolveMethodArguments(AutowiredAnnotationBeanPostProcessor.java:888) ~[spring-beans-6.2.7.jar:6.2.7]
	... 20 more
Caused by: org.springframework.beans.factory.BeanCreationException: Error creating bean with name 'org.springframework.security.config.annotation.web.configuration.HttpSecurityConfiguration.httpSecurity' defined in class path resource [org/springframework/security/config/annotation/web/configuration/HttpSecurityConfiguration.class]: Failed to instantiate [org.springframework.security.config.annotation.web.builders.HttpSecurity]: Factory method 'httpSecurity' threw exception with message: Error creating bean with name 'userDetailsService' defined in class path resource [com/example/studentsbot/security/SecurityConfig.class]: Failed to instantiate [org.springframework.security.provisioning.InMemoryUserDetailsManager]: Factory method 'userDetailsService' threw exception with message: Cannot invoke "com.example.studentsbot.SecurityProperties.getAdminSec()" because "this.securityProperties" is null
	at org.springframework.beans.factory.support.ConstructorResolver.instantiate(ConstructorResolver.java:657) ~[spring-beans-6.2.7.jar:6.2.7]
	at org.springframework.beans.factory.support.ConstructorResolver.instantiateUsingFactoryMethod(ConstructorResolver.java:489) ~[spring-beans-6.2.7.jar:6.2.7]
	at org.springframework.beans.factory.support.AbstractAutowireCapableBeanFactory.instantiateUsingFactoryMethod(AbstractAutowireCapableBeanFactory.java:1375) ~[spring-beans-6.2.7.jar:6.2.7]
	at org.springframework.beans.factory.support.AbstractAutowireCapableBeanFactory.createBeanInstance(AbstractAutowireCapableBeanFactory.java:1205) ~[spring-beans-6.2.7.jar:6.2.7]
	at org.springframework.beans.factory.support.AbstractAutowireCapableBeanFactory.doCreateBean(AbstractAutowireCapableBeanFactory.java:569) ~[spring-beans-6.2.7.jar:6.2.7]
	at org.springframework.beans.factory.support.AbstractAutowireCapableBeanFactory.createBean(AbstractAutowireCapableBeanFactory.java:529) ~[spring-beans-6.2.7.jar:6.2.7]
	at org.springframework.beans.factory.support.AbstractBeanFactory.doGetBean(AbstractBeanFactory.java:357) ~[spring-beans-6.2.7.jar:6.2.7]
	at org.springframework.beans.factory.support.AbstractBeanFactory.getBean(AbstractBeanFactory.java:202) ~[spring-beans-6.2.7.jar:6.2.7]
	at org.springframework.beans.factory.config.DependencyDescriptor.resolveCandidate(DependencyDescriptor.java:254) ~[spring-beans-6.2.7.jar:6.2.7]
	at org.springframework.beans.factory.support.DefaultListableBeanFactory.doResolveDependency(DefaultListableBeanFactory.java:1740) ~[spring-beans-6.2.7.jar:6.2.7]
	at org.springframework.beans.factory.support.DefaultListableBeanFactory.resolveDependency(DefaultListableBeanFactory.java:1628) ~[spring-beans-6.2.7.jar:6.2.7]
	at org.springframework.beans.factory.support.ConstructorResolver.resolveAutowiredArgument(ConstructorResolver.java:913) ~[spring-beans-6.2.7.jar:6.2.7]
	at org.springframework.beans.factory.support.ConstructorResolver.createArgumentArray(ConstructorResolver.java:791) ~[spring-beans-6.2.7.jar:6.2.7]
	at org.springframework.beans.factory.support.ConstructorResolver.instantiateUsingFactoryMethod(ConstructorResolver.java:546) ~[spring-beans-6.2.7.jar:6.2.7]
	at org.springframework.beans.factory.support.AbstractAutowireCapableBeanFactory.instantiateUsingFactoryMethod(AbstractAutowireCapableBeanFactory.java:1375) ~[spring-beans-6.2.7.jar:6.2.7]
	at org.springframework.beans.factory.support.AbstractAutowireCapableBeanFactory.createBeanInstance(AbstractAutowireCapableBeanFactory.java:1205) ~[spring-beans-6.2.7.jar:6.2.7]
	at org.springframework.beans.factory.support.AbstractAutowireCapableBeanFactory.doCreateBean(AbstractAutowireCapableBeanFactory.java:569) ~[spring-beans-6.2.7.jar:6.2.7]
	at org.springframework.beans.factory.support.AbstractAutowireCapableBeanFactory.createBean(AbstractAutowireCapableBeanFactory.java:529) ~[spring-beans-6.2.7.jar:6.2.7]
	at org.springframework.beans.factory.support.AbstractBeanFactory.lambda$doGetBean$0(AbstractBeanFactory.java:339) ~[spring-beans-6.2.7.jar:6.2.7]
	at org.springframework.beans.factory.support.DefaultSingletonBeanRegistry.getSingleton(DefaultSingletonBeanRegistry.java:373) ~[spring-beans-6.2.7.jar:6.2.7]
	at org.springframework.beans.factory.support.AbstractBeanFactory.doGetBean(AbstractBeanFactory.java:337) ~[spring-beans-6.2.7.jar:6.2.7]
	at org.springframework.beans.factory.support.AbstractBeanFactory.getBean(AbstractBeanFactory.java:202) ~[spring-beans-6.2.7.jar:6.2.7]
	at org.springframework.beans.factory.config.DependencyDescriptor.resolveCandidate(DependencyDescriptor.java:254) ~[spring-beans-6.2.7.jar:6.2.7]
	at org.springframework.beans.factory.support.DefaultListableBeanFactory.addCandidateEntry(DefaultListableBeanFactory.java:1992) ~[spring-beans-6.2.7.jar:6.2.7]
	at org.springframework.beans.factory.support.DefaultListableBeanFactory.findAutowireCandidates(DefaultListableBeanFactory.java:1956) ~[spring-beans-6.2.7.jar:6.2.7]
	at org.springframework.beans.factory.support.DefaultListableBeanFactory.resolveMultipleBeanCollection(DefaultListableBeanFactory.java:1846) ~[spring-beans-6.2.7.jar:6.2.7]
	at org.springframework.beans.factory.support.DefaultListableBeanFactory.resolveMultipleBeans(DefaultListableBeanFactory.java:1814) ~[spring-beans-6.2.7.jar:6.2.7]
	at org.springframework.beans.factory.support.DefaultListableBeanFactory.doResolveDependency(DefaultListableBeanFactory.java:1689) ~[spring-beans-6.2.7.jar:6.2.7]
	at org.springframework.beans.factory.support.DefaultListableBeanFactory.resolveDependency(DefaultListableBeanFactory.java:1628) ~[spring-beans-6.2.7.jar:6.2.7]
	at org.springframework.beans.factory.annotation.AutowiredAnnotationBeanPostProcessor$AutowiredMethodElement.resolveMethodArguments(AutowiredAnnotationBeanPostProcessor.java:888) ~[spring-beans-6.2.7.jar:6.2.7]
	... 20 more
Caused by: org.springframework.beans.BeanInstantiationException: Failed to instantiate [org.springframework.security.config.annotation.web.builders.HttpSecurity]: Factory method 'httpSecurity' threw exception with message: Error creating bean with name 'userDetailsService' defined in class path resource [com/example/studentsbot/security/SecurityConfig.class]: Failed to instantiate [org.springframework.security.provisioning.InMemoryUserDetailsManager]: Factory method 'userDetailsService' threw exception with message: Cannot invoke "com.example.studentsbot.SecurityProperties.getAdminSec()" because "this.securityProperties" is null
	at org.springframework.beans.factory.support.SimpleInstantiationStrategy.lambda$instantiate$0(SimpleInstantiationStrategy.java:199) ~[spring-beans-6.2.7.jar:6.2.7]
	at org.springframework.beans.factory.support.SimpleInstantiationStrategy.instantiateWithFactoryMethod(SimpleInstantiationStrategy.java:88) ~[spring-beans-6.2.7.jar:6.2.7]
	at org.springframework.beans.factory.support.SimpleInstantiationStrategy.instantiate(SimpleInstantiationStrategy.java:168) ~[spring-beans-6.2.7.jar:6.2.7]
	at org.springframework.beans.factory.support.ConstructorResolver.instantiate(ConstructorResolver.java:653) ~[spring-beans-6.2.7.jar:6.2.7]
	at org.springframework.beans.factory.support.ConstructorResolver.instantiateUsingFactoryMethod(ConstructorResolver.java:489) ~[spring-beans-6.2.7.jar:6.2.7]
	at org.springframework.beans.factory.support.AbstractAutowireCapableBeanFactory.instantiateUsingFactoryMethod(AbstractAutowireCapableBeanFactory.java:1375) ~[spring-beans-6.2.7.jar:6.2.7]
	at org.springframework.beans.factory.support.AbstractAutowireCapableBeanFactory.createBeanInstance(AbstractAutowireCapableBeanFactory.java:1205) ~[spring-beans-6.2.7.jar:6.2.7]
	at org.springframework.beans.factory.support.AbstractAutowireCapableBeanFactory.doCreateBean(AbstractAutowireCapableBeanFactory.java:569) ~[spring-beans-6.2.7.jar:6.2.7]
	at org.springframework.beans.factory.support.AbstractAutowireCapableBeanFactory.createBean(AbstractAutowireCapableBeanFactory.java:529) ~[spring-beans-6.2.7.jar:6.2.7]
	at org.springframework.beans.factory.support.AbstractBeanFactory.doGetBean(AbstractBeanFactory.java:357) ~[spring-beans-6.2.7.jar:6.2.7]
	at org.springframework.beans.factory.support.AbstractBeanFactory.getBean(AbstractBeanFactory.java:202) ~[spring-beans-6.2.7.jar:6.2.7]
	at org.springframework.beans.factory.config.DependencyDescriptor.resolveCandidate(DependencyDescriptor.java:254) ~[spring-beans-6.2.7.jar:6.2.7]
	at org.springframework.beans.factory.support.DefaultListableBeanFactory.doResolveDependency(DefaultListableBeanFactory.java:1740) ~[spring-beans-6.2.7.jar:6.2.7]
	at org.springframework.beans.factory.support.DefaultListableBeanFactory.resolveDependency(DefaultListableBeanFactory.java:1628) ~[spring-beans-6.2.7.jar:6.2.7]
	at org.springframework.beans.factory.support.ConstructorResolver.resolveAutowiredArgument(ConstructorResolver.java:913) ~[spring-beans-6.2.7.jar:6.2.7]
	at org.springframework.beans.factory.support.ConstructorResolver.createArgumentArray(ConstructorResolver.java:791) ~[spring-beans-6.2.7.jar:6.2.7]
	at org.springframework.beans.factory.support.ConstructorResolver.instantiateUsingFactoryMethod(ConstructorResolver.java:546) ~[spring-beans-6.2.7.jar:6.2.7]
	at org.springframework.beans.factory.support.AbstractAutowireCapableBeanFactory.instantiateUsingFactoryMethod(AbstractAutowireCapableBeanFactory.java:1375) ~[spring-beans-6.2.7.jar:6.2.7]
	at org.springframework.beans.factory.support.AbstractAutowireCapableBeanFactory.createBeanInstance(AbstractAutowireCapableBeanFactory.java:1205) ~[spring-beans-6.2.7.jar:6.2.7]
	at org.springframework.beans.factory.support.AbstractAutowireCapableBeanFactory.doCreateBean(AbstractAutowireCapableBeanFactory.java:569) ~[spring-beans-6.2.7.jar:6.2.7]
	at org.springframework.beans.factory.support.AbstractAutowireCapableBeanFactory.createBean(AbstractAutowireCapableBeanFactory.java:529) ~[spring-beans-6.2.7.jar:6.2.7]
	at org.springframework.beans.factory.support.AbstractBeanFactory.lambda$doGetBean$0(AbstractBeanFactory.java:339) ~[spring-beans-6.2.7.jar:6.2.7]
	at org.springframework.beans.factory.support.DefaultSingletonBeanRegistry.getSingleton(DefaultSingletonBeanRegistry.java:373) ~[spring-beans-6.2.7.jar:6.2.7]
	at org.springframework.beans.factory.support.AbstractBeanFactory.doGetBean(AbstractBeanFactory.java:337) ~[spring-beans-6.2.7.jar:6.2.7]
	at org.springframework.beans.factory.support.AbstractBeanFactory.getBean(AbstractBeanFactory.java:202) ~[spring-beans-6.2.7.jar:6.2.7]
	at org.springframework.beans.factory.config.DependencyDescriptor.resolveCandidate(DependencyDescriptor.java:254) ~[spring-beans-6.2.7.jar:6.2.7]
	at org.springframework.beans.factory.support.DefaultListableBeanFactory.addCandidateEntry(DefaultListableBeanFactory.java:1992) ~[spring-beans-6.2.7.jar:6.2.7]
	at org.springframework.beans.factory.support.DefaultListableBeanFactory.findAutowireCandidates(DefaultListableBeanFactory.java:1956) ~[spring-beans-6.2.7.jar:6.2.7]
	at org.springframework.beans.factory.support.DefaultListableBeanFactory.resolveMultipleBeanCollection(DefaultListableBeanFactory.java:1846) ~[spring-beans-6.2.7.jar:6.2.7]
	at org.springframework.beans.factory.support.DefaultListableBeanFactory.resolveMultipleBeans(DefaultListableBeanFactory.java:1814) ~[spring-beans-6.2.7.jar:6.2.7]
	at org.springframework.beans.factory.support.DefaultListableBeanFactory.doResolveDependency(DefaultListableBeanFactory.java:1689) ~[spring-beans-6.2.7.jar:6.2.7]
	at org.springframework.beans.factory.support.DefaultListableBeanFactory.resolveDependency(DefaultListableBeanFactory.java:1628) ~[spring-beans-6.2.7.jar:6.2.7]
	at org.springframework.beans.factory.annotation.AutowiredAnnotationBeanPostProcessor$AutowiredMethodElement.resolveMethodArguments(AutowiredAnnotationBeanPostProcessor.java:888) ~[spring-beans-6.2.7.jar:6.2.7]
	... 20 more
Caused by: org.springframework.beans.factory.BeanCreationException: Error creating bean with name 'userDetailsService' defined in class path resource [com/example/studentsbot/security/SecurityConfig.class]: Failed to instantiate [org.springframework.security.provisioning.InMemoryUserDetailsManager]: Factory method 'userDetailsService' threw exception with message: Cannot invoke "com.example.studentsbot.SecurityProperties.getAdminSec()" because "this.securityProperties" is null
	at org.springframework.beans.factory.support.ConstructorResolver.instantiate(ConstructorResolver.java:657) ~[spring-beans-6.2.7.jar:6.2.7]
	at org.springframework.beans.factory.support.ConstructorResolver.instantiateUsingFactoryMethod(ConstructorResolver.java:489) ~[spring-beans-6.2.7.jar:6.2.7]
	at org.springframework.beans.factory.support.AbstractAutowireCapableBeanFactory.instantiateUsingFactoryMethod(AbstractAutowireCapableBeanFactory.java:1375) ~[spring-beans-6.2.7.jar:6.2.7]
	at org.springframework.beans.factory.support.AbstractAutowireCapableBeanFactory.createBeanInstance(AbstractAutowireCapableBeanFactory.java:1205) ~[spring-beans-6.2.7.jar:6.2.7]
	at org.springframework.beans.factory.support.AbstractAutowireCapableBeanFactory.doCreateBean(AbstractAutowireCapableBeanFactory.java:569) ~[spring-beans-6.2.7.jar:6.2.7]
	at org.springframework.beans.factory.support.AbstractAutowireCapableBeanFactory.createBean(AbstractAutowireCapableBeanFactory.java:529) ~[spring-beans-6.2.7.jar:6.2.7]
	at org.springframework.beans.factory.support.AbstractBeanFactory.lambda$doGetBean$0(AbstractBeanFactory.java:339) ~[spring-beans-6.2.7.jar:6.2.7]
	at org.springframework.beans.factory.support.DefaultSingletonBeanRegistry.getSingleton(DefaultSingletonBeanRegistry.java:373) ~[spring-beans-6.2.7.jar:6.2.7]
	at org.springframework.beans.factory.support.AbstractBeanFactory.doGetBean(AbstractBeanFactory.java:337) ~[spring-beans-6.2.7.jar:6.2.7]
	at org.springframework.beans.factory.support.AbstractBeanFactory.getBean(AbstractBeanFactory.java:207) ~[spring-beans-6.2.7.jar:6.2.7]
	at org.springframework.context.support.AbstractApplicationContext.getBean(AbstractApplicationContext.java:1278) ~[spring-context-6.2.7.jar:6.2.7]
	at org.springframework.security.config.annotation.authentication.configuration.InitializeUserDetailsBeanManagerConfigurer$InitializeUserDetailsManagerConfigurer.configure(InitializeUserDetailsBeanManagerConfigurer.java:94) ~[spring-security-config-6.5.0.jar:6.5.0]
	at org.springframework.security.config.annotation.authentication.configuration.InitializeUserDetailsBeanManagerConfigurer$InitializeUserDetailsManagerConfigurer.configure(InitializeUserDetailsBeanManagerConfigurer.java:63) ~[spring-security-config-6.5.0.jar:6.5.0]
	at org.springframework.security.config.annotation.AbstractConfiguredSecurityBuilder.configure(AbstractConfiguredSecurityBuilder.java:398) ~[spring-security-config-6.5.0.jar:6.5.0]
	at org.springframework.security.config.annotation.AbstractConfiguredSecurityBuilder.doBuild(AbstractConfiguredSecurityBuilder.java:352) ~[spring-security-config-6.5.0.jar:6.5.0]
	at org.springframework.security.config.annotation.AbstractSecurityBuilder.build(AbstractSecurityBuilder.java:38) ~[spring-security-config-6.5.0.jar:6.5.0]
	at org.springframework.security.config.annotation.authentication.configuration.AuthenticationConfiguration.getAuthenticationManager(AuthenticationConfiguration.java:121) ~[spring-security-config-6.5.0.jar:6.5.0]
	at org.springframework.security.config.annotation.web.configuration.HttpSecurityConfiguration.authenticationManager(HttpSecurityConfiguration.java:143) ~[spring-security-config-6.5.0.jar:6.5.0]
	at org.springframework.security.config.annotation.web.configuration.HttpSecurityConfiguration.httpSecurity(HttpSecurityConfiguration.java:112) ~[spring-security-config-6.5.0.jar:6.5.0]
	at java.base/jdk.internal.reflect.DirectMethodHandleAccessor.invoke(DirectMethodHandleAccessor.java:103) ~[?:?]
	at java.base/java.lang.reflect.Method.invoke(Method.java:580) ~[?:?]
	at org.springframework.beans.factory.support.SimpleInstantiationStrategy.lambda$instantiate$0(SimpleInstantiationStrategy.java:171) ~[spring-beans-6.2.7.jar:6.2.7]
	at org.springframework.beans.factory.support.SimpleInstantiationStrategy.instantiateWithFactoryMethod(SimpleInstantiationStrategy.java:88) ~[spring-beans-6.2.7.jar:6.2.7]
	at org.springframework.beans.factory.support.SimpleInstantiationStrategy.instantiate(SimpleInstantiationStrategy.java:168) ~[spring-beans-6.2.7.jar:6.2.7]
	at org.springframework.beans.factory.support.ConstructorResolver.instantiate(ConstructorResolver.java:653) ~[spring-beans-6.2.7.jar:6.2.7]
	at org.springframework.beans.factory.support.ConstructorResolver.instantiateUsingFactoryMethod(ConstructorResolver.java:489) ~[spring-beans-6.2.7.jar:6.2.7]
	at org.springframework.beans.factory.support.AbstractAutowireCapableBeanFactory.instantiateUsingFactoryMethod(AbstractAutowireCapableBeanFactory.java:1375) ~[spring-beans-6.2.7.jar:6.2.7]
	at org.springframework.beans.factory.support.AbstractAutowireCapableBeanFactory.createBeanInstance(AbstractAutowireCapableBeanFactory.java:1205) ~[spring-beans-6.2.7.jar:6.2.7]
	at org.springframework.beans.factory.support.AbstractAutowireCapableBeanFactory.doCreateBean(AbstractAutowireCapableBeanFactory.java:569) ~[spring-beans-6.2.7.jar:6.2.7]
	at org.springframework.beans.factory.support.AbstractAutowireCapableBeanFactory.createBean(AbstractAutowireCapableBeanFactory.java:529) ~[spring-beans-6.2.7.jar:6.2.7]
	at org.springframework.beans.factory.support.AbstractBeanFactory.doGetBean(AbstractBeanFactory.java:357) ~[spring-beans-6.2.7.jar:6.2.7]
	at org.springframework.beans.factory.support.AbstractBeanFactory.getBean(AbstractBeanFactory.java:202) ~[spring-beans-6.2.7.jar:6.2.7]
	at org.springframework.beans.factory.config.DependencyDescriptor.resolveCandidate(DependencyDescriptor.java:254) ~[spring-beans-6.2.7.jar:6.2.7]
	at org.springframework.beans.factory.support.DefaultListableBeanFactory.doResolveDependency(DefaultListableBeanFactory.java:1740) ~[spring-beans-6.2.7.jar:6.2.7]
	at org.springframework.beans.factory.support.DefaultListableBeanFactory.resolveDependency(DefaultListableBeanFactory.java:1628) ~[spring-beans-6.2.7.jar:6.2.7]
	at org.springframework.beans.factory.support.ConstructorResolver.resolveAutowiredArgument(ConstructorResolver.java:913) ~[spring-beans-6.2.7.jar:6.2.7]
	at org.springframework.beans.factory.support.ConstructorResolver.createArgumentArray(ConstructorResolver.java:791) ~[spring-beans-6.2.7.jar:6.2.7]
	at org.springframework.beans.factory.support.ConstructorResolver.instantiateUsingFactoryMethod(ConstructorResolver.java:546) ~[spring-beans-6.2.7.jar:6.2.7]
	at org.springframework.beans.factory.support.AbstractAutowireCapableBeanFactory.instantiateUsingFactoryMethod(AbstractAutowireCapableBeanFactory.java:1375) ~[spring-beans-6.2.7.jar:6.2.7]
	at org.springframework.beans.factory.support.AbstractAutowireCapableBeanFactory.createBeanInstance(AbstractAutowireCapableBeanFactory.java:1205) ~[spring-beans-6.2.7.jar:6.2.7]
	at org.springframework.beans.factory.support.AbstractAutowireCapableBeanFactory.doCreateBean(AbstractAutowireCapableBeanFactory.java:569) ~[spring-beans-6.2.7.jar:6.2.7]
	at org.springframework.beans.factory.support.AbstractAutowireCapableBeanFactory.createBean(AbstractAutowireCapableBeanFactory.java:529) ~[spring-beans-6.2.7.jar:6.2.7]
	at org.springframework.beans.factory.support.AbstractBeanFactory.lambda$doGetBean$0(AbstractBeanFactory.java:339) ~[spring-beans-6.2.7.jar:6.2.7]
	at org.springframework.beans.factory.support.DefaultSingletonBeanRegistry.getSingleton(DefaultSingletonBeanRegistry.java:373) ~[spring-beans-6.2.7.jar:6.2.7]
	at org.springframework.beans.factory.support.AbstractBeanFactory.doGetBean(AbstractBeanFactory.java:337) ~[spring-beans-6.2.7.jar:6.2.7]
	at org.springframework.beans.factory.support.AbstractBeanFactory.getBean(AbstractBeanFactory.java:202) ~[spring-beans-6.2.7.jar:6.2.7]
	at org.springframework.beans.factory.config.DependencyDescriptor.resolveCandidate(DependencyDescriptor.java:254) ~[spring-beans-6.2.7.jar:6.2.7]
	at org.springframework.beans.factory.support.DefaultListableBeanFactory.addCandidateEntry(DefaultListableBeanFactory.java:1992) ~[spring-beans-6.2.7.jar:6.2.7]
	at org.springframework.beans.factory.support.DefaultListableBeanFactory.findAutowireCandidates(DefaultListableBeanFactory.java:1956) ~[spring-beans-6.2.7.jar:6.2.7]
	at org.springframework.beans.factory.support.DefaultListableBeanFactory.resolveMultipleBeanCollection(DefaultListableBeanFactory.java:1846) ~[spring-beans-6.2.7.jar:6.2.7]
	at org.springframework.beans.factory.support.DefaultListableBeanFactory.resolveMultipleBeans(DefaultListableBeanFactory.java:1814) ~[spring-beans-6.2.7.jar:6.2.7]
	at org.springframework.beans.factory.support.DefaultListableBeanFactory.doResolveDependency(DefaultListableBeanFactory.java:1689) ~[spring-beans-6.2.7.jar:6.2.7]
	at org.springframework.beans.factory.support.DefaultListableBeanFactory.resolveDependency(DefaultListableBeanFactory.java:1628) ~[spring-beans-6.2.7.jar:6.2.7]
	at org.springframework.beans.factory.annotation.AutowiredAnnotationBeanPostProcessor$AutowiredMethodElement.resolveMethodArguments(AutowiredAnnotationBeanPostProcessor.java:888) ~[spring-beans-6.2.7.jar:6.2.7]
	... 20 more
Caused by: org.springframework.beans.BeanInstantiationException: Failed to instantiate [org.springframework.security.provisioning.InMemoryUserDetailsManager]: Factory method 'userDetailsService' threw exception with message: Cannot invoke "com.example.studentsbot.SecurityProperties.getAdminSec()" because "this.securityProperties" is null
	at org.springframework.beans.factory.support.SimpleInstantiationStrategy.lambda$instantiate$0(SimpleInstantiationStrategy.java:199) ~[spring-beans-6.2.7.jar:6.2.7]
	at org.springframework.beans.factory.support.SimpleInstantiationStrategy.instantiateWithFactoryMethod(SimpleInstantiationStrategy.java:88) ~[spring-beans-6.2.7.jar:6.2.7]
	at org.springframework.beans.factory.support.SimpleInstantiationStrategy.instantiate(SimpleInstantiationStrategy.java:168) ~[spring-beans-6.2.7.jar:6.2.7]
	at org.springframework.beans.factory.support.ConstructorResolver.instantiate(ConstructorResolver.java:653) ~[spring-beans-6.2.7.jar:6.2.7]
	at org.springframework.beans.factory.support.ConstructorResolver.instantiateUsingFactoryMethod(ConstructorResolver.java:489) ~[spring-beans-6.2.7.jar:6.2.7]
	at org.springframework.beans.factory.support.AbstractAutowireCapableBeanFactory.instantiateUsingFactoryMethod(AbstractAutowireCapableBeanFactory.java:1375) ~[spring-beans-6.2.7.jar:6.2.7]
	at org.springframework.beans.factory.support.AbstractAutowireCapableBeanFactory.createBeanInstance(AbstractAutowireCapableBeanFactory.java:1205) ~[spring-beans-6.2.7.jar:6.2.7]
	at org.springframework.beans.factory.support.AbstractAutowireCapableBeanFactory.doCreateBean(AbstractAutowireCapableBeanFactory.java:569) ~[spring-beans-6.2.7.jar:6.2.7]
	at org.springframework.beans.factory.support.AbstractAutowireCapableBeanFactory.createBean(AbstractAutowireCapableBeanFactory.java:529) ~[spring-beans-6.2.7.jar:6.2.7]
	at org.springframework.beans.factory.support.AbstractBeanFactory.lambda$doGetBean$0(AbstractBeanFactory.java:339) ~[spring-beans-6.2.7.jar:6.2.7]
	at org.springframework.beans.factory.support.DefaultSingletonBeanRegistry.getSingleton(DefaultSingletonBeanRegistry.java:373) ~[spring-beans-6.2.7.jar:6.2.7]
	at org.springframework.beans.factory.support.AbstractBeanFactory.doGetBean(AbstractBeanFactory.java:337) ~[spring-beans-6.2.7.jar:6.2.7]
	at org.springframework.beans.factory.support.AbstractBeanFactory.getBean(AbstractBeanFactory.java:207) ~[spring-beans-6.2.7.jar:6.2.7]
	at org.springframework.context.support.AbstractApplicationContext.getBean(AbstractApplicationContext.java:1278) ~[spring-context-6.2.7.jar:6.2.7]
	at org.springframework.security.config.annotation.authentication.configuration.InitializeUserDetailsBeanManagerConfigurer$InitializeUserDetailsManagerConfigurer.configure(InitializeUserDetailsBeanManagerConfigurer.java:94) ~[spring-security-config-6.5.0.jar:6.5.0]
	at org.springframework.security.config.annotation.authentication.configuration.InitializeUserDetailsBeanManagerConfigurer$InitializeUserDetailsManagerConfigurer.configure(InitializeUserDetailsBeanManagerConfigurer.java:63) ~[spring-security-config-6.5.0.jar:6.5.0]
	at org.springframework.security.config.annotation.AbstractConfiguredSecurityBuilder.configure(AbstractConfiguredSecurityBuilder.java:398) ~[spring-security-config-6.5.0.jar:6.5.0]
	at org.springframework.security.config.annotation.AbstractConfiguredSecurityBuilder.doBuild(AbstractConfiguredSecurityBuilder.java:352) ~[spring-security-config-6.5.0.jar:6.5.0]
	at org.springframework.security.config.annotation.AbstractSecurityBuilder.build(AbstractSecurityBuilder.java:38) ~[spring-security-config-6.5.0.jar:6.5.0]
	at org.springframework.security.config.annotation.authentication.configuration.AuthenticationConfiguration.getAuthenticationManager(AuthenticationConfiguration.java:121) ~[spring-security-config-6.5.0.jar:6.5.0]
	at org.springframework.security.config.annotation.web.configuration.HttpSecurityConfiguration.authenticationManager(HttpSecurityConfiguration.java:143) ~[spring-security-config-6.5.0.jar:6.5.0]
	at org.springframework.security.config.annotation.web.configuration.HttpSecurityConfiguration.httpSecurity(HttpSecurityConfiguration.java:112) ~[spring-security-config-6.5.0.jar:6.5.0]
	at java.base/jdk.internal.reflect.DirectMethodHandleAccessor.invoke(DirectMethodHandleAccessor.java:103) ~[?:?]
	at java.base/java.lang.reflect.Method.invoke(Method.java:580) ~[?:?]
	at org.springframework.beans.factory.support.SimpleInstantiationStrategy.lambda$instantiate$0(SimpleInstantiationStrategy.java:171) ~[spring-beans-6.2.7.jar:6.2.7]
	at org.springframework.beans.factory.support.SimpleInstantiationStrategy.instantiateWithFactoryMethod(SimpleInstantiationStrategy.java:88) ~[spring-beans-6.2.7.jar:6.2.7]
	at org.springframework.beans.factory.support.SimpleInstantiationStrategy.instantiate(SimpleInstantiationStrategy.java:168) ~[spring-beans-6.2.7.jar:6.2.7]
	at org.springframework.beans.factory.support.ConstructorResolver.instantiate(ConstructorResolver.java:653) ~[spring-beans-6.2.7.jar:6.2.7]
	at org.springframework.beans.factory.support.ConstructorResolver.instantiateUsingFactoryMethod(ConstructorResolver.java:489) ~[spring-beans-6.2.7.jar:6.2.7]
	at org.springframework.beans.factory.support.AbstractAutowireCapableBeanFactory.instantiateUsingFactoryMethod(AbstractAutowireCapableBeanFactory.java:1375) ~[spring-beans-6.2.7.jar:6.2.7]
	at org.springframework.beans.factory.support.AbstractAutowireCapableBeanFactory.createBeanInstance(AbstractAutowireCapableBeanFactory.java:1205) ~[spring-beans-6.2.7.jar:6.2.7]
	at org.springframework.beans.factory.support.AbstractAutowireCapableBeanFactory.doCreateBean(AbstractAutowireCapableBeanFactory.java:569) ~[spring-beans-6.2.7.jar:6.2.7]
	at org.springframework.beans.factory.support.AbstractAutowireCapableBeanFactory.createBean(AbstractAutowireCapableBeanFactory.java:529) ~[spring-beans-6.2.7.jar:6.2.7]
	at org.springframework.beans.factory.support.AbstractBeanFactory.doGetBean(AbstractBeanFactory.java:357) ~[spring-beans-6.2.7.jar:6.2.7]
	at org.springframework.beans.factory.support.AbstractBeanFactory.getBean(AbstractBeanFactory.java:202) ~[spring-beans-6.2.7.jar:6.2.7]
	at org.springframework.beans.factory.config.DependencyDescriptor.resolveCandidate(DependencyDescriptor.java:254) ~[spring-beans-6.2.7.jar:6.2.7]
	at org.springframework.beans.factory.support.DefaultListableBeanFactory.doResolveDependency(DefaultListableBeanFactory.java:1740) ~[spring-beans-6.2.7.jar:6.2.7]
	at org.springframework.beans.factory.support.DefaultListableBeanFactory.resolveDependency(DefaultListableBeanFactory.java:1628) ~[spring-beans-6.2.7.jar:6.2.7]
	at org.springframework.beans.factory.support.ConstructorResolver.resolveAutowiredArgument(ConstructorResolver.java:913) ~[spring-beans-6.2.7.jar:6.2.7]
	at org.springframework.beans.factory.support.ConstructorResolver.createArgumentArray(ConstructorResolver.java:791) ~[spring-beans-6.2.7.jar:6.2.7]
	at org.springframework.beans.factory.support.ConstructorResolver.instantiateUsingFactoryMethod(ConstructorResolver.java:546) ~[spring-beans-6.2.7.jar:6.2.7]
	at org.springframework.beans.factory.support.AbstractAutowireCapableBeanFactory.instantiateUsingFactoryMethod(AbstractAutowireCapableBeanFactory.java:1375) ~[spring-beans-6.2.7.jar:6.2.7]
	at org.springframework.beans.factory.support.AbstractAutowireCapableBeanFactory.createBeanInstance(AbstractAutowireCapableBeanFactory.java:1205) ~[spring-beans-6.2.7.jar:6.2.7]
	at org.springframework.beans.factory.support.AbstractAutowireCapableBeanFactory.doCreateBean(AbstractAutowireCapableBeanFactory.java:569) ~[spring-beans-6.2.7.jar:6.2.7]
	at org.springframework.beans.factory.support.AbstractAutowireCapableBeanFactory.createBean(AbstractAutowireCapableBeanFactory.java:529) ~[spring-beans-6.2.7.jar:6.2.7]
	at org.springframework.beans.factory.support.AbstractBeanFactory.lambda$doGetBean$0(AbstractBeanFactory.java:339) ~[spring-beans-6.2.7.jar:6.2.7]
	at org.springframework.beans.factory.support.DefaultSingletonBeanRegistry.getSingleton(DefaultSingletonBeanRegistry.java:373) ~[spring-beans-6.2.7.jar:6.2.7]
	at org.springframework.beans.factory.support.AbstractBeanFactory.doGetBean(AbstractBeanFactory.java:337) ~[spring-beans-6.2.7.jar:6.2.7]
	at org.springframework.beans.factory.support.AbstractBeanFactory.getBean(AbstractBeanFactory.java:202) ~[spring-beans-6.2.7.jar:6.2.7]
	at org.springframework.beans.factory.config.DependencyDescriptor.resolveCandidate(DependencyDescriptor.java:254) ~[spring-beans-6.2.7.jar:6.2.7]
	at org.springframework.beans.factory.support.DefaultListableBeanFactory.addCandidateEntry(DefaultListableBeanFactory.java:1992) ~[spring-beans-6.2.7.jar:6.2.7]
	at org.springframework.beans.factory.support.DefaultListableBeanFactory.findAutowireCandidates(DefaultListableBeanFactory.java:1956) ~[spring-beans-6.2.7.jar:6.2.7]
	at org.springframework.beans.factory.support.DefaultListableBeanFactory.resolveMultipleBeanCollection(DefaultListableBeanFactory.java:1846) ~[spring-beans-6.2.7.jar:6.2.7]
	at org.springframework.beans.factory.support.DefaultListableBeanFactory.resolveMultipleBeans(DefaultListableBeanFactory.java:1814) ~[spring-beans-6.2.7.jar:6.2.7]
	at org.springframework.beans.factory.support.DefaultListableBeanFactory.doResolveDependency(DefaultListableBeanFactory.java:1689) ~[spring-beans-6.2.7.jar:6.2.7]
	at org.springframework.beans.factory.support.DefaultListableBeanFactory.resolveDependency(DefaultListableBeanFactory.java:1628) ~[spring-beans-6.2.7.jar:6.2.7]
	at org.springframework.beans.factory.annotation.AutowiredAnnotationBeanPostProcessor$AutowiredMethodElement.resolveMethodArguments(AutowiredAnnotationBeanPostProcessor.java:888) ~[spring-beans-6.2.7.jar:6.2.7]
	... 20 more
Caused by: java.lang.NullPointerException: Cannot invoke "com.example.studentsbot.SecurityProperties.getAdminSec()" because "this.securityProperties" is null
	at com.example.studentsbot.security.SecurityConfig.userDetailsService(SecurityConfig.java:50) ~[classes/:?]
	at com.example.studentsbot.security.SecurityConfig$$SpringCGLIB$$0.CGLIB$userDetailsService$0(<generated>) ~[classes/:?]
	at com.example.studentsbot.security.SecurityConfig$$SpringCGLIB$$FastClass$$1.invoke(<generated>) ~[classes/:?]
	at org.springframework.cglib.proxy.MethodProxy.invokeSuper(MethodProxy.java:258) ~[spring-core-6.2.7.jar:6.2.7]
	at org.springframework.context.annotation.ConfigurationClassEnhancer$BeanMethodInterceptor.intercept(ConfigurationClassEnhancer.java:393) ~[spring-context-6.2.7.jar:6.2.7]
	at com.example.studentsbot.security.SecurityConfig$$SpringCGLIB$$0.userDetailsService(<generated>) ~[classes/:?]
	at java.base/jdk.internal.reflect.DirectMethodHandleAccessor.invoke(DirectMethodHandleAccessor.java:103) ~[?:?]
	at java.base/java.lang.reflect.Method.invoke(Method.java:580) ~[?:?]
	at org.springframework.beans.factory.support.SimpleInstantiationStrategy.lambda$instantiate$0(SimpleInstantiationStrategy.java:171) ~[spring-beans-6.2.7.jar:6.2.7]
	at org.springframework.beans.factory.support.SimpleInstantiationStrategy.instantiateWithFactoryMethod(SimpleInstantiationStrategy.java:88) ~[spring-beans-6.2.7.jar:6.2.7]
	at org.springframework.beans.factory.support.SimpleInstantiationStrategy.instantiate(SimpleInstantiationStrategy.java:168) ~[spring-beans-6.2.7.jar:6.2.7]
	at org.springframework.beans.factory.support.ConstructorResolver.instantiate(ConstructorResolver.java:653) ~[spring-beans-6.2.7.jar:6.2.7]
	at org.springframework.beans.factory.support.ConstructorResolver.instantiateUsingFactoryMethod(ConstructorResolver.java:489) ~[spring-beans-6.2.7.jar:6.2.7]
	at org.springframework.beans.factory.support.AbstractAutowireCapableBeanFactory.instantiateUsingFactoryMethod(AbstractAutowireCapableBeanFactory.java:1375) ~[spring-beans-6.2.7.jar:6.2.7]
	at org.springframework.beans.factory.support.AbstractAutowireCapableBeanFactory.createBeanInstance(AbstractAutowireCapableBeanFactory.java:1205) ~[spring-beans-6.2.7.jar:6.2.7]
	at org.springframework.beans.factory.support.AbstractAutowireCapableBeanFactory.doCreateBean(AbstractAutowireCapableBeanFactory.java:569) ~[spring-beans-6.2.7.jar:6.2.7]
	at org.springframework.beans.factory.support.AbstractAutowireCapableBeanFactory.createBean(AbstractAutowireCapableBeanFactory.java:529) ~[spring-beans-6.2.7.jar:6.2.7]
	at org.springframework.beans.factory.support.AbstractBeanFactory.lambda$doGetBean$0(AbstractBeanFactory.java:339) ~[spring-beans-6.2.7.jar:6.2.7]
	at org.springframework.beans.factory.support.DefaultSingletonBeanRegistry.getSingleton(DefaultSingletonBeanRegistry.java:373) ~[spring-beans-6.2.7.jar:6.2.7]
	at org.springframework.beans.factory.support.AbstractBeanFactory.doGetBean(AbstractBeanFactory.java:337) ~[spring-beans-6.2.7.jar:6.2.7]
	at org.springframework.beans.factory.support.AbstractBeanFactory.getBean(AbstractBeanFactory.java:207) ~[spring-beans-6.2.7.jar:6.2.7]
	at org.springframework.context.support.AbstractApplicationContext.getBean(AbstractApplicationContext.java:1278) ~[spring-context-6.2.7.jar:6.2.7]
	at org.springframework.security.config.annotation.authentication.configuration.InitializeUserDetailsBeanManagerConfigurer$InitializeUserDetailsManagerConfigurer.configure(InitializeUserDetailsBeanManagerConfigurer.java:94) ~[spring-security-config-6.5.0.jar:6.5.0]
	at org.springframework.security.config.annotation.authentication.configuration.InitializeUserDetailsBeanManagerConfigurer$InitializeUserDetailsManagerConfigurer.configure(InitializeUserDetailsBeanManagerConfigurer.java:63) ~[spring-security-config-6.5.0.jar:6.5.0]
	at org.springframework.security.config.annotation.AbstractConfiguredSecurityBuilder.configure(AbstractConfiguredSecurityBuilder.java:398) ~[spring-security-config-6.5.0.jar:6.5.0]
	at org.springframework.security.config.annotation.AbstractConfiguredSecurityBuilder.doBuild(AbstractConfiguredSecurityBuilder.java:352) ~[spring-security-config-6.5.0.jar:6.5.0]
	at org.springframework.security.config.annotation.AbstractSecurityBuilder.build(AbstractSecurityBuilder.java:38) ~[spring-security-config-6.5.0.jar:6.5.0]
	at org.springframework.security.config.annotation.authentication.configuration.AuthenticationConfiguration.getAuthenticationManager(AuthenticationConfiguration.java:121) ~[spring-security-config-6.5.0.jar:6.5.0]
	at org.springframework.security.config.annotation.web.configuration.HttpSecurityConfiguration.authenticationManager(HttpSecurityConfiguration.java:143) ~[spring-security-config-6.5.0.jar:6.5.0]
	at org.springframework.security.config.annotation.web.configuration.HttpSecurityConfiguration.httpSecurity(HttpSecurityConfiguration.java:112) ~[spring-security-config-6.5.0.jar:6.5.0]
	at java.base/jdk.internal.reflect.DirectMethodHandleAccessor.invoke(DirectMethodHandleAccessor.java:103) ~[?:?]
	at java.base/java.lang.reflect.Method.invoke(Method.java:580) ~[?:?]
	at org.springframework.beans.factory.support.SimpleInstantiationStrategy.lambda$instantiate$0(SimpleInstantiationStrategy.java:171) ~[spring-beans-6.2.7.jar:6.2.7]
	at org.springframework.beans.factory.support.SimpleInstantiationStrategy.instantiateWithFactoryMethod(SimpleInstantiationStrategy.java:88) ~[spring-beans-6.2.7.jar:6.2.7]
	at org.springframework.beans.factory.support.SimpleInstantiationStrategy.instantiate(SimpleInstantiationStrategy.java:168) ~[spring-beans-6.2.7.jar:6.2.7]
	at org.springframework.beans.factory.support.ConstructorResolver.instantiate(ConstructorResolver.java:653) ~[spring-beans-6.2.7.jar:6.2.7]
	at org.springframework.beans.factory.support.ConstructorResolver.instantiateUsingFactoryMethod(ConstructorResolver.java:489) ~[spring-beans-6.2.7.jar:6.2.7]
	at org.springframework.beans.factory.support.AbstractAutowireCapableBeanFactory.instantiateUsingFactoryMethod(AbstractAutowireCapableBeanFactory.java:1375) ~[spring-beans-6.2.7.jar:6.2.7]
	at org.springframework.beans.factory.support.AbstractAutowireCapableBeanFactory.createBeanInstance(AbstractAutowireCapableBeanFactory.java:1205) ~[spring-beans-6.2.7.jar:6.2.7]
	at org.springframework.beans.factory.support.AbstractAutowireCapableBeanFactory.doCreateBean(AbstractAutowireCapableBeanFactory.java:569) ~[spring-beans-6.2.7.jar:6.2.7]
	at org.springframework.beans.factory.support.AbstractAutowireCapableBeanFactory.createBean(AbstractAutowireCapableBeanFactory.java:529) ~[spring-beans-6.2.7.jar:6.2.7]
	at org.springframework.beans.factory.support.AbstractBeanFactory.doGetBean(AbstractBeanFactory.java:357) ~[spring-beans-6.2.7.jar:6.2.7]
	at org.springframework.beans.factory.support.AbstractBeanFactory.getBean(AbstractBeanFactory.java:202) ~[spring-beans-6.2.7.jar:6.2.7]
	at org.springframework.beans.factory.config.DependencyDescriptor.resolveCandidate(DependencyDescriptor.java:254) ~[spring-beans-6.2.7.jar:6.2.7]
	at org.springframework.beans.factory.support.DefaultListableBeanFactory.doResolveDependency(DefaultListableBeanFactory.java:1740) ~[spring-beans-6.2.7.jar:6.2.7]
	at org.springframework.beans.factory.support.DefaultListableBeanFactory.resolveDependency(DefaultListableBeanFactory.java:1628) ~[spring-beans-6.2.7.jar:6.2.7]
	at org.springframework.beans.factory.support.ConstructorResolver.resolveAutowiredArgument(ConstructorResolver.java:913) ~[spring-beans-6.2.7.jar:6.2.7]
	at org.springframework.beans.factory.support.ConstructorResolver.createArgumentArray(ConstructorResolver.java:791) ~[spring-beans-6.2.7.jar:6.2.7]
	at org.springframework.beans.factory.support.ConstructorResolver.instantiateUsingFactoryMethod(ConstructorResolver.java:546) ~[spring-beans-6.2.7.jar:6.2.7]
	at org.springframework.beans.factory.support.AbstractAutowireCapableBeanFactory.instantiateUsingFactoryMethod(AbstractAutowireCapableBeanFactory.java:1375) ~[spring-beans-6.2.7.jar:6.2.7]
	at org.springframework.beans.factory.support.AbstractAutowireCapableBeanFactory.createBeanInstance(AbstractAutowireCapableBeanFactory.java:1205) ~[spring-beans-6.2.7.jar:6.2.7]
	at org.springframework.beans.factory.support.AbstractAutowireCapableBeanFactory.doCreateBean(AbstractAutowireCapableBeanFactory.java:569) ~[spring-beans-6.2.7.jar:6.2.7]
	at org.springframework.beans.factory.support.AbstractAutowireCapableBeanFactory.createBean(AbstractAutowireCapableBeanFactory.java:529) ~[spring-beans-6.2.7.jar:6.2.7]
	at org.springframework.beans.factory.support.AbstractBeanFactory.lambda$doGetBean$0(AbstractBeanFactory.java:339) ~[spring-beans-6.2.7.jar:6.2.7]
	at org.springframework.beans.factory.support.DefaultSingletonBeanRegistry.getSingleton(DefaultSingletonBeanRegistry.java:373) ~[spring-beans-6.2.7.jar:6.2.7]
	at org.springframework.beans.factory.support.AbstractBeanFactory.doGetBean(AbstractBeanFactory.java:337) ~[spring-beans-6.2.7.jar:6.2.7]
	at org.springframework.beans.factory.support.AbstractBeanFactory.getBean(AbstractBeanFactory.java:202) ~[spring-beans-6.2.7.jar:6.2.7]
	at org.springframework.beans.factory.config.DependencyDescriptor.resolveCandidate(DependencyDescriptor.java:254) ~[spring-beans-6.2.7.jar:6.2.7]
	at org.springframework.beans.factory.support.DefaultListableBeanFactory.addCandidateEntry(DefaultListableBeanFactory.java:1992) ~[spring-beans-6.2.7.jar:6.2.7]
	at org.springframework.beans.factory.support.DefaultListableBeanFactory.findAutowireCandidates(DefaultListableBeanFactory.java:1956) ~[spring-beans-6.2.7.jar:6.2.7]
	at org.springframework.beans.factory.support.DefaultListableBeanFactory.resolveMultipleBeanCollection(DefaultListableBeanFactory.java:1846) ~[spring-beans-6.2.7.jar:6.2.7]
	at org.springframework.beans.factory.support.DefaultListableBeanFactory.resolveMultipleBeans(DefaultListableBeanFactory.java:1814) ~[spring-beans-6.2.7.jar:6.2.7]
	at org.springframework.beans.factory.support.DefaultListableBeanFactory.doResolveDependency(DefaultListableBeanFactory.java:1689) ~[spring-beans-6.2.7.jar:6.2.7]
	at org.springframework.beans.factory.support.DefaultListableBeanFactory.resolveDependency(DefaultListableBeanFactory.java:1628) ~[spring-beans-6.2.7.jar:6.2.7]
	at org.springframework.beans.factory.annotation.AutowiredAnnotationBeanPostProcessor$AutowiredMethodElement.resolveMethodArguments(AutowiredAnnotationBeanPostProcessor.java:888) ~[spring-beans-6.2.7.jar:6.2.7]
	... 20 more
2025-07-31 15:46:53.253 [main] INFO  com.example.studentsbot.Main - Starting Main using Java 23.0.2 with PID 16368 (C:\Users\Serge\Documents\Bot\work\stud_tg\StudentsBot\StudentsBot\target\classes started by Serge in C:\Users\Serge\Documents\Bot\work\stud_tg)
2025-07-31 15:46:53.300 [main] DEBUG com.example.studentsbot.Main - Running with Spring Boot v3.5.0, Spring v6.2.7
2025-07-31 15:46:53.306 [main] INFO  com.example.studentsbot.Main - No active profile set, falling back to 1 default profile: "default"
2025-07-31 15:46:56.116 [main] INFO  org.springframework.data.repository.config.RepositoryConfigurationDelegate - Bootstrapping Spring Data JPA repositories in DEFAULT mode.
2025-07-31 15:46:56.298 [main] INFO  org.springframework.data.repository.config.RepositoryConfigurationDelegate - Finished Spring Data repository scanning in 154 ms. Found 2 JPA repository interfaces.
2025-07-31 15:46:58.048 [main] INFO  org.springframework.boot.web.embedded.tomcat.TomcatWebServer - Tomcat initialized with port 8080 (http)
2025-07-31 15:46:58.093 [main] INFO  org.apache.coyote.http11.Http11NioProtocol - Initializing ProtocolHandler ["http-nio-0.0.0.0-8080"]
2025-07-31 15:46:58.117 [main] INFO  org.apache.catalina.core.StandardService - Starting service [Tomcat]
2025-07-31 15:46:58.118 [main] INFO  org.apache.catalina.core.StandardEngine - Starting Servlet engine: [Apache Tomcat/10.1.41]
2025-07-31 15:46:58.377 [main] INFO  org.apache.catalina.core.ContainerBase.[Tomcat].[localhost].[/] - Initializing Spring embedded WebApplicationContext
2025-07-31 15:46:58.384 [main] INFO  org.springframework.boot.web.servlet.context.ServletWebServerApplicationContext - Root WebApplicationContext: initialization completed in 4829 ms
2025-07-31 15:46:58.966 [main] INFO  com.zaxxer.hikari.HikariDataSource - HikariPool-1 - Starting...
2025-07-31 15:46:59.477 [main] INFO  com.zaxxer.hikari.pool.HikariPool - HikariPool-1 - Added connection org.postgresql.jdbc.PgConnection@7fc7152e
2025-07-31 15:46:59.481 [main] INFO  com.zaxxer.hikari.HikariDataSource - HikariPool-1 - Start completed.
2025-07-31 15:46:59.993 [main] INFO  liquibase.database - Set default schema name to public
2025-07-31 15:47:01.328 [main] INFO  liquibase.changelog - Reading from public.databasechangelog
2025-07-31 15:47:01.574 [main] INFO  liquibase.ui - Database is up to date, no changesets to execute
2025-07-31 15:47:01.598 [main] INFO  liquibase.changelog - Reading from public.databasechangelog
2025-07-31 15:47:01.649 [main] INFO  liquibase.util - UPDATE SUMMARY
2025-07-31 15:47:01.649 [main] INFO  liquibase.util - Run:                          0
2025-07-31 15:47:01.650 [main] INFO  liquibase.util - Previously run:               4
2025-07-31 15:47:01.650 [main] INFO  liquibase.util - Filtered out:                 0
2025-07-31 15:47:01.650 [main] INFO  liquibase.util - -------------------------------
2025-07-31 15:47:01.651 [main] INFO  liquibase.util - Total change sets:            4
2025-07-31 15:47:01.654 [main] INFO  liquibase.util - Update summary generated
2025-07-31 15:47:01.658 [main] INFO  liquibase.command - Command execution complete
2025-07-31 15:47:03.043 [main] INFO  org.hibernate.jpa.internal.util.LogHelper - HHH000204: Processing PersistenceUnitInfo [name: default]
2025-07-31 15:47:03.234 [main] INFO  org.hibernate.Version - HHH000412: Hibernate ORM core version 6.6.15.Final
2025-07-31 15:47:03.374 [main] INFO  org.hibernate.cache.internal.RegionFactoryInitiator - HHH000026: Second-level cache disabled
2025-07-31 15:47:04.186 [main] INFO  org.springframework.orm.jpa.persistenceunit.SpringPersistenceUnitInfo - No LoadTimeWeaver setup: ignoring JPA class transformer
2025-07-31 15:47:04.467 [main] INFO  org.hibernate.orm.connections.pooling - HHH10001005: Database info:
	Database JDBC URL [Connecting through datasource 'HikariDataSource (HikariPool-1)']
	Database driver: undefined/unknown
	Database version: 17.5
	Autocommit mode: undefined/unknown
	Isolation level: undefined/unknown
	Minimum pool size: undefined/unknown
	Maximum pool size: undefined/unknown
2025-07-31 15:47:06.266 [main] INFO  org.hibernate.engine.transaction.jta.platform.internal.JtaPlatformInitiator - HHH000489: No JTA platform available (set 'hibernate.transaction.jta.platform' to enable JTA platform integration)
2025-07-31 15:47:06.393 [main] INFO  org.springframework.orm.jpa.LocalContainerEntityManagerFactoryBean - Initialized JPA EntityManagerFactory for persistence unit 'default'
2025-07-31 15:47:08.504 [main] WARN  org.springframework.boot.autoconfigure.orm.jpa.JpaBaseConfiguration$JpaWebConfiguration - spring.jpa.open-in-view is enabled by default. Therefore, database queries may be performed during view rendering. Explicitly configure spring.jpa.open-in-view to disable this warning
2025-07-31 15:47:08.624 [main] INFO  org.springframework.boot.autoconfigure.web.servlet.WelcomePageHandlerMapping - Adding welcome page: class path resource [static/index.html]
2025-07-31 15:47:09.265 [main] WARN  org.springframework.boot.web.servlet.context.AnnotationConfigServletWebServerApplicationContext - Exception encountered during context initialization - cancelling refresh attempt: org.springframework.beans.factory.UnsatisfiedDependencyException: Error creating bean with name 'org.springframework.security.config.annotation.web.configuration.WebSecurityConfiguration': Unsatisfied dependency expressed through method 'setFilterChains' parameter 0: Error creating bean with name 'securityFilterChain' defined in class path resource [com/example/studentsbot/security/SecurityConfig.class]: Unsatisfied dependency expressed through method 'securityFilterChain' parameter 0: Error creating bean with name 'org.springframework.security.config.annotation.web.configuration.HttpSecurityConfiguration.httpSecurity' defined in class path resource [org/springframework/security/config/annotation/web/configuration/HttpSecurityConfiguration.class]: Failed to instantiate [org.springframework.security.config.annotation.web.builders.HttpSecurity]: Factory method 'httpSecurity' threw exception with message: Error creating bean with name 'userDetailsService' defined in class path resource [com/example/studentsbot/security/SecurityConfig.class]: Failed to instantiate [org.springframework.security.provisioning.InMemoryUserDetailsManager]: Factory method 'userDetailsService' threw exception with message: Cannot invoke "com.example.studentsbot.SecurityProperties.getAdminSec()" because "this.securityProperties" is null
2025-07-31 15:47:09.267 [main] INFO  org.springframework.orm.jpa.LocalContainerEntityManagerFactoryBean - Closing JPA EntityManagerFactory for persistence unit 'default'
2025-07-31 15:47:09.274 [main] INFO  com.zaxxer.hikari.HikariDataSource - HikariPool-1 - Shutdown initiated...
2025-07-31 15:47:09.282 [main] INFO  com.zaxxer.hikari.HikariDataSource - HikariPool-1 - Shutdown completed.
2025-07-31 15:47:09.287 [main] INFO  org.apache.catalina.core.StandardService - Stopping service [Tomcat]
2025-07-31 15:47:09.314 [main] INFO  org.springframework.boot.autoconfigure.logging.ConditionEvaluationReportLogger - 

Error starting ApplicationContext. To display the condition evaluation report re-run your application with 'debug' enabled.
2025-07-31 15:47:09.382 [main] ERROR org.springframework.boot.SpringApplication - Application run failed
org.springframework.beans.factory.UnsatisfiedDependencyException: Error creating bean with name 'org.springframework.security.config.annotation.web.configuration.WebSecurityConfiguration': Unsatisfied dependency expressed through method 'setFilterChains' parameter 0: Error creating bean with name 'securityFilterChain' defined in class path resource [com/example/studentsbot/security/SecurityConfig.class]: Unsatisfied dependency expressed through method 'securityFilterChain' parameter 0: Error creating bean with name 'org.springframework.security.config.annotation.web.configuration.HttpSecurityConfiguration.httpSecurity' defined in class path resource [org/springframework/security/config/annotation/web/configuration/HttpSecurityConfiguration.class]: Failed to instantiate [org.springframework.security.config.annotation.web.builders.HttpSecurity]: Factory method 'httpSecurity' threw exception with message: Error creating bean with name 'userDetailsService' defined in class path resource [com/example/studentsbot/security/SecurityConfig.class]: Failed to instantiate [org.springframework.security.provisioning.InMemoryUserDetailsManager]: Factory method 'userDetailsService' threw exception with message: Cannot invoke "com.example.studentsbot.SecurityProperties.getAdminSec()" because "this.securityProperties" is null
	at org.springframework.beans.factory.annotation.AutowiredAnnotationBeanPostProcessor$AutowiredMethodElement.resolveMethodArguments(AutowiredAnnotationBeanPostProcessor.java:896) ~[spring-beans-6.2.7.jar:6.2.7]
	at org.springframework.beans.factory.annotation.AutowiredAnnotationBeanPostProcessor$AutowiredMethodElement.inject(AutowiredAnnotationBeanPostProcessor.java:849) ~[spring-beans-6.2.7.jar:6.2.7]
	at org.springframework.beans.factory.annotation.InjectionMetadata.inject(InjectionMetadata.java:146) ~[spring-beans-6.2.7.jar:6.2.7]
	at org.springframework.beans.factory.annotation.AutowiredAnnotationBeanPostProcessor.postProcessProperties(AutowiredAnnotationBeanPostProcessor.java:509) ~[spring-beans-6.2.7.jar:6.2.7]
	at org.springframework.beans.factory.support.AbstractAutowireCapableBeanFactory.populateBean(AbstractAutowireCapableBeanFactory.java:1459) ~[spring-beans-6.2.7.jar:6.2.7]
	at org.springframework.beans.factory.support.AbstractAutowireCapableBeanFactory.doCreateBean(AbstractAutowireCapableBeanFactory.java:606) ~[spring-beans-6.2.7.jar:6.2.7]
	at org.springframework.beans.factory.support.AbstractAutowireCapableBeanFactory.createBean(AbstractAutowireCapableBeanFactory.java:529) ~[spring-beans-6.2.7.jar:6.2.7]
	at org.springframework.beans.factory.support.AbstractBeanFactory.lambda$doGetBean$0(AbstractBeanFactory.java:339) ~[spring-beans-6.2.7.jar:6.2.7]
	at org.springframework.beans.factory.support.DefaultSingletonBeanRegistry.getSingleton(DefaultSingletonBeanRegistry.java:373) ~[spring-beans-6.2.7.jar:6.2.7]
	at org.springframework.beans.factory.support.AbstractBeanFactory.doGetBean(AbstractBeanFactory.java:337) ~[spring-beans-6.2.7.jar:6.2.7]
	at org.springframework.beans.factory.support.AbstractBeanFactory.getBean(AbstractBeanFactory.java:202) ~[spring-beans-6.2.7.jar:6.2.7]
	at org.springframework.beans.factory.support.DefaultListableBeanFactory.instantiateSingleton(DefaultListableBeanFactory.java:1222) ~[spring-beans-6.2.7.jar:6.2.7]
	at org.springframework.beans.factory.support.DefaultListableBeanFactory.preInstantiateSingleton(DefaultListableBeanFactory.java:1188) ~[spring-beans-6.2.7.jar:6.2.7]
	at org.springframework.beans.factory.support.DefaultListableBeanFactory.preInstantiateSingletons(DefaultListableBeanFactory.java:1123) ~[spring-beans-6.2.7.jar:6.2.7]
	at org.springframework.context.support.AbstractApplicationContext.finishBeanFactoryInitialization(AbstractApplicationContext.java:987) ~[spring-context-6.2.7.jar:6.2.7]
	at org.springframework.context.support.AbstractApplicationContext.refresh(AbstractApplicationContext.java:627) ~[spring-context-6.2.7.jar:6.2.7]
	at org.springframework.boot.web.servlet.context.ServletWebServerApplicationContext.refresh(ServletWebServerApplicationContext.java:146) ~[spring-boot-3.5.0.jar:3.5.0]
	at org.springframework.boot.SpringApplication.refresh(SpringApplication.java:753) [spring-boot-3.5.0.jar:3.5.0]
	at org.springframework.boot.SpringApplication.refreshContext(SpringApplication.java:439) [spring-boot-3.5.0.jar:3.5.0]
	at org.springframework.boot.SpringApplication.run(SpringApplication.java:318) [spring-boot-3.5.0.jar:3.5.0]
	at com.example.studentsbot.Main.main(Main.java:42) [classes/:?]
Caused by: org.springframework.beans.factory.UnsatisfiedDependencyException: Error creating bean with name 'securityFilterChain' defined in class path resource [com/example/studentsbot/security/SecurityConfig.class]: Unsatisfied dependency expressed through method 'securityFilterChain' parameter 0: Error creating bean with name 'org.springframework.security.config.annotation.web.configuration.HttpSecurityConfiguration.httpSecurity' defined in class path resource [org/springframework/security/config/annotation/web/configuration/HttpSecurityConfiguration.class]: Failed to instantiate [org.springframework.security.config.annotation.web.builders.HttpSecurity]: Factory method 'httpSecurity' threw exception with message: Error creating bean with name 'userDetailsService' defined in class path resource [com/example/studentsbot/security/SecurityConfig.class]: Failed to instantiate [org.springframework.security.provisioning.InMemoryUserDetailsManager]: Factory method 'userDetailsService' threw exception with message: Cannot invoke "com.example.studentsbot.SecurityProperties.getAdminSec()" because "this.securityProperties" is null
	at org.springframework.beans.factory.support.ConstructorResolver.createArgumentArray(ConstructorResolver.java:804) ~[spring-beans-6.2.7.jar:6.2.7]
	at org.springframework.beans.factory.support.ConstructorResolver.instantiateUsingFactoryMethod(ConstructorResolver.java:546) ~[spring-beans-6.2.7.jar:6.2.7]
	at org.springframework.beans.factory.support.AbstractAutowireCapableBeanFactory.instantiateUsingFactoryMethod(AbstractAutowireCapableBeanFactory.java:1375) ~[spring-beans-6.2.7.jar:6.2.7]
	at org.springframework.beans.factory.support.AbstractAutowireCapableBeanFactory.createBeanInstance(AbstractAutowireCapableBeanFactory.java:1205) ~[spring-beans-6.2.7.jar:6.2.7]
	at org.springframework.beans.factory.support.AbstractAutowireCapableBeanFactory.doCreateBean(AbstractAutowireCapableBeanFactory.java:569) ~[spring-beans-6.2.7.jar:6.2.7]
	at org.springframework.beans.factory.support.AbstractAutowireCapableBeanFactory.createBean(AbstractAutowireCapableBeanFactory.java:529) ~[spring-beans-6.2.7.jar:6.2.7]
	at org.springframework.beans.factory.support.AbstractBeanFactory.lambda$doGetBean$0(AbstractBeanFactory.java:339) ~[spring-beans-6.2.7.jar:6.2.7]
	at org.springframework.beans.factory.support.DefaultSingletonBeanRegistry.getSingleton(DefaultSingletonBeanRegistry.java:373) ~[spring-beans-6.2.7.jar:6.2.7]
	at org.springframework.beans.factory.support.AbstractBeanFactory.doGetBean(AbstractBeanFactory.java:337) ~[spring-beans-6.2.7.jar:6.2.7]
	at org.springframework.beans.factory.support.AbstractBeanFactory.getBean(AbstractBeanFactory.java:202) ~[spring-beans-6.2.7.jar:6.2.7]
	at org.springframework.beans.factory.config.DependencyDescriptor.resolveCandidate(DependencyDescriptor.java:254) ~[spring-beans-6.2.7.jar:6.2.7]
	at org.springframework.beans.factory.support.DefaultListableBeanFactory.addCandidateEntry(DefaultListableBeanFactory.java:1992) ~[spring-beans-6.2.7.jar:6.2.7]
	at org.springframework.beans.factory.support.DefaultListableBeanFactory.findAutowireCandidates(DefaultListableBeanFactory.java:1956) ~[spring-beans-6.2.7.jar:6.2.7]
	at org.springframework.beans.factory.support.DefaultListableBeanFactory.resolveMultipleBeanCollection(DefaultListableBeanFactory.java:1846) ~[spring-beans-6.2.7.jar:6.2.7]
	at org.springframework.beans.factory.support.DefaultListableBeanFactory.resolveMultipleBeans(DefaultListableBeanFactory.java:1814) ~[spring-beans-6.2.7.jar:6.2.7]
	at org.springframework.beans.factory.support.DefaultListableBeanFactory.doResolveDependency(DefaultListableBeanFactory.java:1689) ~[spring-beans-6.2.7.jar:6.2.7]
	at org.springframework.beans.factory.support.DefaultListableBeanFactory.resolveDependency(DefaultListableBeanFactory.java:1628) ~[spring-beans-6.2.7.jar:6.2.7]
	at org.springframework.beans.factory.annotation.AutowiredAnnotationBeanPostProcessor$AutowiredMethodElement.resolveMethodArguments(AutowiredAnnotationBeanPostProcessor.java:888) ~[spring-beans-6.2.7.jar:6.2.7]
	... 20 more
Caused by: org.springframework.beans.factory.BeanCreationException: Error creating bean with name 'org.springframework.security.config.annotation.web.configuration.HttpSecurityConfiguration.httpSecurity' defined in class path resource [org/springframework/security/config/annotation/web/configuration/HttpSecurityConfiguration.class]: Failed to instantiate [org.springframework.security.config.annotation.web.builders.HttpSecurity]: Factory method 'httpSecurity' threw exception with message: Error creating bean with name 'userDetailsService' defined in class path resource [com/example/studentsbot/security/SecurityConfig.class]: Failed to instantiate [org.springframework.security.provisioning.InMemoryUserDetailsManager]: Factory method 'userDetailsService' threw exception with message: Cannot invoke "com.example.studentsbot.SecurityProperties.getAdminSec()" because "this.securityProperties" is null
	at org.springframework.beans.factory.support.ConstructorResolver.instantiate(ConstructorResolver.java:657) ~[spring-beans-6.2.7.jar:6.2.7]
	at org.springframework.beans.factory.support.ConstructorResolver.instantiateUsingFactoryMethod(ConstructorResolver.java:489) ~[spring-beans-6.2.7.jar:6.2.7]
	at org.springframework.beans.factory.support.AbstractAutowireCapableBeanFactory.instantiateUsingFactoryMethod(AbstractAutowireCapableBeanFactory.java:1375) ~[spring-beans-6.2.7.jar:6.2.7]
	at org.springframework.beans.factory.support.AbstractAutowireCapableBeanFactory.createBeanInstance(AbstractAutowireCapableBeanFactory.java:1205) ~[spring-beans-6.2.7.jar:6.2.7]
	at org.springframework.beans.factory.support.AbstractAutowireCapableBeanFactory.doCreateBean(AbstractAutowireCapableBeanFactory.java:569) ~[spring-beans-6.2.7.jar:6.2.7]
	at org.springframework.beans.factory.support.AbstractAutowireCapableBeanFactory.createBean(AbstractAutowireCapableBeanFactory.java:529) ~[spring-beans-6.2.7.jar:6.2.7]
	at org.springframework.beans.factory.support.AbstractBeanFactory.doGetBean(AbstractBeanFactory.java:357) ~[spring-beans-6.2.7.jar:6.2.7]
	at org.springframework.beans.factory.support.AbstractBeanFactory.getBean(AbstractBeanFactory.java:202) ~[spring-beans-6.2.7.jar:6.2.7]
	at org.springframework.beans.factory.config.DependencyDescriptor.resolveCandidate(DependencyDescriptor.java:254) ~[spring-beans-6.2.7.jar:6.2.7]
	at org.springframework.beans.factory.support.DefaultListableBeanFactory.doResolveDependency(DefaultListableBeanFactory.java:1740) ~[spring-beans-6.2.7.jar:6.2.7]
	at org.springframework.beans.factory.support.DefaultListableBeanFactory.resolveDependency(DefaultListableBeanFactory.java:1628) ~[spring-beans-6.2.7.jar:6.2.7]
	at org.springframework.beans.factory.support.ConstructorResolver.resolveAutowiredArgument(ConstructorResolver.java:913) ~[spring-beans-6.2.7.jar:6.2.7]
	at org.springframework.beans.factory.support.ConstructorResolver.createArgumentArray(ConstructorResolver.java:791) ~[spring-beans-6.2.7.jar:6.2.7]
	at org.springframework.beans.factory.support.ConstructorResolver.instantiateUsingFactoryMethod(ConstructorResolver.java:546) ~[spring-beans-6.2.7.jar:6.2.7]
	at org.springframework.beans.factory.support.AbstractAutowireCapableBeanFactory.instantiateUsingFactoryMethod(AbstractAutowireCapableBeanFactory.java:1375) ~[spring-beans-6.2.7.jar:6.2.7]
	at org.springframework.beans.factory.support.AbstractAutowireCapableBeanFactory.createBeanInstance(AbstractAutowireCapableBeanFactory.java:1205) ~[spring-beans-6.2.7.jar:6.2.7]
	at org.springframework.beans.factory.support.AbstractAutowireCapableBeanFactory.doCreateBean(AbstractAutowireCapableBeanFactory.java:569) ~[spring-beans-6.2.7.jar:6.2.7]
	at org.springframework.beans.factory.support.AbstractAutowireCapableBeanFactory.createBean(AbstractAutowireCapableBeanFactory.java:529) ~[spring-beans-6.2.7.jar:6.2.7]
	at org.springframework.beans.factory.support.AbstractBeanFactory.lambda$doGetBean$0(AbstractBeanFactory.java:339) ~[spring-beans-6.2.7.jar:6.2.7]
	at org.springframework.beans.factory.support.DefaultSingletonBeanRegistry.getSingleton(DefaultSingletonBeanRegistry.java:373) ~[spring-beans-6.2.7.jar:6.2.7]
	at org.springframework.beans.factory.support.AbstractBeanFactory.doGetBean(AbstractBeanFactory.java:337) ~[spring-beans-6.2.7.jar:6.2.7]
	at org.springframework.beans.factory.support.AbstractBeanFactory.getBean(AbstractBeanFactory.java:202) ~[spring-beans-6.2.7.jar:6.2.7]
	at org.springframework.beans.factory.config.DependencyDescriptor.resolveCandidate(DependencyDescriptor.java:254) ~[spring-beans-6.2.7.jar:6.2.7]
	at org.springframework.beans.factory.support.DefaultListableBeanFactory.addCandidateEntry(DefaultListableBeanFactory.java:1992) ~[spring-beans-6.2.7.jar:6.2.7]
	at org.springframework.beans.factory.support.DefaultListableBeanFactory.findAutowireCandidates(DefaultListableBeanFactory.java:1956) ~[spring-beans-6.2.7.jar:6.2.7]
	at org.springframework.beans.factory.support.DefaultListableBeanFactory.resolveMultipleBeanCollection(DefaultListableBeanFactory.java:1846) ~[spring-beans-6.2.7.jar:6.2.7]
	at org.springframework.beans.factory.support.DefaultListableBeanFactory.resolveMultipleBeans(DefaultListableBeanFactory.java:1814) ~[spring-beans-6.2.7.jar:6.2.7]
	at org.springframework.beans.factory.support.DefaultListableBeanFactory.doResolveDependency(DefaultListableBeanFactory.java:1689) ~[spring-beans-6.2.7.jar:6.2.7]
	at org.springframework.beans.factory.support.DefaultListableBeanFactory.resolveDependency(DefaultListableBeanFactory.java:1628) ~[spring-beans-6.2.7.jar:6.2.7]
	at org.springframework.beans.factory.annotation.AutowiredAnnotationBeanPostProcessor$AutowiredMethodElement.resolveMethodArguments(AutowiredAnnotationBeanPostProcessor.java:888) ~[spring-beans-6.2.7.jar:6.2.7]
	... 20 more
Caused by: org.springframework.beans.BeanInstantiationException: Failed to instantiate [org.springframework.security.config.annotation.web.builders.HttpSecurity]: Factory method 'httpSecurity' threw exception with message: Error creating bean with name 'userDetailsService' defined in class path resource [com/example/studentsbot/security/SecurityConfig.class]: Failed to instantiate [org.springframework.security.provisioning.InMemoryUserDetailsManager]: Factory method 'userDetailsService' threw exception with message: Cannot invoke "com.example.studentsbot.SecurityProperties.getAdminSec()" because "this.securityProperties" is null
	at org.springframework.beans.factory.support.SimpleInstantiationStrategy.lambda$instantiate$0(SimpleInstantiationStrategy.java:199) ~[spring-beans-6.2.7.jar:6.2.7]
	at org.springframework.beans.factory.support.SimpleInstantiationStrategy.instantiateWithFactoryMethod(SimpleInstantiationStrategy.java:88) ~[spring-beans-6.2.7.jar:6.2.7]
	at org.springframework.beans.factory.support.SimpleInstantiationStrategy.instantiate(SimpleInstantiationStrategy.java:168) ~[spring-beans-6.2.7.jar:6.2.7]
	at org.springframework.beans.factory.support.ConstructorResolver.instantiate(ConstructorResolver.java:653) ~[spring-beans-6.2.7.jar:6.2.7]
	at org.springframework.beans.factory.support.ConstructorResolver.instantiateUsingFactoryMethod(ConstructorResolver.java:489) ~[spring-beans-6.2.7.jar:6.2.7]
	at org.springframework.beans.factory.support.AbstractAutowireCapableBeanFactory.instantiateUsingFactoryMethod(AbstractAutowireCapableBeanFactory.java:1375) ~[spring-beans-6.2.7.jar:6.2.7]
	at org.springframework.beans.factory.support.AbstractAutowireCapableBeanFactory.createBeanInstance(AbstractAutowireCapableBeanFactory.java:1205) ~[spring-beans-6.2.7.jar:6.2.7]
	at org.springframework.beans.factory.support.AbstractAutowireCapableBeanFactory.doCreateBean(AbstractAutowireCapableBeanFactory.java:569) ~[spring-beans-6.2.7.jar:6.2.7]
	at org.springframework.beans.factory.support.AbstractAutowireCapableBeanFactory.createBean(AbstractAutowireCapableBeanFactory.java:529) ~[spring-beans-6.2.7.jar:6.2.7]
	at org.springframework.beans.factory.support.AbstractBeanFactory.doGetBean(AbstractBeanFactory.java:357) ~[spring-beans-6.2.7.jar:6.2.7]
	at org.springframework.beans.factory.support.AbstractBeanFactory.getBean(AbstractBeanFactory.java:202) ~[spring-beans-6.2.7.jar:6.2.7]
	at org.springframework.beans.factory.config.DependencyDescriptor.resolveCandidate(DependencyDescriptor.java:254) ~[spring-beans-6.2.7.jar:6.2.7]
	at org.springframework.beans.factory.support.DefaultListableBeanFactory.doResolveDependency(DefaultListableBeanFactory.java:1740) ~[spring-beans-6.2.7.jar:6.2.7]
	at org.springframework.beans.factory.support.DefaultListableBeanFactory.resolveDependency(DefaultListableBeanFactory.java:1628) ~[spring-beans-6.2.7.jar:6.2.7]
	at org.springframework.beans.factory.support.ConstructorResolver.resolveAutowiredArgument(ConstructorResolver.java:913) ~[spring-beans-6.2.7.jar:6.2.7]
	at org.springframework.beans.factory.support.ConstructorResolver.createArgumentArray(ConstructorResolver.java:791) ~[spring-beans-6.2.7.jar:6.2.7]
	at org.springframework.beans.factory.support.ConstructorResolver.instantiateUsingFactoryMethod(ConstructorResolver.java:546) ~[spring-beans-6.2.7.jar:6.2.7]
	at org.springframework.beans.factory.support.AbstractAutowireCapableBeanFactory.instantiateUsingFactoryMethod(AbstractAutowireCapableBeanFactory.java:1375) ~[spring-beans-6.2.7.jar:6.2.7]
	at org.springframework.beans.factory.support.AbstractAutowireCapableBeanFactory.createBeanInstance(AbstractAutowireCapableBeanFactory.java:1205) ~[spring-beans-6.2.7.jar:6.2.7]
	at org.springframework.beans.factory.support.AbstractAutowireCapableBeanFactory.doCreateBean(AbstractAutowireCapableBeanFactory.java:569) ~[spring-beans-6.2.7.jar:6.2.7]
	at org.springframework.beans.factory.support.AbstractAutowireCapableBeanFactory.createBean(AbstractAutowireCapableBeanFactory.java:529) ~[spring-beans-6.2.7.jar:6.2.7]
	at org.springframework.beans.factory.support.AbstractBeanFactory.lambda$doGetBean$0(AbstractBeanFactory.java:339) ~[spring-beans-6.2.7.jar:6.2.7]
	at org.springframework.beans.factory.support.DefaultSingletonBeanRegistry.getSingleton(DefaultSingletonBeanRegistry.java:373) ~[spring-beans-6.2.7.jar:6.2.7]
	at org.springframework.beans.factory.support.AbstractBeanFactory.doGetBean(AbstractBeanFactory.java:337) ~[spring-beans-6.2.7.jar:6.2.7]
	at org.springframework.beans.factory.support.AbstractBeanFactory.getBean(AbstractBeanFactory.java:202) ~[spring-beans-6.2.7.jar:6.2.7]
	at org.springframework.beans.factory.config.DependencyDescriptor.resolveCandidate(DependencyDescriptor.java:254) ~[spring-beans-6.2.7.jar:6.2.7]
	at org.springframework.beans.factory.support.DefaultListableBeanFactory.addCandidateEntry(DefaultListableBeanFactory.java:1992) ~[spring-beans-6.2.7.jar:6.2.7]
	at org.springframework.beans.factory.support.DefaultListableBeanFactory.findAutowireCandidates(DefaultListableBeanFactory.java:1956) ~[spring-beans-6.2.7.jar:6.2.7]
	at org.springframework.beans.factory.support.DefaultListableBeanFactory.resolveMultipleBeanCollection(DefaultListableBeanFactory.java:1846) ~[spring-beans-6.2.7.jar:6.2.7]
	at org.springframework.beans.factory.support.DefaultListableBeanFactory.resolveMultipleBeans(DefaultListableBeanFactory.java:1814) ~[spring-beans-6.2.7.jar:6.2.7]
	at org.springframework.beans.factory.support.DefaultListableBeanFactory.doResolveDependency(DefaultListableBeanFactory.java:1689) ~[spring-beans-6.2.7.jar:6.2.7]
	at org.springframework.beans.factory.support.DefaultListableBeanFactory.resolveDependency(DefaultListableBeanFactory.java:1628) ~[spring-beans-6.2.7.jar:6.2.7]
	at org.springframework.beans.factory.annotation.AutowiredAnnotationBeanPostProcessor$AutowiredMethodElement.resolveMethodArguments(AutowiredAnnotationBeanPostProcessor.java:888) ~[spring-beans-6.2.7.jar:6.2.7]
	... 20 more
Caused by: org.springframework.beans.factory.BeanCreationException: Error creating bean with name 'userDetailsService' defined in class path resource [com/example/studentsbot/security/SecurityConfig.class]: Failed to instantiate [org.springframework.security.provisioning.InMemoryUserDetailsManager]: Factory method 'userDetailsService' threw exception with message: Cannot invoke "com.example.studentsbot.SecurityProperties.getAdminSec()" because "this.securityProperties" is null
	at org.springframework.beans.factory.support.ConstructorResolver.instantiate(ConstructorResolver.java:657) ~[spring-beans-6.2.7.jar:6.2.7]
	at org.springframework.beans.factory.support.ConstructorResolver.instantiateUsingFactoryMethod(ConstructorResolver.java:489) ~[spring-beans-6.2.7.jar:6.2.7]
	at org.springframework.beans.factory.support.AbstractAutowireCapableBeanFactory.instantiateUsingFactoryMethod(AbstractAutowireCapableBeanFactory.java:1375) ~[spring-beans-6.2.7.jar:6.2.7]
	at org.springframework.beans.factory.support.AbstractAutowireCapableBeanFactory.createBeanInstance(AbstractAutowireCapableBeanFactory.java:1205) ~[spring-beans-6.2.7.jar:6.2.7]
	at org.springframework.beans.factory.support.AbstractAutowireCapableBeanFactory.doCreateBean(AbstractAutowireCapableBeanFactory.java:569) ~[spring-beans-6.2.7.jar:6.2.7]
	at org.springframework.beans.factory.support.AbstractAutowireCapableBeanFactory.createBean(AbstractAutowireCapableBeanFactory.java:529) ~[spring-beans-6.2.7.jar:6.2.7]
	at org.springframework.beans.factory.support.AbstractBeanFactory.lambda$doGetBean$0(AbstractBeanFactory.java:339) ~[spring-beans-6.2.7.jar:6.2.7]
	at org.springframework.beans.factory.support.DefaultSingletonBeanRegistry.getSingleton(DefaultSingletonBeanRegistry.java:373) ~[spring-beans-6.2.7.jar:6.2.7]
	at org.springframework.beans.factory.support.AbstractBeanFactory.doGetBean(AbstractBeanFactory.java:337) ~[spring-beans-6.2.7.jar:6.2.7]
	at org.springframework.beans.factory.support.AbstractBeanFactory.getBean(AbstractBeanFactory.java:207) ~[spring-beans-6.2.7.jar:6.2.7]
	at org.springframework.context.support.AbstractApplicationContext.getBean(AbstractApplicationContext.java:1278) ~[spring-context-6.2.7.jar:6.2.7]
	at org.springframework.security.config.annotation.authentication.configuration.InitializeUserDetailsBeanManagerConfigurer$InitializeUserDetailsManagerConfigurer.configure(InitializeUserDetailsBeanManagerConfigurer.java:94) ~[spring-security-config-6.5.0.jar:6.5.0]
	at org.springframework.security.config.annotation.authentication.configuration.InitializeUserDetailsBeanManagerConfigurer$InitializeUserDetailsManagerConfigurer.configure(InitializeUserDetailsBeanManagerConfigurer.java:63) ~[spring-security-config-6.5.0.jar:6.5.0]
	at org.springframework.security.config.annotation.AbstractConfiguredSecurityBuilder.configure(AbstractConfiguredSecurityBuilder.java:398) ~[spring-security-config-6.5.0.jar:6.5.0]
	at org.springframework.security.config.annotation.AbstractConfiguredSecurityBuilder.doBuild(AbstractConfiguredSecurityBuilder.java:352) ~[spring-security-config-6.5.0.jar:6.5.0]
	at org.springframework.security.config.annotation.AbstractSecurityBuilder.build(AbstractSecurityBuilder.java:38) ~[spring-security-config-6.5.0.jar:6.5.0]
	at org.springframework.security.config.annotation.authentication.configuration.AuthenticationConfiguration.getAuthenticationManager(AuthenticationConfiguration.java:121) ~[spring-security-config-6.5.0.jar:6.5.0]
	at org.springframework.security.config.annotation.web.configuration.HttpSecurityConfiguration.authenticationManager(HttpSecurityConfiguration.java:143) ~[spring-security-config-6.5.0.jar:6.5.0]
	at org.springframework.security.config.annotation.web.configuration.HttpSecurityConfiguration.httpSecurity(HttpSecurityConfiguration.java:112) ~[spring-security-config-6.5.0.jar:6.5.0]
	at java.base/jdk.internal.reflect.DirectMethodHandleAccessor.invoke(DirectMethodHandleAccessor.java:103) ~[?:?]
	at java.base/java.lang.reflect.Method.invoke(Method.java:580) ~[?:?]
	at org.springframework.beans.factory.support.SimpleInstantiationStrategy.lambda$instantiate$0(SimpleInstantiationStrategy.java:171) ~[spring-beans-6.2.7.jar:6.2.7]
	at org.springframework.beans.factory.support.SimpleInstantiationStrategy.instantiateWithFactoryMethod(SimpleInstantiationStrategy.java:88) ~[spring-beans-6.2.7.jar:6.2.7]
	at org.springframework.beans.factory.support.SimpleInstantiationStrategy.instantiate(SimpleInstantiationStrategy.java:168) ~[spring-beans-6.2.7.jar:6.2.7]
	at org.springframework.beans.factory.support.ConstructorResolver.instantiate(ConstructorResolver.java:653) ~[spring-beans-6.2.7.jar:6.2.7]
	at org.springframework.beans.factory.support.ConstructorResolver.instantiateUsingFactoryMethod(ConstructorResolver.java:489) ~[spring-beans-6.2.7.jar:6.2.7]
	at org.springframework.beans.factory.support.AbstractAutowireCapableBeanFactory.instantiateUsingFactoryMethod(AbstractAutowireCapableBeanFactory.java:1375) ~[spring-beans-6.2.7.jar:6.2.7]
	at org.springframework.beans.factory.support.AbstractAutowireCapableBeanFactory.createBeanInstance(AbstractAutowireCapableBeanFactory.java:1205) ~[spring-beans-6.2.7.jar:6.2.7]
	at org.springframework.beans.factory.support.AbstractAutowireCapableBeanFactory.doCreateBean(AbstractAutowireCapableBeanFactory.java:569) ~[spring-beans-6.2.7.jar:6.2.7]
	at org.springframework.beans.factory.support.AbstractAutowireCapableBeanFactory.createBean(AbstractAutowireCapableBeanFactory.java:529) ~[spring-beans-6.2.7.jar:6.2.7]
	at org.springframework.beans.factory.support.AbstractBeanFactory.doGetBean(AbstractBeanFactory.java:357) ~[spring-beans-6.2.7.jar:6.2.7]
	at org.springframework.beans.factory.support.AbstractBeanFactory.getBean(AbstractBeanFactory.java:202) ~[spring-beans-6.2.7.jar:6.2.7]
	at org.springframework.beans.factory.config.DependencyDescriptor.resolveCandidate(DependencyDescriptor.java:254) ~[spring-beans-6.2.7.jar:6.2.7]
	at org.springframework.beans.factory.support.DefaultListableBeanFactory.doResolveDependency(DefaultListableBeanFactory.java:1740) ~[spring-beans-6.2.7.jar:6.2.7]
	at org.springframework.beans.factory.support.DefaultListableBeanFactory.resolveDependency(DefaultListableBeanFactory.java:1628) ~[spring-beans-6.2.7.jar:6.2.7]
	at org.springframework.beans.factory.support.ConstructorResolver.resolveAutowiredArgument(ConstructorResolver.java:913) ~[spring-beans-6.2.7.jar:6.2.7]
	at org.springframework.beans.factory.support.ConstructorResolver.createArgumentArray(ConstructorResolver.java:791) ~[spring-beans-6.2.7.jar:6.2.7]
	at org.springframework.beans.factory.support.ConstructorResolver.instantiateUsingFactoryMethod(ConstructorResolver.java:546) ~[spring-beans-6.2.7.jar:6.2.7]
	at org.springframework.beans.factory.support.AbstractAutowireCapableBeanFactory.instantiateUsingFactoryMethod(AbstractAutowireCapableBeanFactory.java:1375) ~[spring-beans-6.2.7.jar:6.2.7]
	at org.springframework.beans.factory.support.AbstractAutowireCapableBeanFactory.createBeanInstance(AbstractAutowireCapableBeanFactory.java:1205) ~[spring-beans-6.2.7.jar:6.2.7]
	at org.springframework.beans.factory.support.AbstractAutowireCapableBeanFactory.doCreateBean(AbstractAutowireCapableBeanFactory.java:569) ~[spring-beans-6.2.7.jar:6.2.7]
	at org.springframework.beans.factory.support.AbstractAutowireCapableBeanFactory.createBean(AbstractAutowireCapableBeanFactory.java:529) ~[spring-beans-6.2.7.jar:6.2.7]
	at org.springframework.beans.factory.support.AbstractBeanFactory.lambda$doGetBean$0(AbstractBeanFactory.java:339) ~[spring-beans-6.2.7.jar:6.2.7]
	at org.springframework.beans.factory.support.DefaultSingletonBeanRegistry.getSingleton(DefaultSingletonBeanRegistry.java:373) ~[spring-beans-6.2.7.jar:6.2.7]
	at org.springframework.beans.factory.support.AbstractBeanFactory.doGetBean(AbstractBeanFactory.java:337) ~[spring-beans-6.2.7.jar:6.2.7]
	at org.springframework.beans.factory.support.AbstractBeanFactory.getBean(AbstractBeanFactory.java:202) ~[spring-beans-6.2.7.jar:6.2.7]
	at org.springframework.beans.factory.config.DependencyDescriptor.resolveCandidate(DependencyDescriptor.java:254) ~[spring-beans-6.2.7.jar:6.2.7]
	at org.springframework.beans.factory.support.DefaultListableBeanFactory.addCandidateEntry(DefaultListableBeanFactory.java:1992) ~[spring-beans-6.2.7.jar:6.2.7]
	at org.springframework.beans.factory.support.DefaultListableBeanFactory.findAutowireCandidates(DefaultListableBeanFactory.java:1956) ~[spring-beans-6.2.7.jar:6.2.7]
	at org.springframework.beans.factory.support.DefaultListableBeanFactory.resolveMultipleBeanCollection(DefaultListableBeanFactory.java:1846) ~[spring-beans-6.2.7.jar:6.2.7]
	at org.springframework.beans.factory.support.DefaultListableBeanFactory.resolveMultipleBeans(DefaultListableBeanFactory.java:1814) ~[spring-beans-6.2.7.jar:6.2.7]
	at org.springframework.beans.factory.support.DefaultListableBeanFactory.doResolveDependency(DefaultListableBeanFactory.java:1689) ~[spring-beans-6.2.7.jar:6.2.7]
	at org.springframework.beans.factory.support.DefaultListableBeanFactory.resolveDependency(DefaultListableBeanFactory.java:1628) ~[spring-beans-6.2.7.jar:6.2.7]
	at org.springframework.beans.factory.annotation.AutowiredAnnotationBeanPostProcessor$AutowiredMethodElement.resolveMethodArguments(AutowiredAnnotationBeanPostProcessor.java:888) ~[spring-beans-6.2.7.jar:6.2.7]
	... 20 more
Caused by: org.springframework.beans.BeanInstantiationException: Failed to instantiate [org.springframework.security.provisioning.InMemoryUserDetailsManager]: Factory method 'userDetailsService' threw exception with message: Cannot invoke "com.example.studentsbot.SecurityProperties.getAdminSec()" because "this.securityProperties" is null
	at org.springframework.beans.factory.support.SimpleInstantiationStrategy.lambda$instantiate$0(SimpleInstantiationStrategy.java:199) ~[spring-beans-6.2.7.jar:6.2.7]
	at org.springframework.beans.factory.support.SimpleInstantiationStrategy.instantiateWithFactoryMethod(SimpleInstantiationStrategy.java:88) ~[spring-beans-6.2.7.jar:6.2.7]
	at org.springframework.beans.factory.support.SimpleInstantiationStrategy.instantiate(SimpleInstantiationStrategy.java:168) ~[spring-beans-6.2.7.jar:6.2.7]
	at org.springframework.beans.factory.support.ConstructorResolver.instantiate(ConstructorResolver.java:653) ~[spring-beans-6.2.7.jar:6.2.7]
	at org.springframework.beans.factory.support.ConstructorResolver.instantiateUsingFactoryMethod(ConstructorResolver.java:489) ~[spring-beans-6.2.7.jar:6.2.7]
	at org.springframework.beans.factory.support.AbstractAutowireCapableBeanFactory.instantiateUsingFactoryMethod(AbstractAutowireCapableBeanFactory.java:1375) ~[spring-beans-6.2.7.jar:6.2.7]
	at org.springframework.beans.factory.support.AbstractAutowireCapableBeanFactory.createBeanInstance(AbstractAutowireCapableBeanFactory.java:1205) ~[spring-beans-6.2.7.jar:6.2.7]
	at org.springframework.beans.factory.support.AbstractAutowireCapableBeanFactory.doCreateBean(AbstractAutowireCapableBeanFactory.java:569) ~[spring-beans-6.2.7.jar:6.2.7]
	at org.springframework.beans.factory.support.AbstractAutowireCapableBeanFactory.createBean(AbstractAutowireCapableBeanFactory.java:529) ~[spring-beans-6.2.7.jar:6.2.7]
	at org.springframework.beans.factory.support.AbstractBeanFactory.lambda$doGetBean$0(AbstractBeanFactory.java:339) ~[spring-beans-6.2.7.jar:6.2.7]
	at org.springframework.beans.factory.support.DefaultSingletonBeanRegistry.getSingleton(DefaultSingletonBeanRegistry.java:373) ~[spring-beans-6.2.7.jar:6.2.7]
	at org.springframework.beans.factory.support.AbstractBeanFactory.doGetBean(AbstractBeanFactory.java:337) ~[spring-beans-6.2.7.jar:6.2.7]
	at org.springframework.beans.factory.support.AbstractBeanFactory.getBean(AbstractBeanFactory.java:207) ~[spring-beans-6.2.7.jar:6.2.7]
	at org.springframework.context.support.AbstractApplicationContext.getBean(AbstractApplicationContext.java:1278) ~[spring-context-6.2.7.jar:6.2.7]
	at org.springframework.security.config.annotation.authentication.configuration.InitializeUserDetailsBeanManagerConfigurer$InitializeUserDetailsManagerConfigurer.configure(InitializeUserDetailsBeanManagerConfigurer.java:94) ~[spring-security-config-6.5.0.jar:6.5.0]
	at org.springframework.security.config.annotation.authentication.configuration.InitializeUserDetailsBeanManagerConfigurer$InitializeUserDetailsManagerConfigurer.configure(InitializeUserDetailsBeanManagerConfigurer.java:63) ~[spring-security-config-6.5.0.jar:6.5.0]
	at org.springframework.security.config.annotation.AbstractConfiguredSecurityBuilder.configure(AbstractConfiguredSecurityBuilder.java:398) ~[spring-security-config-6.5.0.jar:6.5.0]
	at org.springframework.security.config.annotation.AbstractConfiguredSecurityBuilder.doBuild(AbstractConfiguredSecurityBuilder.java:352) ~[spring-security-config-6.5.0.jar:6.5.0]
	at org.springframework.security.config.annotation.AbstractSecurityBuilder.build(AbstractSecurityBuilder.java:38) ~[spring-security-config-6.5.0.jar:6.5.0]
	at org.springframework.security.config.annotation.authentication.configuration.AuthenticationConfiguration.getAuthenticationManager(AuthenticationConfiguration.java:121) ~[spring-security-config-6.5.0.jar:6.5.0]
	at org.springframework.security.config.annotation.web.configuration.HttpSecurityConfiguration.authenticationManager(HttpSecurityConfiguration.java:143) ~[spring-security-config-6.5.0.jar:6.5.0]
	at org.springframework.security.config.annotation.web.configuration.HttpSecurityConfiguration.httpSecurity(HttpSecurityConfiguration.java:112) ~[spring-security-config-6.5.0.jar:6.5.0]
	at java.base/jdk.internal.reflect.DirectMethodHandleAccessor.invoke(DirectMethodHandleAccessor.java:103) ~[?:?]
	at java.base/java.lang.reflect.Method.invoke(Method.java:580) ~[?:?]
	at org.springframework.beans.factory.support.SimpleInstantiationStrategy.lambda$instantiate$0(SimpleInstantiationStrategy.java:171) ~[spring-beans-6.2.7.jar:6.2.7]
	at org.springframework.beans.factory.support.SimpleInstantiationStrategy.instantiateWithFactoryMethod(SimpleInstantiationStrategy.java:88) ~[spring-beans-6.2.7.jar:6.2.7]
	at org.springframework.beans.factory.support.SimpleInstantiationStrategy.instantiate(SimpleInstantiationStrategy.java:168) ~[spring-beans-6.2.7.jar:6.2.7]
	at org.springframework.beans.factory.support.ConstructorResolver.instantiate(ConstructorResolver.java:653) ~[spring-beans-6.2.7.jar:6.2.7]
	at org.springframework.beans.factory.support.ConstructorResolver.instantiateUsingFactoryMethod(ConstructorResolver.java:489) ~[spring-beans-6.2.7.jar:6.2.7]
	at org.springframework.beans.factory.support.AbstractAutowireCapableBeanFactory.instantiateUsingFactoryMethod(AbstractAutowireCapableBeanFactory.java:1375) ~[spring-beans-6.2.7.jar:6.2.7]
	at org.springframework.beans.factory.support.AbstractAutowireCapableBeanFactory.createBeanInstance(AbstractAutowireCapableBeanFactory.java:1205) ~[spring-beans-6.2.7.jar:6.2.7]
	at org.springframework.beans.factory.support.AbstractAutowireCapableBeanFactory.doCreateBean(AbstractAutowireCapableBeanFactory.java:569) ~[spring-beans-6.2.7.jar:6.2.7]
	at org.springframework.beans.factory.support.AbstractAutowireCapableBeanFactory.createBean(AbstractAutowireCapableBeanFactory.java:529) ~[spring-beans-6.2.7.jar:6.2.7]
	at org.springframework.beans.factory.support.AbstractBeanFactory.doGetBean(AbstractBeanFactory.java:357) ~[spring-beans-6.2.7.jar:6.2.7]
	at org.springframework.beans.factory.support.AbstractBeanFactory.getBean(AbstractBeanFactory.java:202) ~[spring-beans-6.2.7.jar:6.2.7]
	at org.springframework.beans.factory.config.DependencyDescriptor.resolveCandidate(DependencyDescriptor.java:254) ~[spring-beans-6.2.7.jar:6.2.7]
	at org.springframework.beans.factory.support.DefaultListableBeanFactory.doResolveDependency(DefaultListableBeanFactory.java:1740) ~[spring-beans-6.2.7.jar:6.2.7]
	at org.springframework.beans.factory.support.DefaultListableBeanFactory.resolveDependency(DefaultListableBeanFactory.java:1628) ~[spring-beans-6.2.7.jar:6.2.7]
	at org.springframework.beans.factory.support.ConstructorResolver.resolveAutowiredArgument(ConstructorResolver.java:913) ~[spring-beans-6.2.7.jar:6.2.7]
	at org.springframework.beans.factory.support.ConstructorResolver.createArgumentArray(ConstructorResolver.java:791) ~[spring-beans-6.2.7.jar:6.2.7]
	at org.springframework.beans.factory.support.ConstructorResolver.instantiateUsingFactoryMethod(ConstructorResolver.java:546) ~[spring-beans-6.2.7.jar:6.2.7]
	at org.springframework.beans.factory.support.AbstractAutowireCapableBeanFactory.instantiateUsingFactoryMethod(AbstractAutowireCapableBeanFactory.java:1375) ~[spring-beans-6.2.7.jar:6.2.7]
	at org.springframework.beans.factory.support.AbstractAutowireCapableBeanFactory.createBeanInstance(AbstractAutowireCapableBeanFactory.java:1205) ~[spring-beans-6.2.7.jar:6.2.7]
	at org.springframework.beans.factory.support.AbstractAutowireCapableBeanFactory.doCreateBean(AbstractAutowireCapableBeanFactory.java:569) ~[spring-beans-6.2.7.jar:6.2.7]
	at org.springframework.beans.factory.support.AbstractAutowireCapableBeanFactory.createBean(AbstractAutowireCapableBeanFactory.java:529) ~[spring-beans-6.2.7.jar:6.2.7]
	at org.springframework.beans.factory.support.AbstractBeanFactory.lambda$doGetBean$0(AbstractBeanFactory.java:339) ~[spring-beans-6.2.7.jar:6.2.7]
	at org.springframework.beans.factory.support.DefaultSingletonBeanRegistry.getSingleton(DefaultSingletonBeanRegistry.java:373) ~[spring-beans-6.2.7.jar:6.2.7]
	at org.springframework.beans.factory.support.AbstractBeanFactory.doGetBean(AbstractBeanFactory.java:337) ~[spring-beans-6.2.7.jar:6.2.7]
	at org.springframework.beans.factory.support.AbstractBeanFactory.getBean(AbstractBeanFactory.java:202) ~[spring-beans-6.2.7.jar:6.2.7]
	at org.springframework.beans.factory.config.DependencyDescriptor.resolveCandidate(DependencyDescriptor.java:254) ~[spring-beans-6.2.7.jar:6.2.7]
	at org.springframework.beans.factory.support.DefaultListableBeanFactory.addCandidateEntry(DefaultListableBeanFactory.java:1992) ~[spring-beans-6.2.7.jar:6.2.7]
	at org.springframework.beans.factory.support.DefaultListableBeanFactory.findAutowireCandidates(DefaultListableBeanFactory.java:1956) ~[spring-beans-6.2.7.jar:6.2.7]
	at org.springframework.beans.factory.support.DefaultListableBeanFactory.resolveMultipleBeanCollection(DefaultListableBeanFactory.java:1846) ~[spring-beans-6.2.7.jar:6.2.7]
	at org.springframework.beans.factory.support.DefaultListableBeanFactory.resolveMultipleBeans(DefaultListableBeanFactory.java:1814) ~[spring-beans-6.2.7.jar:6.2.7]
	at org.springframework.beans.factory.support.DefaultListableBeanFactory.doResolveDependency(DefaultListableBeanFactory.java:1689) ~[spring-beans-6.2.7.jar:6.2.7]
	at org.springframework.beans.factory.support.DefaultListableBeanFactory.resolveDependency(DefaultListableBeanFactory.java:1628) ~[spring-beans-6.2.7.jar:6.2.7]
	at org.springframework.beans.factory.annotation.AutowiredAnnotationBeanPostProcessor$AutowiredMethodElement.resolveMethodArguments(AutowiredAnnotationBeanPostProcessor.java:888) ~[spring-beans-6.2.7.jar:6.2.7]
	... 20 more
Caused by: java.lang.NullPointerException: Cannot invoke "com.example.studentsbot.SecurityProperties.getAdminSec()" because "this.securityProperties" is null
	at com.example.studentsbot.security.SecurityConfig.userDetailsService(SecurityConfig.java:50) ~[classes/:?]
	at com.example.studentsbot.security.SecurityConfig$$SpringCGLIB$$0.CGLIB$userDetailsService$1(<generated>) ~[classes/:?]
	at com.example.studentsbot.security.SecurityConfig$$SpringCGLIB$$FastClass$$1.invoke(<generated>) ~[classes/:?]
	at org.springframework.cglib.proxy.MethodProxy.invokeSuper(MethodProxy.java:258) ~[spring-core-6.2.7.jar:6.2.7]
	at org.springframework.context.annotation.ConfigurationClassEnhancer$BeanMethodInterceptor.intercept(ConfigurationClassEnhancer.java:393) ~[spring-context-6.2.7.jar:6.2.7]
	at com.example.studentsbot.security.SecurityConfig$$SpringCGLIB$$0.userDetailsService(<generated>) ~[classes/:?]
	at java.base/jdk.internal.reflect.DirectMethodHandleAccessor.invoke(DirectMethodHandleAccessor.java:103) ~[?:?]
	at java.base/java.lang.reflect.Method.invoke(Method.java:580) ~[?:?]
	at org.springframework.beans.factory.support.SimpleInstantiationStrategy.lambda$instantiate$0(SimpleInstantiationStrategy.java:171) ~[spring-beans-6.2.7.jar:6.2.7]
	at org.springframework.beans.factory.support.SimpleInstantiationStrategy.instantiateWithFactoryMethod(SimpleInstantiationStrategy.java:88) ~[spring-beans-6.2.7.jar:6.2.7]
	at org.springframework.beans.factory.support.SimpleInstantiationStrategy.instantiate(SimpleInstantiationStrategy.java:168) ~[spring-beans-6.2.7.jar:6.2.7]
	at org.springframework.beans.factory.support.ConstructorResolver.instantiate(ConstructorResolver.java:653) ~[spring-beans-6.2.7.jar:6.2.7]
	at org.springframework.beans.factory.support.ConstructorResolver.instantiateUsingFactoryMethod(ConstructorResolver.java:489) ~[spring-beans-6.2.7.jar:6.2.7]
	at org.springframework.beans.factory.support.AbstractAutowireCapableBeanFactory.instantiateUsingFactoryMethod(AbstractAutowireCapableBeanFactory.java:1375) ~[spring-beans-6.2.7.jar:6.2.7]
	at org.springframework.beans.factory.support.AbstractAutowireCapableBeanFactory.createBeanInstance(AbstractAutowireCapableBeanFactory.java:1205) ~[spring-beans-6.2.7.jar:6.2.7]
	at org.springframework.beans.factory.support.AbstractAutowireCapableBeanFactory.doCreateBean(AbstractAutowireCapableBeanFactory.java:569) ~[spring-beans-6.2.7.jar:6.2.7]
	at org.springframework.beans.factory.support.AbstractAutowireCapableBeanFactory.createBean(AbstractAutowireCapableBeanFactory.java:529) ~[spring-beans-6.2.7.jar:6.2.7]
	at org.springframework.beans.factory.support.AbstractBeanFactory.lambda$doGetBean$0(AbstractBeanFactory.java:339) ~[spring-beans-6.2.7.jar:6.2.7]
	at org.springframework.beans.factory.support.DefaultSingletonBeanRegistry.getSingleton(DefaultSingletonBeanRegistry.java:373) ~[spring-beans-6.2.7.jar:6.2.7]
	at org.springframework.beans.factory.support.AbstractBeanFactory.doGetBean(AbstractBeanFactory.java:337) ~[spring-beans-6.2.7.jar:6.2.7]
	at org.springframework.beans.factory.support.AbstractBeanFactory.getBean(AbstractBeanFactory.java:207) ~[spring-beans-6.2.7.jar:6.2.7]
	at org.springframework.context.support.AbstractApplicationContext.getBean(AbstractApplicationContext.java:1278) ~[spring-context-6.2.7.jar:6.2.7]
	at org.springframework.security.config.annotation.authentication.configuration.InitializeUserDetailsBeanManagerConfigurer$InitializeUserDetailsManagerConfigurer.configure(InitializeUserDetailsBeanManagerConfigurer.java:94) ~[spring-security-config-6.5.0.jar:6.5.0]
	at org.springframework.security.config.annotation.authentication.configuration.InitializeUserDetailsBeanManagerConfigurer$InitializeUserDetailsManagerConfigurer.configure(InitializeUserDetailsBeanManagerConfigurer.java:63) ~[spring-security-config-6.5.0.jar:6.5.0]
	at org.springframework.security.config.annotation.AbstractConfiguredSecurityBuilder.configure(AbstractConfiguredSecurityBuilder.java:398) ~[spring-security-config-6.5.0.jar:6.5.0]
	at org.springframework.security.config.annotation.AbstractConfiguredSecurityBuilder.doBuild(AbstractConfiguredSecurityBuilder.java:352) ~[spring-security-config-6.5.0.jar:6.5.0]
	at org.springframework.security.config.annotation.AbstractSecurityBuilder.build(AbstractSecurityBuilder.java:38) ~[spring-security-config-6.5.0.jar:6.5.0]
	at org.springframework.security.config.annotation.authentication.configuration.AuthenticationConfiguration.getAuthenticationManager(AuthenticationConfiguration.java:121) ~[spring-security-config-6.5.0.jar:6.5.0]
	at org.springframework.security.config.annotation.web.configuration.HttpSecurityConfiguration.authenticationManager(HttpSecurityConfiguration.java:143) ~[spring-security-config-6.5.0.jar:6.5.0]
	at org.springframework.security.config.annotation.web.configuration.HttpSecurityConfiguration.httpSecurity(HttpSecurityConfiguration.java:112) ~[spring-security-config-6.5.0.jar:6.5.0]
	at java.base/jdk.internal.reflect.DirectMethodHandleAccessor.invoke(DirectMethodHandleAccessor.java:103) ~[?:?]
	at java.base/java.lang.reflect.Method.invoke(Method.java:580) ~[?:?]
	at org.springframework.beans.factory.support.SimpleInstantiationStrategy.lambda$instantiate$0(SimpleInstantiationStrategy.java:171) ~[spring-beans-6.2.7.jar:6.2.7]
	at org.springframework.beans.factory.support.SimpleInstantiationStrategy.instantiateWithFactoryMethod(SimpleInstantiationStrategy.java:88) ~[spring-beans-6.2.7.jar:6.2.7]
	at org.springframework.beans.factory.support.SimpleInstantiationStrategy.instantiate(SimpleInstantiationStrategy.java:168) ~[spring-beans-6.2.7.jar:6.2.7]
	at org.springframework.beans.factory.support.ConstructorResolver.instantiate(ConstructorResolver.java:653) ~[spring-beans-6.2.7.jar:6.2.7]
	at org.springframework.beans.factory.support.ConstructorResolver.instantiateUsingFactoryMethod(ConstructorResolver.java:489) ~[spring-beans-6.2.7.jar:6.2.7]
	at org.springframework.beans.factory.support.AbstractAutowireCapableBeanFactory.instantiateUsingFactoryMethod(AbstractAutowireCapableBeanFactory.java:1375) ~[spring-beans-6.2.7.jar:6.2.7]
	at org.springframework.beans.factory.support.AbstractAutowireCapableBeanFactory.createBeanInstance(AbstractAutowireCapableBeanFactory.java:1205) ~[spring-beans-6.2.7.jar:6.2.7]
	at org.springframework.beans.factory.support.AbstractAutowireCapableBeanFactory.doCreateBean(AbstractAutowireCapableBeanFactory.java:569) ~[spring-beans-6.2.7.jar:6.2.7]
	at org.springframework.beans.factory.support.AbstractAutowireCapableBeanFactory.createBean(AbstractAutowireCapableBeanFactory.java:529) ~[spring-beans-6.2.7.jar:6.2.7]
	at org.springframework.beans.factory.support.AbstractBeanFactory.doGetBean(AbstractBeanFactory.java:357) ~[spring-beans-6.2.7.jar:6.2.7]
	at org.springframework.beans.factory.support.AbstractBeanFactory.getBean(AbstractBeanFactory.java:202) ~[spring-beans-6.2.7.jar:6.2.7]
	at org.springframework.beans.factory.config.DependencyDescriptor.resolveCandidate(DependencyDescriptor.java:254) ~[spring-beans-6.2.7.jar:6.2.7]
	at org.springframework.beans.factory.support.DefaultListableBeanFactory.doResolveDependency(DefaultListableBeanFactory.java:1740) ~[spring-beans-6.2.7.jar:6.2.7]
	at org.springframework.beans.factory.support.DefaultListableBeanFactory.resolveDependency(DefaultListableBeanFactory.java:1628) ~[spring-beans-6.2.7.jar:6.2.7]
	at org.springframework.beans.factory.support.ConstructorResolver.resolveAutowiredArgument(ConstructorResolver.java:913) ~[spring-beans-6.2.7.jar:6.2.7]
	at org.springframework.beans.factory.support.ConstructorResolver.createArgumentArray(ConstructorResolver.java:791) ~[spring-beans-6.2.7.jar:6.2.7]
	at org.springframework.beans.factory.support.ConstructorResolver.instantiateUsingFactoryMethod(ConstructorResolver.java:546) ~[spring-beans-6.2.7.jar:6.2.7]
	at org.springframework.beans.factory.support.AbstractAutowireCapableBeanFactory.instantiateUsingFactoryMethod(AbstractAutowireCapableBeanFactory.java:1375) ~[spring-beans-6.2.7.jar:6.2.7]
	at org.springframework.beans.factory.support.AbstractAutowireCapableBeanFactory.createBeanInstance(AbstractAutowireCapableBeanFactory.java:1205) ~[spring-beans-6.2.7.jar:6.2.7]
	at org.springframework.beans.factory.support.AbstractAutowireCapableBeanFactory.doCreateBean(AbstractAutowireCapableBeanFactory.java:569) ~[spring-beans-6.2.7.jar:6.2.7]
	at org.springframework.beans.factory.support.AbstractAutowireCapableBeanFactory.createBean(AbstractAutowireCapableBeanFactory.java:529) ~[spring-beans-6.2.7.jar:6.2.7]
	at org.springframework.beans.factory.support.AbstractBeanFactory.lambda$doGetBean$0(AbstractBeanFactory.java:339) ~[spring-beans-6.2.7.jar:6.2.7]
	at org.springframework.beans.factory.support.DefaultSingletonBeanRegistry.getSingleton(DefaultSingletonBeanRegistry.java:373) ~[spring-beans-6.2.7.jar:6.2.7]
	at org.springframework.beans.factory.support.AbstractBeanFactory.doGetBean(AbstractBeanFactory.java:337) ~[spring-beans-6.2.7.jar:6.2.7]
	at org.springframework.beans.factory.support.AbstractBeanFactory.getBean(AbstractBeanFactory.java:202) ~[spring-beans-6.2.7.jar:6.2.7]
	at org.springframework.beans.factory.config.DependencyDescriptor.resolveCandidate(DependencyDescriptor.java:254) ~[spring-beans-6.2.7.jar:6.2.7]
	at org.springframework.beans.factory.support.DefaultListableBeanFactory.addCandidateEntry(DefaultListableBeanFactory.java:1992) ~[spring-beans-6.2.7.jar:6.2.7]
	at org.springframework.beans.factory.support.DefaultListableBeanFactory.findAutowireCandidates(DefaultListableBeanFactory.java:1956) ~[spring-beans-6.2.7.jar:6.2.7]
	at org.springframework.beans.factory.support.DefaultListableBeanFactory.resolveMultipleBeanCollection(DefaultListableBeanFactory.java:1846) ~[spring-beans-6.2.7.jar:6.2.7]
	at org.springframework.beans.factory.support.DefaultListableBeanFactory.resolveMultipleBeans(DefaultListableBeanFactory.java:1814) ~[spring-beans-6.2.7.jar:6.2.7]
	at org.springframework.beans.factory.support.DefaultListableBeanFactory.doResolveDependency(DefaultListableBeanFactory.java:1689) ~[spring-beans-6.2.7.jar:6.2.7]
	at org.springframework.beans.factory.support.DefaultListableBeanFactory.resolveDependency(DefaultListableBeanFactory.java:1628) ~[spring-beans-6.2.7.jar:6.2.7]
	at org.springframework.beans.factory.annotation.AutowiredAnnotationBeanPostProcessor$AutowiredMethodElement.resolveMethodArguments(AutowiredAnnotationBeanPostProcessor.java:888) ~[spring-beans-6.2.7.jar:6.2.7]
	... 20 more
2025-07-31 15:59:57.243 [main] INFO  com.example.studentsbot.Main - Starting Main using Java 23.0.2 with PID 960 (C:\Users\Serge\Documents\Bot\work\stud_tg\StudentsBot\StudentsBot\target\classes started by Serge in C:\Users\Serge\Documents\Bot\work\stud_tg)
2025-07-31 15:59:57.268 [main] DEBUG com.example.studentsbot.Main - Running with Spring Boot v3.5.0, Spring v6.2.7
2025-07-31 15:59:57.272 [main] INFO  com.example.studentsbot.Main - No active profile set, falling back to 1 default profile: "default"
2025-07-31 16:00:00.331 [main] INFO  org.springframework.data.repository.config.RepositoryConfigurationDelegate - Bootstrapping Spring Data JPA repositories in DEFAULT mode.
2025-07-31 16:00:00.503 [main] INFO  org.springframework.data.repository.config.RepositoryConfigurationDelegate - Finished Spring Data repository scanning in 151 ms. Found 2 JPA repository interfaces.
2025-07-31 16:00:02.969 [main] INFO  org.springframework.boot.web.embedded.tomcat.TomcatWebServer - Tomcat initialized with port 8080 (http)
2025-07-31 16:00:03.035 [main] INFO  org.apache.coyote.http11.Http11NioProtocol - Initializing ProtocolHandler ["http-nio-0.0.0.0-8080"]
2025-07-31 16:00:03.041 [main] INFO  org.apache.catalina.core.StandardService - Starting service [Tomcat]
2025-07-31 16:00:03.042 [main] INFO  org.apache.catalina.core.StandardEngine - Starting Servlet engine: [Apache Tomcat/10.1.41]
2025-07-31 16:00:03.284 [main] INFO  org.apache.catalina.core.ContainerBase.[Tomcat].[localhost].[/] - Initializing Spring embedded WebApplicationContext
2025-07-31 16:00:03.287 [main] INFO  org.springframework.boot.web.servlet.context.ServletWebServerApplicationContext - Root WebApplicationContext: initialization completed in 5806 ms
2025-07-31 16:00:04.156 [main] INFO  com.zaxxer.hikari.HikariDataSource - HikariPool-1 - Starting...
2025-07-31 16:00:04.820 [main] INFO  com.zaxxer.hikari.pool.HikariPool - HikariPool-1 - Added connection org.postgresql.jdbc.PgConnection@38f617f4
2025-07-31 16:00:04.824 [main] INFO  com.zaxxer.hikari.HikariDataSource - HikariPool-1 - Start completed.
2025-07-31 16:00:05.449 [main] INFO  liquibase.database - Set default schema name to public
2025-07-31 16:00:06.975 [main] INFO  liquibase.changelog - Reading from public.databasechangelog
2025-07-31 16:00:07.284 [main] INFO  liquibase.ui - Database is up to date, no changesets to execute
2025-07-31 16:00:07.300 [main] INFO  liquibase.changelog - Reading from public.databasechangelog
2025-07-31 16:00:07.342 [main] INFO  liquibase.util - UPDATE SUMMARY
2025-07-31 16:00:07.343 [main] INFO  liquibase.util - Run:                          0
2025-07-31 16:00:07.344 [main] INFO  liquibase.util - Previously run:               4
2025-07-31 16:00:07.344 [main] INFO  liquibase.util - Filtered out:                 0
2025-07-31 16:00:07.345 [main] INFO  liquibase.util - -------------------------------
2025-07-31 16:00:07.347 [main] INFO  liquibase.util - Total change sets:            4
2025-07-31 16:00:07.353 [main] INFO  liquibase.util - Update summary generated
2025-07-31 16:00:07.367 [main] INFO  liquibase.command - Command execution complete
2025-07-31 16:00:08.844 [main] INFO  org.hibernate.jpa.internal.util.LogHelper - HHH000204: Processing PersistenceUnitInfo [name: default]
2025-07-31 16:00:09.089 [main] INFO  org.hibernate.Version - HHH000412: Hibernate ORM core version 6.6.15.Final
2025-07-31 16:00:09.214 [main] INFO  org.hibernate.cache.internal.RegionFactoryInitiator - HHH000026: Second-level cache disabled
2025-07-31 16:00:10.250 [main] INFO  org.springframework.orm.jpa.persistenceunit.SpringPersistenceUnitInfo - No LoadTimeWeaver setup: ignoring JPA class transformer
2025-07-31 16:00:10.560 [main] INFO  org.hibernate.orm.connections.pooling - HHH10001005: Database info:
	Database JDBC URL [Connecting through datasource 'HikariDataSource (HikariPool-1)']
	Database driver: undefined/unknown
	Database version: 17.5
	Autocommit mode: undefined/unknown
	Isolation level: undefined/unknown
	Minimum pool size: undefined/unknown
	Maximum pool size: undefined/unknown
2025-07-31 16:00:12.557 [main] INFO  org.hibernate.engine.transaction.jta.platform.internal.JtaPlatformInitiator - HHH000489: No JTA platform available (set 'hibernate.transaction.jta.platform' to enable JTA platform integration)
2025-07-31 16:00:12.742 [main] INFO  org.springframework.orm.jpa.LocalContainerEntityManagerFactoryBean - Initialized JPA EntityManagerFactory for persistence unit 'default'
2025-07-31 16:00:14.128 [main] WARN  org.springframework.boot.web.servlet.context.AnnotationConfigServletWebServerApplicationContext - Exception encountered during context initialization - cancelling refresh attempt: org.springframework.boot.context.properties.ConfigurationPropertiesBindException: Error creating bean with name 'securityProperties': Could not bind properties to 'SecurityProperties' : prefix=security, ignoreInvalidFields=false, ignoreUnknownFields=true
2025-07-31 16:00:14.131 [main] INFO  org.springframework.orm.jpa.LocalContainerEntityManagerFactoryBean - Closing JPA EntityManagerFactory for persistence unit 'default'
2025-07-31 16:00:14.138 [main] INFO  com.zaxxer.hikari.HikariDataSource - HikariPool-1 - Shutdown initiated...
2025-07-31 16:00:14.147 [main] INFO  com.zaxxer.hikari.HikariDataSource - HikariPool-1 - Shutdown completed.
2025-07-31 16:00:14.153 [main] INFO  org.apache.catalina.core.StandardService - Stopping service [Tomcat]
2025-07-31 16:00:14.178 [main] INFO  org.springframework.boot.autoconfigure.logging.ConditionEvaluationReportLogger - 

Error starting ApplicationContext. To display the condition evaluation report re-run your application with 'debug' enabled.
2025-07-31 16:00:14.230 [main] ERROR org.springframework.boot.diagnostics.LoggingFailureAnalysisReporter - 

***************************
APPLICATION FAILED TO START
***************************

Description:

Failed to bind properties under 'security.admin-sec' to com.example.studentsbot.SecurityProperties$AdminSec:

    Property: security.admin-sec.login
    Value: "admin"
    Origin: URL [file:C:/Users/Serge/Dropbox/conf.yml] - 35:12
    Reason: java.lang.IllegalStateException: No setter found for property: login

Action:

Update your application's configuration

2025-07-31 16:16:50.595 [main] INFO  com.example.studentsbot.Main - Starting Main using Java 23.0.2 with PID 6188 (C:\Users\Serge\Documents\Bot\work\stud_tg\StudentsBot\StudentsBot\target\classes started by Serge in C:\Users\Serge\Documents\Bot\work\stud_tg)
2025-07-31 16:16:50.632 [main] DEBUG com.example.studentsbot.Main - Running with Spring Boot v3.5.0, Spring v6.2.7
2025-07-31 16:16:50.637 [main] INFO  com.example.studentsbot.Main - No active profile set, falling back to 1 default profile: "default"
2025-07-31 16:16:53.457 [main] INFO  org.springframework.data.repository.config.RepositoryConfigurationDelegate - Bootstrapping Spring Data JPA repositories in DEFAULT mode.
2025-07-31 16:16:53.617 [main] INFO  org.springframework.data.repository.config.RepositoryConfigurationDelegate - Finished Spring Data repository scanning in 131 ms. Found 2 JPA repository interfaces.
2025-07-31 16:16:55.373 [main] INFO  org.springframework.boot.web.embedded.tomcat.TomcatWebServer - Tomcat initialized with port 8080 (http)
2025-07-31 16:16:55.434 [main] INFO  org.apache.coyote.http11.Http11NioProtocol - Initializing ProtocolHandler ["http-nio-0.0.0.0-8080"]
2025-07-31 16:16:55.439 [main] INFO  org.apache.catalina.core.StandardService - Starting service [Tomcat]
2025-07-31 16:16:55.440 [main] INFO  org.apache.catalina.core.StandardEngine - Starting Servlet engine: [Apache Tomcat/10.1.41]
2025-07-31 16:16:55.738 [main] INFO  org.apache.catalina.core.ContainerBase.[Tomcat].[localhost].[/] - Initializing Spring embedded WebApplicationContext
2025-07-31 16:16:55.744 [main] INFO  org.springframework.boot.web.servlet.context.ServletWebServerApplicationContext - Root WebApplicationContext: initialization completed in 4799 ms
2025-07-31 16:16:56.426 [main] INFO  com.zaxxer.hikari.HikariDataSource - HikariPool-1 - Starting...
2025-07-31 16:16:57.043 [main] INFO  com.zaxxer.hikari.pool.HikariPool - HikariPool-1 - Added connection org.postgresql.jdbc.PgConnection@6704df84
2025-07-31 16:16:57.046 [main] INFO  com.zaxxer.hikari.HikariDataSource - HikariPool-1 - Start completed.
2025-07-31 16:16:57.569 [main] INFO  liquibase.database - Set default schema name to public
2025-07-31 16:16:58.971 [main] INFO  liquibase.changelog - Reading from public.databasechangelog
2025-07-31 16:16:59.278 [main] INFO  liquibase.ui - Database is up to date, no changesets to execute
2025-07-31 16:16:59.297 [main] INFO  liquibase.changelog - Reading from public.databasechangelog
2025-07-31 16:16:59.334 [main] INFO  liquibase.util - UPDATE SUMMARY
2025-07-31 16:16:59.335 [main] INFO  liquibase.util - Run:                          0
2025-07-31 16:16:59.335 [main] INFO  liquibase.util - Previously run:               4
2025-07-31 16:16:59.336 [main] INFO  liquibase.util - Filtered out:                 0
2025-07-31 16:16:59.336 [main] INFO  liquibase.util - -------------------------------
2025-07-31 16:16:59.337 [main] INFO  liquibase.util - Total change sets:            4
2025-07-31 16:16:59.339 [main] INFO  liquibase.util - Update summary generated
2025-07-31 16:16:59.343 [main] INFO  liquibase.command - Command execution complete
2025-07-31 16:17:00.773 [main] INFO  org.hibernate.jpa.internal.util.LogHelper - HHH000204: Processing PersistenceUnitInfo [name: default]
2025-07-31 16:17:01.008 [main] INFO  org.hibernate.Version - HHH000412: Hibernate ORM core version 6.6.15.Final
2025-07-31 16:17:01.181 [main] INFO  org.hibernate.cache.internal.RegionFactoryInitiator - HHH000026: Second-level cache disabled
2025-07-31 16:17:02.232 [main] INFO  org.springframework.orm.jpa.persistenceunit.SpringPersistenceUnitInfo - No LoadTimeWeaver setup: ignoring JPA class transformer
2025-07-31 16:17:02.554 [main] INFO  org.hibernate.orm.connections.pooling - HHH10001005: Database info:
	Database JDBC URL [Connecting through datasource 'HikariDataSource (HikariPool-1)']
	Database driver: undefined/unknown
	Database version: 17.5
	Autocommit mode: undefined/unknown
	Isolation level: undefined/unknown
	Minimum pool size: undefined/unknown
	Maximum pool size: undefined/unknown
2025-07-31 16:17:05.078 [main] INFO  org.hibernate.engine.transaction.jta.platform.internal.JtaPlatformInitiator - HHH000489: No JTA platform available (set 'hibernate.transaction.jta.platform' to enable JTA platform integration)
2025-07-31 16:17:05.196 [main] INFO  org.springframework.orm.jpa.LocalContainerEntityManagerFactoryBean - Initialized JPA EntityManagerFactory for persistence unit 'default'
2025-07-31 16:17:06.867 [main] WARN  org.springframework.boot.autoconfigure.orm.jpa.JpaBaseConfiguration$JpaWebConfiguration - spring.jpa.open-in-view is enabled by default. Therefore, database queries may be performed during view rendering. Explicitly configure spring.jpa.open-in-view to disable this warning
2025-07-31 16:17:06.971 [main] INFO  org.springframework.boot.autoconfigure.web.servlet.WelcomePageHandlerMapping - Adding welcome page: class path resource [static/index.html]
2025-07-31 16:17:07.616 [main] INFO  org.springframework.security.config.annotation.authentication.configuration.InitializeUserDetailsBeanManagerConfigurer$InitializeUserDetailsManagerConfigurer - Global AuthenticationManager configured with UserDetailsService bean with name userDetailsService
2025-07-31 16:17:08.092 [main] INFO  org.springframework.validation.beanvalidation.OptionalValidatorFactoryBean - Failed to set up a Bean Validation provider: jakarta.validation.NoProviderFoundException: Unable to create a Configuration, because no Jakarta Bean Validation provider could be found. Add a provider like Hibernate Validator (RI) to your classpath.
2025-07-31 16:17:08.566 [main] INFO  org.apache.coyote.http11.Http11NioProtocol - Starting ProtocolHandler ["http-nio-0.0.0.0-8080"]
2025-07-31 16:17:08.616 [main] INFO  org.springframework.boot.web.embedded.tomcat.TomcatWebServer - Tomcat started on port 8080 (http) with context path '/'
2025-07-31 16:17:08.635 [main] INFO  com.example.studentsbot.Main - Started Main in 19.5 seconds (process running for 22.515)
2025-07-31 16:45:55.742 [http-nio-0.0.0.0-8080-exec-1] INFO  org.apache.catalina.core.ContainerBase.[Tomcat].[localhost].[/] - Initializing Spring DispatcherServlet 'dispatcherServlet'
2025-07-31 16:45:55.742 [http-nio-0.0.0.0-8080-exec-1] INFO  org.springframework.web.servlet.DispatcherServlet - Initializing Servlet 'dispatcherServlet'
2025-07-31 16:45:55.777 [http-nio-0.0.0.0-8080-exec-1] INFO  org.springframework.web.servlet.DispatcherServlet - Completed initialization in 35 ms
2025-07-31 16:45:56.054 [http-nio-0.0.0.0-8080-exec-1] WARN  org.apache.catalina.util.SessionIdGeneratorBase - Creation of SecureRandom instance for session ID generation using [SHA1PRNG] took [121] milliseconds.
2025-07-31 17:13:13.402 [SpringApplicationShutdownHook] INFO  org.springframework.boot.web.embedded.tomcat.GracefulShutdown - Commencing graceful shutdown. Waiting for active requests to complete
2025-07-31 17:13:13.436 [tomcat-shutdown] INFO  org.springframework.boot.web.embedded.tomcat.GracefulShutdown - Graceful shutdown complete
2025-07-31 17:13:13.465 [SpringApplicationShutdownHook] INFO  org.springframework.orm.jpa.LocalContainerEntityManagerFactoryBean - Closing JPA EntityManagerFactory for persistence unit 'default'
2025-07-31 17:13:13.529 [SpringApplicationShutdownHook] INFO  com.zaxxer.hikari.HikariDataSource - HikariPool-1 - Shutdown initiated...
2025-07-31 17:13:13.540 [SpringApplicationShutdownHook] INFO  com.zaxxer.hikari.HikariDataSource - HikariPool-1 - Shutdown completed.
2025-07-31 17:13:25.381 [main] INFO  com.example.studentsbot.Main - Starting Main using Java 23.0.2 with PID 16304 (C:\Users\Serge\Documents\Bot\work\stud_tg\StudentsBot\StudentsBot\target\classes started by Serge in C:\Users\Serge\Documents\Bot\work\stud_tg)
2025-07-31 17:13:25.419 [main] DEBUG com.example.studentsbot.Main - Running with Spring Boot v3.5.0, Spring v6.2.7
2025-07-31 17:13:25.424 [main] INFO  com.example.studentsbot.Main - No active profile set, falling back to 1 default profile: "default"
2025-07-31 17:13:28.004 [main] INFO  org.springframework.data.repository.config.RepositoryConfigurationDelegate - Bootstrapping Spring Data JPA repositories in DEFAULT mode.
2025-07-31 17:13:28.167 [main] INFO  org.springframework.data.repository.config.RepositoryConfigurationDelegate - Finished Spring Data repository scanning in 134 ms. Found 2 JPA repository interfaces.
2025-07-31 17:13:29.813 [main] INFO  org.springframework.boot.web.embedded.tomcat.TomcatWebServer - Tomcat initialized with port 8080 (http)
2025-07-31 17:13:29.864 [main] INFO  org.apache.coyote.http11.Http11NioProtocol - Initializing ProtocolHandler ["http-nio-0.0.0.0-8080"]
2025-07-31 17:13:29.869 [main] INFO  org.apache.catalina.core.StandardService - Starting service [Tomcat]
2025-07-31 17:13:29.883 [main] INFO  org.apache.catalina.core.StandardEngine - Starting Servlet engine: [Apache Tomcat/10.1.41]
2025-07-31 17:13:30.092 [main] INFO  org.apache.catalina.core.ContainerBase.[Tomcat].[localhost].[/] - Initializing Spring embedded WebApplicationContext
2025-07-31 17:13:30.096 [main] INFO  org.springframework.boot.web.servlet.context.ServletWebServerApplicationContext - Root WebApplicationContext: initialization completed in 4491 ms
2025-07-31 17:13:30.655 [main] INFO  com.zaxxer.hikari.HikariDataSource - HikariPool-1 - Starting...
2025-07-31 17:13:31.256 [main] INFO  com.zaxxer.hikari.pool.HikariPool - HikariPool-1 - Added connection org.postgresql.jdbc.PgConnection@13d289c7
2025-07-31 17:13:31.259 [main] INFO  com.zaxxer.hikari.HikariDataSource - HikariPool-1 - Start completed.
2025-07-31 17:13:31.716 [main] INFO  liquibase.database - Set default schema name to public
2025-07-31 17:13:33.061 [main] INFO  liquibase.changelog - Reading from public.databasechangelog
2025-07-31 17:13:33.305 [main] INFO  liquibase.ui - Database is up to date, no changesets to execute
2025-07-31 17:13:33.329 [main] INFO  liquibase.changelog - Reading from public.databasechangelog
2025-07-31 17:13:33.360 [main] INFO  liquibase.util - UPDATE SUMMARY
2025-07-31 17:13:33.361 [main] INFO  liquibase.util - Run:                          0
2025-07-31 17:13:33.361 [main] INFO  liquibase.util - Previously run:               4
2025-07-31 17:13:33.361 [main] INFO  liquibase.util - Filtered out:                 0
2025-07-31 17:13:33.361 [main] INFO  liquibase.util - -------------------------------
2025-07-31 17:13:33.362 [main] INFO  liquibase.util - Total change sets:            4
2025-07-31 17:13:33.364 [main] INFO  liquibase.util - Update summary generated
2025-07-31 17:13:33.366 [main] INFO  liquibase.command - Command execution complete
2025-07-31 17:13:34.752 [main] INFO  org.hibernate.jpa.internal.util.LogHelper - HHH000204: Processing PersistenceUnitInfo [name: default]
2025-07-31 17:13:34.978 [main] INFO  org.hibernate.Version - HHH000412: Hibernate ORM core version 6.6.15.Final
2025-07-31 17:13:35.138 [main] INFO  org.hibernate.cache.internal.RegionFactoryInitiator - HHH000026: Second-level cache disabled
2025-07-31 17:13:36.027 [main] INFO  org.springframework.orm.jpa.persistenceunit.SpringPersistenceUnitInfo - No LoadTimeWeaver setup: ignoring JPA class transformer
2025-07-31 17:13:36.320 [main] INFO  org.hibernate.orm.connections.pooling - HHH10001005: Database info:
	Database JDBC URL [Connecting through datasource 'HikariDataSource (HikariPool-1)']
	Database driver: undefined/unknown
	Database version: 17.5
	Autocommit mode: undefined/unknown
	Isolation level: undefined/unknown
	Minimum pool size: undefined/unknown
	Maximum pool size: undefined/unknown
2025-07-31 17:13:38.393 [main] INFO  org.hibernate.engine.transaction.jta.platform.internal.JtaPlatformInitiator - HHH000489: No JTA platform available (set 'hibernate.transaction.jta.platform' to enable JTA platform integration)
2025-07-31 17:13:38.518 [main] INFO  org.springframework.orm.jpa.LocalContainerEntityManagerFactoryBean - Initialized JPA EntityManagerFactory for persistence unit 'default'
2025-07-31 17:13:40.125 [main] WARN  org.springframework.boot.autoconfigure.orm.jpa.JpaBaseConfiguration$JpaWebConfiguration - spring.jpa.open-in-view is enabled by default. Therefore, database queries may be performed during view rendering. Explicitly configure spring.jpa.open-in-view to disable this warning
2025-07-31 17:13:40.208 [main] INFO  org.springframework.boot.autoconfigure.web.servlet.WelcomePageHandlerMapping - Adding welcome page: class path resource [static/index.html]
2025-07-31 17:13:40.725 [main] WARN  org.springframework.boot.web.servlet.context.AnnotationConfigServletWebServerApplicationContext - Exception encountered during context initialization - cancelling refresh attempt: org.springframework.beans.factory.UnsatisfiedDependencyException: Error creating bean with name 'org.springframework.security.config.annotation.web.configuration.WebSecurityConfiguration': Unsatisfied dependency expressed through method 'setFilterChains' parameter 0: Error creating bean with name 'securityFilterChain' defined in class path resource [com/example/studentsbot/security/SecurityConfig.class]: Unsatisfied dependency expressed through method 'securityFilterChain' parameter 0: Error creating bean with name 'org.springframework.security.config.annotation.web.configuration.HttpSecurityConfiguration.httpSecurity' defined in class path resource [org/springframework/security/config/annotation/web/configuration/HttpSecurityConfiguration.class]: Failed to instantiate [org.springframework.security.config.annotation.web.builders.HttpSecurity]: Factory method 'httpSecurity' threw exception with message: Error creating bean with name 'userDetailsService' defined in class path resource [com/example/studentsbot/security/SecurityConfig.class]: Failed to instantiate [org.springframework.security.provisioning.InMemoryUserDetailsManager]: Factory method 'userDetailsService' threw exception with message: rawPassword cannot be null
2025-07-31 17:13:40.727 [main] INFO  org.springframework.orm.jpa.LocalContainerEntityManagerFactoryBean - Closing JPA EntityManagerFactory for persistence unit 'default'
2025-07-31 17:13:40.733 [main] INFO  com.zaxxer.hikari.HikariDataSource - HikariPool-1 - Shutdown initiated...
2025-07-31 17:13:40.743 [main] INFO  com.zaxxer.hikari.HikariDataSource - HikariPool-1 - Shutdown completed.
2025-07-31 17:13:40.748 [main] INFO  org.apache.catalina.core.StandardService - Stopping service [Tomcat]
2025-07-31 17:13:40.792 [main] INFO  org.springframework.boot.autoconfigure.logging.ConditionEvaluationReportLogger - 

Error starting ApplicationContext. To display the condition evaluation report re-run your application with 'debug' enabled.
2025-07-31 17:13:40.853 [main] ERROR org.springframework.boot.SpringApplication - Application run failed
org.springframework.beans.factory.UnsatisfiedDependencyException: Error creating bean with name 'org.springframework.security.config.annotation.web.configuration.WebSecurityConfiguration': Unsatisfied dependency expressed through method 'setFilterChains' parameter 0: Error creating bean with name 'securityFilterChain' defined in class path resource [com/example/studentsbot/security/SecurityConfig.class]: Unsatisfied dependency expressed through method 'securityFilterChain' parameter 0: Error creating bean with name 'org.springframework.security.config.annotation.web.configuration.HttpSecurityConfiguration.httpSecurity' defined in class path resource [org/springframework/security/config/annotation/web/configuration/HttpSecurityConfiguration.class]: Failed to instantiate [org.springframework.security.config.annotation.web.builders.HttpSecurity]: Factory method 'httpSecurity' threw exception with message: Error creating bean with name 'userDetailsService' defined in class path resource [com/example/studentsbot/security/SecurityConfig.class]: Failed to instantiate [org.springframework.security.provisioning.InMemoryUserDetailsManager]: Factory method 'userDetailsService' threw exception with message: rawPassword cannot be null
	at org.springframework.beans.factory.annotation.AutowiredAnnotationBeanPostProcessor$AutowiredMethodElement.resolveMethodArguments(AutowiredAnnotationBeanPostProcessor.java:896) ~[spring-beans-6.2.7.jar:6.2.7]
	at org.springframework.beans.factory.annotation.AutowiredAnnotationBeanPostProcessor$AutowiredMethodElement.inject(AutowiredAnnotationBeanPostProcessor.java:849) ~[spring-beans-6.2.7.jar:6.2.7]
	at org.springframework.beans.factory.annotation.InjectionMetadata.inject(InjectionMetadata.java:146) ~[spring-beans-6.2.7.jar:6.2.7]
	at org.springframework.beans.factory.annotation.AutowiredAnnotationBeanPostProcessor.postProcessProperties(AutowiredAnnotationBeanPostProcessor.java:509) ~[spring-beans-6.2.7.jar:6.2.7]
	at org.springframework.beans.factory.support.AbstractAutowireCapableBeanFactory.populateBean(AbstractAutowireCapableBeanFactory.java:1459) ~[spring-beans-6.2.7.jar:6.2.7]
	at org.springframework.beans.factory.support.AbstractAutowireCapableBeanFactory.doCreateBean(AbstractAutowireCapableBeanFactory.java:606) ~[spring-beans-6.2.7.jar:6.2.7]
	at org.springframework.beans.factory.support.AbstractAutowireCapableBeanFactory.createBean(AbstractAutowireCapableBeanFactory.java:529) ~[spring-beans-6.2.7.jar:6.2.7]
	at org.springframework.beans.factory.support.AbstractBeanFactory.lambda$doGetBean$0(AbstractBeanFactory.java:339) ~[spring-beans-6.2.7.jar:6.2.7]
	at org.springframework.beans.factory.support.DefaultSingletonBeanRegistry.getSingleton(DefaultSingletonBeanRegistry.java:373) ~[spring-beans-6.2.7.jar:6.2.7]
	at org.springframework.beans.factory.support.AbstractBeanFactory.doGetBean(AbstractBeanFactory.java:337) ~[spring-beans-6.2.7.jar:6.2.7]
	at org.springframework.beans.factory.support.AbstractBeanFactory.getBean(AbstractBeanFactory.java:202) ~[spring-beans-6.2.7.jar:6.2.7]
	at org.springframework.beans.factory.support.DefaultListableBeanFactory.instantiateSingleton(DefaultListableBeanFactory.java:1222) ~[spring-beans-6.2.7.jar:6.2.7]
	at org.springframework.beans.factory.support.DefaultListableBeanFactory.preInstantiateSingleton(DefaultListableBeanFactory.java:1188) ~[spring-beans-6.2.7.jar:6.2.7]
	at org.springframework.beans.factory.support.DefaultListableBeanFactory.preInstantiateSingletons(DefaultListableBeanFactory.java:1123) ~[spring-beans-6.2.7.jar:6.2.7]
	at org.springframework.context.support.AbstractApplicationContext.finishBeanFactoryInitialization(AbstractApplicationContext.java:987) ~[spring-context-6.2.7.jar:6.2.7]
	at org.springframework.context.support.AbstractApplicationContext.refresh(AbstractApplicationContext.java:627) ~[spring-context-6.2.7.jar:6.2.7]
	at org.springframework.boot.web.servlet.context.ServletWebServerApplicationContext.refresh(ServletWebServerApplicationContext.java:146) ~[spring-boot-3.5.0.jar:3.5.0]
	at org.springframework.boot.SpringApplication.refresh(SpringApplication.java:753) [spring-boot-3.5.0.jar:3.5.0]
	at org.springframework.boot.SpringApplication.refreshContext(SpringApplication.java:439) [spring-boot-3.5.0.jar:3.5.0]
	at org.springframework.boot.SpringApplication.run(SpringApplication.java:318) [spring-boot-3.5.0.jar:3.5.0]
	at com.example.studentsbot.Main.main(Main.java:42) [classes/:?]
Caused by: org.springframework.beans.factory.UnsatisfiedDependencyException: Error creating bean with name 'securityFilterChain' defined in class path resource [com/example/studentsbot/security/SecurityConfig.class]: Unsatisfied dependency expressed through method 'securityFilterChain' parameter 0: Error creating bean with name 'org.springframework.security.config.annotation.web.configuration.HttpSecurityConfiguration.httpSecurity' defined in class path resource [org/springframework/security/config/annotation/web/configuration/HttpSecurityConfiguration.class]: Failed to instantiate [org.springframework.security.config.annotation.web.builders.HttpSecurity]: Factory method 'httpSecurity' threw exception with message: Error creating bean with name 'userDetailsService' defined in class path resource [com/example/studentsbot/security/SecurityConfig.class]: Failed to instantiate [org.springframework.security.provisioning.InMemoryUserDetailsManager]: Factory method 'userDetailsService' threw exception with message: rawPassword cannot be null
	at org.springframework.beans.factory.support.ConstructorResolver.createArgumentArray(ConstructorResolver.java:804) ~[spring-beans-6.2.7.jar:6.2.7]
	at org.springframework.beans.factory.support.ConstructorResolver.instantiateUsingFactoryMethod(ConstructorResolver.java:546) ~[spring-beans-6.2.7.jar:6.2.7]
	at org.springframework.beans.factory.support.AbstractAutowireCapableBeanFactory.instantiateUsingFactoryMethod(AbstractAutowireCapableBeanFactory.java:1375) ~[spring-beans-6.2.7.jar:6.2.7]
	at org.springframework.beans.factory.support.AbstractAutowireCapableBeanFactory.createBeanInstance(AbstractAutowireCapableBeanFactory.java:1205) ~[spring-beans-6.2.7.jar:6.2.7]
	at org.springframework.beans.factory.support.AbstractAutowireCapableBeanFactory.doCreateBean(AbstractAutowireCapableBeanFactory.java:569) ~[spring-beans-6.2.7.jar:6.2.7]
	at org.springframework.beans.factory.support.AbstractAutowireCapableBeanFactory.createBean(AbstractAutowireCapableBeanFactory.java:529) ~[spring-beans-6.2.7.jar:6.2.7]
	at org.springframework.beans.factory.support.AbstractBeanFactory.lambda$doGetBean$0(AbstractBeanFactory.java:339) ~[spring-beans-6.2.7.jar:6.2.7]
	at org.springframework.beans.factory.support.DefaultSingletonBeanRegistry.getSingleton(DefaultSingletonBeanRegistry.java:373) ~[spring-beans-6.2.7.jar:6.2.7]
	at org.springframework.beans.factory.support.AbstractBeanFactory.doGetBean(AbstractBeanFactory.java:337) ~[spring-beans-6.2.7.jar:6.2.7]
	at org.springframework.beans.factory.support.AbstractBeanFactory.getBean(AbstractBeanFactory.java:202) ~[spring-beans-6.2.7.jar:6.2.7]
	at org.springframework.beans.factory.config.DependencyDescriptor.resolveCandidate(DependencyDescriptor.java:254) ~[spring-beans-6.2.7.jar:6.2.7]
	at org.springframework.beans.factory.support.DefaultListableBeanFactory.addCandidateEntry(DefaultListableBeanFactory.java:1992) ~[spring-beans-6.2.7.jar:6.2.7]
	at org.springframework.beans.factory.support.DefaultListableBeanFactory.findAutowireCandidates(DefaultListableBeanFactory.java:1956) ~[spring-beans-6.2.7.jar:6.2.7]
	at org.springframework.beans.factory.support.DefaultListableBeanFactory.resolveMultipleBeanCollection(DefaultListableBeanFactory.java:1846) ~[spring-beans-6.2.7.jar:6.2.7]
	at org.springframework.beans.factory.support.DefaultListableBeanFactory.resolveMultipleBeans(DefaultListableBeanFactory.java:1814) ~[spring-beans-6.2.7.jar:6.2.7]
	at org.springframework.beans.factory.support.DefaultListableBeanFactory.doResolveDependency(DefaultListableBeanFactory.java:1689) ~[spring-beans-6.2.7.jar:6.2.7]
	at org.springframework.beans.factory.support.DefaultListableBeanFactory.resolveDependency(DefaultListableBeanFactory.java:1628) ~[spring-beans-6.2.7.jar:6.2.7]
	at org.springframework.beans.factory.annotation.AutowiredAnnotationBeanPostProcessor$AutowiredMethodElement.resolveMethodArguments(AutowiredAnnotationBeanPostProcessor.java:888) ~[spring-beans-6.2.7.jar:6.2.7]
	... 20 more
Caused by: org.springframework.beans.factory.BeanCreationException: Error creating bean with name 'org.springframework.security.config.annotation.web.configuration.HttpSecurityConfiguration.httpSecurity' defined in class path resource [org/springframework/security/config/annotation/web/configuration/HttpSecurityConfiguration.class]: Failed to instantiate [org.springframework.security.config.annotation.web.builders.HttpSecurity]: Factory method 'httpSecurity' threw exception with message: Error creating bean with name 'userDetailsService' defined in class path resource [com/example/studentsbot/security/SecurityConfig.class]: Failed to instantiate [org.springframework.security.provisioning.InMemoryUserDetailsManager]: Factory method 'userDetailsService' threw exception with message: rawPassword cannot be null
	at org.springframework.beans.factory.support.ConstructorResolver.instantiate(ConstructorResolver.java:657) ~[spring-beans-6.2.7.jar:6.2.7]
	at org.springframework.beans.factory.support.ConstructorResolver.instantiateUsingFactoryMethod(ConstructorResolver.java:489) ~[spring-beans-6.2.7.jar:6.2.7]
	at org.springframework.beans.factory.support.AbstractAutowireCapableBeanFactory.instantiateUsingFactoryMethod(AbstractAutowireCapableBeanFactory.java:1375) ~[spring-beans-6.2.7.jar:6.2.7]
	at org.springframework.beans.factory.support.AbstractAutowireCapableBeanFactory.createBeanInstance(AbstractAutowireCapableBeanFactory.java:1205) ~[spring-beans-6.2.7.jar:6.2.7]
	at org.springframework.beans.factory.support.AbstractAutowireCapableBeanFactory.doCreateBean(AbstractAutowireCapableBeanFactory.java:569) ~[spring-beans-6.2.7.jar:6.2.7]
	at org.springframework.beans.factory.support.AbstractAutowireCapableBeanFactory.createBean(AbstractAutowireCapableBeanFactory.java:529) ~[spring-beans-6.2.7.jar:6.2.7]
	at org.springframework.beans.factory.support.AbstractBeanFactory.doGetBean(AbstractBeanFactory.java:357) ~[spring-beans-6.2.7.jar:6.2.7]
	at org.springframework.beans.factory.support.AbstractBeanFactory.getBean(AbstractBeanFactory.java:202) ~[spring-beans-6.2.7.jar:6.2.7]
	at org.springframework.beans.factory.config.DependencyDescriptor.resolveCandidate(DependencyDescriptor.java:254) ~[spring-beans-6.2.7.jar:6.2.7]
	at org.springframework.beans.factory.support.DefaultListableBeanFactory.doResolveDependency(DefaultListableBeanFactory.java:1740) ~[spring-beans-6.2.7.jar:6.2.7]
	at org.springframework.beans.factory.support.DefaultListableBeanFactory.resolveDependency(DefaultListableBeanFactory.java:1628) ~[spring-beans-6.2.7.jar:6.2.7]
	at org.springframework.beans.factory.support.ConstructorResolver.resolveAutowiredArgument(ConstructorResolver.java:913) ~[spring-beans-6.2.7.jar:6.2.7]
	at org.springframework.beans.factory.support.ConstructorResolver.createArgumentArray(ConstructorResolver.java:791) ~[spring-beans-6.2.7.jar:6.2.7]
	at org.springframework.beans.factory.support.ConstructorResolver.instantiateUsingFactoryMethod(ConstructorResolver.java:546) ~[spring-beans-6.2.7.jar:6.2.7]
	at org.springframework.beans.factory.support.AbstractAutowireCapableBeanFactory.instantiateUsingFactoryMethod(AbstractAutowireCapableBeanFactory.java:1375) ~[spring-beans-6.2.7.jar:6.2.7]
	at org.springframework.beans.factory.support.AbstractAutowireCapableBeanFactory.createBeanInstance(AbstractAutowireCapableBeanFactory.java:1205) ~[spring-beans-6.2.7.jar:6.2.7]
	at org.springframework.beans.factory.support.AbstractAutowireCapableBeanFactory.doCreateBean(AbstractAutowireCapableBeanFactory.java:569) ~[spring-beans-6.2.7.jar:6.2.7]
	at org.springframework.beans.factory.support.AbstractAutowireCapableBeanFactory.createBean(AbstractAutowireCapableBeanFactory.java:529) ~[spring-beans-6.2.7.jar:6.2.7]
	at org.springframework.beans.factory.support.AbstractBeanFactory.lambda$doGetBean$0(AbstractBeanFactory.java:339) ~[spring-beans-6.2.7.jar:6.2.7]
	at org.springframework.beans.factory.support.DefaultSingletonBeanRegistry.getSingleton(DefaultSingletonBeanRegistry.java:373) ~[spring-beans-6.2.7.jar:6.2.7]
	at org.springframework.beans.factory.support.AbstractBeanFactory.doGetBean(AbstractBeanFactory.java:337) ~[spring-beans-6.2.7.jar:6.2.7]
	at org.springframework.beans.factory.support.AbstractBeanFactory.getBean(AbstractBeanFactory.java:202) ~[spring-beans-6.2.7.jar:6.2.7]
	at org.springframework.beans.factory.config.DependencyDescriptor.resolveCandidate(DependencyDescriptor.java:254) ~[spring-beans-6.2.7.jar:6.2.7]
	at org.springframework.beans.factory.support.DefaultListableBeanFactory.addCandidateEntry(DefaultListableBeanFactory.java:1992) ~[spring-beans-6.2.7.jar:6.2.7]
	at org.springframework.beans.factory.support.DefaultListableBeanFactory.findAutowireCandidates(DefaultListableBeanFactory.java:1956) ~[spring-beans-6.2.7.jar:6.2.7]
	at org.springframework.beans.factory.support.DefaultListableBeanFactory.resolveMultipleBeanCollection(DefaultListableBeanFactory.java:1846) ~[spring-beans-6.2.7.jar:6.2.7]
	at org.springframework.beans.factory.support.DefaultListableBeanFactory.resolveMultipleBeans(DefaultListableBeanFactory.java:1814) ~[spring-beans-6.2.7.jar:6.2.7]
	at org.springframework.beans.factory.support.DefaultListableBeanFactory.doResolveDependency(DefaultListableBeanFactory.java:1689) ~[spring-beans-6.2.7.jar:6.2.7]
	at org.springframework.beans.factory.support.DefaultListableBeanFactory.resolveDependency(DefaultListableBeanFactory.java:1628) ~[spring-beans-6.2.7.jar:6.2.7]
	at org.springframework.beans.factory.annotation.AutowiredAnnotationBeanPostProcessor$AutowiredMethodElement.resolveMethodArguments(AutowiredAnnotationBeanPostProcessor.java:888) ~[spring-beans-6.2.7.jar:6.2.7]
	... 20 more
Caused by: org.springframework.beans.BeanInstantiationException: Failed to instantiate [org.springframework.security.config.annotation.web.builders.HttpSecurity]: Factory method 'httpSecurity' threw exception with message: Error creating bean with name 'userDetailsService' defined in class path resource [com/example/studentsbot/security/SecurityConfig.class]: Failed to instantiate [org.springframework.security.provisioning.InMemoryUserDetailsManager]: Factory method 'userDetailsService' threw exception with message: rawPassword cannot be null
	at org.springframework.beans.factory.support.SimpleInstantiationStrategy.lambda$instantiate$0(SimpleInstantiationStrategy.java:199) ~[spring-beans-6.2.7.jar:6.2.7]
	at org.springframework.beans.factory.support.SimpleInstantiationStrategy.instantiateWithFactoryMethod(SimpleInstantiationStrategy.java:88) ~[spring-beans-6.2.7.jar:6.2.7]
	at org.springframework.beans.factory.support.SimpleInstantiationStrategy.instantiate(SimpleInstantiationStrategy.java:168) ~[spring-beans-6.2.7.jar:6.2.7]
	at org.springframework.beans.factory.support.ConstructorResolver.instantiate(ConstructorResolver.java:653) ~[spring-beans-6.2.7.jar:6.2.7]
	at org.springframework.beans.factory.support.ConstructorResolver.instantiateUsingFactoryMethod(ConstructorResolver.java:489) ~[spring-beans-6.2.7.jar:6.2.7]
	at org.springframework.beans.factory.support.AbstractAutowireCapableBeanFactory.instantiateUsingFactoryMethod(AbstractAutowireCapableBeanFactory.java:1375) ~[spring-beans-6.2.7.jar:6.2.7]
	at org.springframework.beans.factory.support.AbstractAutowireCapableBeanFactory.createBeanInstance(AbstractAutowireCapableBeanFactory.java:1205) ~[spring-beans-6.2.7.jar:6.2.7]
	at org.springframework.beans.factory.support.AbstractAutowireCapableBeanFactory.doCreateBean(AbstractAutowireCapableBeanFactory.java:569) ~[spring-beans-6.2.7.jar:6.2.7]
	at org.springframework.beans.factory.support.AbstractAutowireCapableBeanFactory.createBean(AbstractAutowireCapableBeanFactory.java:529) ~[spring-beans-6.2.7.jar:6.2.7]
	at org.springframework.beans.factory.support.AbstractBeanFactory.doGetBean(AbstractBeanFactory.java:357) ~[spring-beans-6.2.7.jar:6.2.7]
	at org.springframework.beans.factory.support.AbstractBeanFactory.getBean(AbstractBeanFactory.java:202) ~[spring-beans-6.2.7.jar:6.2.7]
	at org.springframework.beans.factory.config.DependencyDescriptor.resolveCandidate(DependencyDescriptor.java:254) ~[spring-beans-6.2.7.jar:6.2.7]
	at org.springframework.beans.factory.support.DefaultListableBeanFactory.doResolveDependency(DefaultListableBeanFactory.java:1740) ~[spring-beans-6.2.7.jar:6.2.7]
	at org.springframework.beans.factory.support.DefaultListableBeanFactory.resolveDependency(DefaultListableBeanFactory.java:1628) ~[spring-beans-6.2.7.jar:6.2.7]
	at org.springframework.beans.factory.support.ConstructorResolver.resolveAutowiredArgument(ConstructorResolver.java:913) ~[spring-beans-6.2.7.jar:6.2.7]
	at org.springframework.beans.factory.support.ConstructorResolver.createArgumentArray(ConstructorResolver.java:791) ~[spring-beans-6.2.7.jar:6.2.7]
	at org.springframework.beans.factory.support.ConstructorResolver.instantiateUsingFactoryMethod(ConstructorResolver.java:546) ~[spring-beans-6.2.7.jar:6.2.7]
	at org.springframework.beans.factory.support.AbstractAutowireCapableBeanFactory.instantiateUsingFactoryMethod(AbstractAutowireCapableBeanFactory.java:1375) ~[spring-beans-6.2.7.jar:6.2.7]
	at org.springframework.beans.factory.support.AbstractAutowireCapableBeanFactory.createBeanInstance(AbstractAutowireCapableBeanFactory.java:1205) ~[spring-beans-6.2.7.jar:6.2.7]
	at org.springframework.beans.factory.support.AbstractAutowireCapableBeanFactory.doCreateBean(AbstractAutowireCapableBeanFactory.java:569) ~[spring-beans-6.2.7.jar:6.2.7]
	at org.springframework.beans.factory.support.AbstractAutowireCapableBeanFactory.createBean(AbstractAutowireCapableBeanFactory.java:529) ~[spring-beans-6.2.7.jar:6.2.7]
	at org.springframework.beans.factory.support.AbstractBeanFactory.lambda$doGetBean$0(AbstractBeanFactory.java:339) ~[spring-beans-6.2.7.jar:6.2.7]
	at org.springframework.beans.factory.support.DefaultSingletonBeanRegistry.getSingleton(DefaultSingletonBeanRegistry.java:373) ~[spring-beans-6.2.7.jar:6.2.7]
	at org.springframework.beans.factory.support.AbstractBeanFactory.doGetBean(AbstractBeanFactory.java:337) ~[spring-beans-6.2.7.jar:6.2.7]
	at org.springframework.beans.factory.support.AbstractBeanFactory.getBean(AbstractBeanFactory.java:202) ~[spring-beans-6.2.7.jar:6.2.7]
	at org.springframework.beans.factory.config.DependencyDescriptor.resolveCandidate(DependencyDescriptor.java:254) ~[spring-beans-6.2.7.jar:6.2.7]
	at org.springframework.beans.factory.support.DefaultListableBeanFactory.addCandidateEntry(DefaultListableBeanFactory.java:1992) ~[spring-beans-6.2.7.jar:6.2.7]
	at org.springframework.beans.factory.support.DefaultListableBeanFactory.findAutowireCandidates(DefaultListableBeanFactory.java:1956) ~[spring-beans-6.2.7.jar:6.2.7]
	at org.springframework.beans.factory.support.DefaultListableBeanFactory.resolveMultipleBeanCollection(DefaultListableBeanFactory.java:1846) ~[spring-beans-6.2.7.jar:6.2.7]
	at org.springframework.beans.factory.support.DefaultListableBeanFactory.resolveMultipleBeans(DefaultListableBeanFactory.java:1814) ~[spring-beans-6.2.7.jar:6.2.7]
	at org.springframework.beans.factory.support.DefaultListableBeanFactory.doResolveDependency(DefaultListableBeanFactory.java:1689) ~[spring-beans-6.2.7.jar:6.2.7]
	at org.springframework.beans.factory.support.DefaultListableBeanFactory.resolveDependency(DefaultListableBeanFactory.java:1628) ~[spring-beans-6.2.7.jar:6.2.7]
	at org.springframework.beans.factory.annotation.AutowiredAnnotationBeanPostProcessor$AutowiredMethodElement.resolveMethodArguments(AutowiredAnnotationBeanPostProcessor.java:888) ~[spring-beans-6.2.7.jar:6.2.7]
	... 20 more
Caused by: org.springframework.beans.factory.BeanCreationException: Error creating bean with name 'userDetailsService' defined in class path resource [com/example/studentsbot/security/SecurityConfig.class]: Failed to instantiate [org.springframework.security.provisioning.InMemoryUserDetailsManager]: Factory method 'userDetailsService' threw exception with message: rawPassword cannot be null
	at org.springframework.beans.factory.support.ConstructorResolver.instantiate(ConstructorResolver.java:657) ~[spring-beans-6.2.7.jar:6.2.7]
	at org.springframework.beans.factory.support.ConstructorResolver.instantiateUsingFactoryMethod(ConstructorResolver.java:489) ~[spring-beans-6.2.7.jar:6.2.7]
	at org.springframework.beans.factory.support.AbstractAutowireCapableBeanFactory.instantiateUsingFactoryMethod(AbstractAutowireCapableBeanFactory.java:1375) ~[spring-beans-6.2.7.jar:6.2.7]
	at org.springframework.beans.factory.support.AbstractAutowireCapableBeanFactory.createBeanInstance(AbstractAutowireCapableBeanFactory.java:1205) ~[spring-beans-6.2.7.jar:6.2.7]
	at org.springframework.beans.factory.support.AbstractAutowireCapableBeanFactory.doCreateBean(AbstractAutowireCapableBeanFactory.java:569) ~[spring-beans-6.2.7.jar:6.2.7]
	at org.springframework.beans.factory.support.AbstractAutowireCapableBeanFactory.createBean(AbstractAutowireCapableBeanFactory.java:529) ~[spring-beans-6.2.7.jar:6.2.7]
	at org.springframework.beans.factory.support.AbstractBeanFactory.lambda$doGetBean$0(AbstractBeanFactory.java:339) ~[spring-beans-6.2.7.jar:6.2.7]
	at org.springframework.beans.factory.support.DefaultSingletonBeanRegistry.getSingleton(DefaultSingletonBeanRegistry.java:373) ~[spring-beans-6.2.7.jar:6.2.7]
	at org.springframework.beans.factory.support.AbstractBeanFactory.doGetBean(AbstractBeanFactory.java:337) ~[spring-beans-6.2.7.jar:6.2.7]
	at org.springframework.beans.factory.support.AbstractBeanFactory.getBean(AbstractBeanFactory.java:207) ~[spring-beans-6.2.7.jar:6.2.7]
	at org.springframework.context.support.AbstractApplicationContext.getBean(AbstractApplicationContext.java:1278) ~[spring-context-6.2.7.jar:6.2.7]
	at org.springframework.security.config.annotation.authentication.configuration.InitializeUserDetailsBeanManagerConfigurer$InitializeUserDetailsManagerConfigurer.configure(InitializeUserDetailsBeanManagerConfigurer.java:94) ~[spring-security-config-6.5.0.jar:6.5.0]
	at org.springframework.security.config.annotation.authentication.configuration.InitializeUserDetailsBeanManagerConfigurer$InitializeUserDetailsManagerConfigurer.configure(InitializeUserDetailsBeanManagerConfigurer.java:63) ~[spring-security-config-6.5.0.jar:6.5.0]
	at org.springframework.security.config.annotation.AbstractConfiguredSecurityBuilder.configure(AbstractConfiguredSecurityBuilder.java:398) ~[spring-security-config-6.5.0.jar:6.5.0]
	at org.springframework.security.config.annotation.AbstractConfiguredSecurityBuilder.doBuild(AbstractConfiguredSecurityBuilder.java:352) ~[spring-security-config-6.5.0.jar:6.5.0]
	at org.springframework.security.config.annotation.AbstractSecurityBuilder.build(AbstractSecurityBuilder.java:38) ~[spring-security-config-6.5.0.jar:6.5.0]
	at org.springframework.security.config.annotation.authentication.configuration.AuthenticationConfiguration.getAuthenticationManager(AuthenticationConfiguration.java:121) ~[spring-security-config-6.5.0.jar:6.5.0]
	at org.springframework.security.config.annotation.web.configuration.HttpSecurityConfiguration.authenticationManager(HttpSecurityConfiguration.java:143) ~[spring-security-config-6.5.0.jar:6.5.0]
	at org.springframework.security.config.annotation.web.configuration.HttpSecurityConfiguration.httpSecurity(HttpSecurityConfiguration.java:112) ~[spring-security-config-6.5.0.jar:6.5.0]
	at java.base/jdk.internal.reflect.DirectMethodHandleAccessor.invoke(DirectMethodHandleAccessor.java:103) ~[?:?]
	at java.base/java.lang.reflect.Method.invoke(Method.java:580) ~[?:?]
	at org.springframework.beans.factory.support.SimpleInstantiationStrategy.lambda$instantiate$0(SimpleInstantiationStrategy.java:171) ~[spring-beans-6.2.7.jar:6.2.7]
	at org.springframework.beans.factory.support.SimpleInstantiationStrategy.instantiateWithFactoryMethod(SimpleInstantiationStrategy.java:88) ~[spring-beans-6.2.7.jar:6.2.7]
	at org.springframework.beans.factory.support.SimpleInstantiationStrategy.instantiate(SimpleInstantiationStrategy.java:168) ~[spring-beans-6.2.7.jar:6.2.7]
	at org.springframework.beans.factory.support.ConstructorResolver.instantiate(ConstructorResolver.java:653) ~[spring-beans-6.2.7.jar:6.2.7]
	at org.springframework.beans.factory.support.ConstructorResolver.instantiateUsingFactoryMethod(ConstructorResolver.java:489) ~[spring-beans-6.2.7.jar:6.2.7]
	at org.springframework.beans.factory.support.AbstractAutowireCapableBeanFactory.instantiateUsingFactoryMethod(AbstractAutowireCapableBeanFactory.java:1375) ~[spring-beans-6.2.7.jar:6.2.7]
	at org.springframework.beans.factory.support.AbstractAutowireCapableBeanFactory.createBeanInstance(AbstractAutowireCapableBeanFactory.java:1205) ~[spring-beans-6.2.7.jar:6.2.7]
	at org.springframework.beans.factory.support.AbstractAutowireCapableBeanFactory.doCreateBean(AbstractAutowireCapableBeanFactory.java:569) ~[spring-beans-6.2.7.jar:6.2.7]
	at org.springframework.beans.factory.support.AbstractAutowireCapableBeanFactory.createBean(AbstractAutowireCapableBeanFactory.java:529) ~[spring-beans-6.2.7.jar:6.2.7]
	at org.springframework.beans.factory.support.AbstractBeanFactory.doGetBean(AbstractBeanFactory.java:357) ~[spring-beans-6.2.7.jar:6.2.7]
	at org.springframework.beans.factory.support.AbstractBeanFactory.getBean(AbstractBeanFactory.java:202) ~[spring-beans-6.2.7.jar:6.2.7]
	at org.springframework.beans.factory.config.DependencyDescriptor.resolveCandidate(DependencyDescriptor.java:254) ~[spring-beans-6.2.7.jar:6.2.7]
	at org.springframework.beans.factory.support.DefaultListableBeanFactory.doResolveDependency(DefaultListableBeanFactory.java:1740) ~[spring-beans-6.2.7.jar:6.2.7]
	at org.springframework.beans.factory.support.DefaultListableBeanFactory.resolveDependency(DefaultListableBeanFactory.java:1628) ~[spring-beans-6.2.7.jar:6.2.7]
	at org.springframework.beans.factory.support.ConstructorResolver.resolveAutowiredArgument(ConstructorResolver.java:913) ~[spring-beans-6.2.7.jar:6.2.7]
	at org.springframework.beans.factory.support.ConstructorResolver.createArgumentArray(ConstructorResolver.java:791) ~[spring-beans-6.2.7.jar:6.2.7]
	at org.springframework.beans.factory.support.ConstructorResolver.instantiateUsingFactoryMethod(ConstructorResolver.java:546) ~[spring-beans-6.2.7.jar:6.2.7]
	at org.springframework.beans.factory.support.AbstractAutowireCapableBeanFactory.instantiateUsingFactoryMethod(AbstractAutowireCapableBeanFactory.java:1375) ~[spring-beans-6.2.7.jar:6.2.7]
	at org.springframework.beans.factory.support.AbstractAutowireCapableBeanFactory.createBeanInstance(AbstractAutowireCapableBeanFactory.java:1205) ~[spring-beans-6.2.7.jar:6.2.7]
	at org.springframework.beans.factory.support.AbstractAutowireCapableBeanFactory.doCreateBean(AbstractAutowireCapableBeanFactory.java:569) ~[spring-beans-6.2.7.jar:6.2.7]
	at org.springframework.beans.factory.support.AbstractAutowireCapableBeanFactory.createBean(AbstractAutowireCapableBeanFactory.java:529) ~[spring-beans-6.2.7.jar:6.2.7]
	at org.springframework.beans.factory.support.AbstractBeanFactory.lambda$doGetBean$0(AbstractBeanFactory.java:339) ~[spring-beans-6.2.7.jar:6.2.7]
	at org.springframework.beans.factory.support.DefaultSingletonBeanRegistry.getSingleton(DefaultSingletonBeanRegistry.java:373) ~[spring-beans-6.2.7.jar:6.2.7]
	at org.springframework.beans.factory.support.AbstractBeanFactory.doGetBean(AbstractBeanFactory.java:337) ~[spring-beans-6.2.7.jar:6.2.7]
	at org.springframework.beans.factory.support.AbstractBeanFactory.getBean(AbstractBeanFactory.java:202) ~[spring-beans-6.2.7.jar:6.2.7]
	at org.springframework.beans.factory.config.DependencyDescriptor.resolveCandidate(DependencyDescriptor.java:254) ~[spring-beans-6.2.7.jar:6.2.7]
	at org.springframework.beans.factory.support.DefaultListableBeanFactory.addCandidateEntry(DefaultListableBeanFactory.java:1992) ~[spring-beans-6.2.7.jar:6.2.7]
	at org.springframework.beans.factory.support.DefaultListableBeanFactory.findAutowireCandidates(DefaultListableBeanFactory.java:1956) ~[spring-beans-6.2.7.jar:6.2.7]
	at org.springframework.beans.factory.support.DefaultListableBeanFactory.resolveMultipleBeanCollection(DefaultListableBeanFactory.java:1846) ~[spring-beans-6.2.7.jar:6.2.7]
	at org.springframework.beans.factory.support.DefaultListableBeanFactory.resolveMultipleBeans(DefaultListableBeanFactory.java:1814) ~[spring-beans-6.2.7.jar:6.2.7]
	at org.springframework.beans.factory.support.DefaultListableBeanFactory.doResolveDependency(DefaultListableBeanFactory.java:1689) ~[spring-beans-6.2.7.jar:6.2.7]
	at org.springframework.beans.factory.support.DefaultListableBeanFactory.resolveDependency(DefaultListableBeanFactory.java:1628) ~[spring-beans-6.2.7.jar:6.2.7]
	at org.springframework.beans.factory.annotation.AutowiredAnnotationBeanPostProcessor$AutowiredMethodElement.resolveMethodArguments(AutowiredAnnotationBeanPostProcessor.java:888) ~[spring-beans-6.2.7.jar:6.2.7]
	... 20 more
Caused by: org.springframework.beans.BeanInstantiationException: Failed to instantiate [org.springframework.security.provisioning.InMemoryUserDetailsManager]: Factory method 'userDetailsService' threw exception with message: rawPassword cannot be null
	at org.springframework.beans.factory.support.SimpleInstantiationStrategy.lambda$instantiate$0(SimpleInstantiationStrategy.java:199) ~[spring-beans-6.2.7.jar:6.2.7]
	at org.springframework.beans.factory.support.SimpleInstantiationStrategy.instantiateWithFactoryMethod(SimpleInstantiationStrategy.java:88) ~[spring-beans-6.2.7.jar:6.2.7]
	at org.springframework.beans.factory.support.SimpleInstantiationStrategy.instantiate(SimpleInstantiationStrategy.java:168) ~[spring-beans-6.2.7.jar:6.2.7]
	at org.springframework.beans.factory.support.ConstructorResolver.instantiate(ConstructorResolver.java:653) ~[spring-beans-6.2.7.jar:6.2.7]
	at org.springframework.beans.factory.support.ConstructorResolver.instantiateUsingFactoryMethod(ConstructorResolver.java:489) ~[spring-beans-6.2.7.jar:6.2.7]
	at org.springframework.beans.factory.support.AbstractAutowireCapableBeanFactory.instantiateUsingFactoryMethod(AbstractAutowireCapableBeanFactory.java:1375) ~[spring-beans-6.2.7.jar:6.2.7]
	at org.springframework.beans.factory.support.AbstractAutowireCapableBeanFactory.createBeanInstance(AbstractAutowireCapableBeanFactory.java:1205) ~[spring-beans-6.2.7.jar:6.2.7]
	at org.springframework.beans.factory.support.AbstractAutowireCapableBeanFactory.doCreateBean(AbstractAutowireCapableBeanFactory.java:569) ~[spring-beans-6.2.7.jar:6.2.7]
	at org.springframework.beans.factory.support.AbstractAutowireCapableBeanFactory.createBean(AbstractAutowireCapableBeanFactory.java:529) ~[spring-beans-6.2.7.jar:6.2.7]
	at org.springframework.beans.factory.support.AbstractBeanFactory.lambda$doGetBean$0(AbstractBeanFactory.java:339) ~[spring-beans-6.2.7.jar:6.2.7]
	at org.springframework.beans.factory.support.DefaultSingletonBeanRegistry.getSingleton(DefaultSingletonBeanRegistry.java:373) ~[spring-beans-6.2.7.jar:6.2.7]
	at org.springframework.beans.factory.support.AbstractBeanFactory.doGetBean(AbstractBeanFactory.java:337) ~[spring-beans-6.2.7.jar:6.2.7]
	at org.springframework.beans.factory.support.AbstractBeanFactory.getBean(AbstractBeanFactory.java:207) ~[spring-beans-6.2.7.jar:6.2.7]
	at org.springframework.context.support.AbstractApplicationContext.getBean(AbstractApplicationContext.java:1278) ~[spring-context-6.2.7.jar:6.2.7]
	at org.springframework.security.config.annotation.authentication.configuration.InitializeUserDetailsBeanManagerConfigurer$InitializeUserDetailsManagerConfigurer.configure(InitializeUserDetailsBeanManagerConfigurer.java:94) ~[spring-security-config-6.5.0.jar:6.5.0]
	at org.springframework.security.config.annotation.authentication.configuration.InitializeUserDetailsBeanManagerConfigurer$InitializeUserDetailsManagerConfigurer.configure(InitializeUserDetailsBeanManagerConfigurer.java:63) ~[spring-security-config-6.5.0.jar:6.5.0]
	at org.springframework.security.config.annotation.AbstractConfiguredSecurityBuilder.configure(AbstractConfiguredSecurityBuilder.java:398) ~[spring-security-config-6.5.0.jar:6.5.0]
	at org.springframework.security.config.annotation.AbstractConfiguredSecurityBuilder.doBuild(AbstractConfiguredSecurityBuilder.java:352) ~[spring-security-config-6.5.0.jar:6.5.0]
	at org.springframework.security.config.annotation.AbstractSecurityBuilder.build(AbstractSecurityBuilder.java:38) ~[spring-security-config-6.5.0.jar:6.5.0]
	at org.springframework.security.config.annotation.authentication.configuration.AuthenticationConfiguration.getAuthenticationManager(AuthenticationConfiguration.java:121) ~[spring-security-config-6.5.0.jar:6.5.0]
	at org.springframework.security.config.annotation.web.configuration.HttpSecurityConfiguration.authenticationManager(HttpSecurityConfiguration.java:143) ~[spring-security-config-6.5.0.jar:6.5.0]
	at org.springframework.security.config.annotation.web.configuration.HttpSecurityConfiguration.httpSecurity(HttpSecurityConfiguration.java:112) ~[spring-security-config-6.5.0.jar:6.5.0]
	at java.base/jdk.internal.reflect.DirectMethodHandleAccessor.invoke(DirectMethodHandleAccessor.java:103) ~[?:?]
	at java.base/java.lang.reflect.Method.invoke(Method.java:580) ~[?:?]
	at org.springframework.beans.factory.support.SimpleInstantiationStrategy.lambda$instantiate$0(SimpleInstantiationStrategy.java:171) ~[spring-beans-6.2.7.jar:6.2.7]
	at org.springframework.beans.factory.support.SimpleInstantiationStrategy.instantiateWithFactoryMethod(SimpleInstantiationStrategy.java:88) ~[spring-beans-6.2.7.jar:6.2.7]
	at org.springframework.beans.factory.support.SimpleInstantiationStrategy.instantiate(SimpleInstantiationStrategy.java:168) ~[spring-beans-6.2.7.jar:6.2.7]
	at org.springframework.beans.factory.support.ConstructorResolver.instantiate(ConstructorResolver.java:653) ~[spring-beans-6.2.7.jar:6.2.7]
	at org.springframework.beans.factory.support.ConstructorResolver.instantiateUsingFactoryMethod(ConstructorResolver.java:489) ~[spring-beans-6.2.7.jar:6.2.7]
	at org.springframework.beans.factory.support.AbstractAutowireCapableBeanFactory.instantiateUsingFactoryMethod(AbstractAutowireCapableBeanFactory.java:1375) ~[spring-beans-6.2.7.jar:6.2.7]
	at org.springframework.beans.factory.support.AbstractAutowireCapableBeanFactory.createBeanInstance(AbstractAutowireCapableBeanFactory.java:1205) ~[spring-beans-6.2.7.jar:6.2.7]
	at org.springframework.beans.factory.support.AbstractAutowireCapableBeanFactory.doCreateBean(AbstractAutowireCapableBeanFactory.java:569) ~[spring-beans-6.2.7.jar:6.2.7]
	at org.springframework.beans.factory.support.AbstractAutowireCapableBeanFactory.createBean(AbstractAutowireCapableBeanFactory.java:529) ~[spring-beans-6.2.7.jar:6.2.7]
	at org.springframework.beans.factory.support.AbstractBeanFactory.doGetBean(AbstractBeanFactory.java:357) ~[spring-beans-6.2.7.jar:6.2.7]
	at org.springframework.beans.factory.support.AbstractBeanFactory.getBean(AbstractBeanFactory.java:202) ~[spring-beans-6.2.7.jar:6.2.7]
	at org.springframework.beans.factory.config.DependencyDescriptor.resolveCandidate(DependencyDescriptor.java:254) ~[spring-beans-6.2.7.jar:6.2.7]
	at org.springframework.beans.factory.support.DefaultListableBeanFactory.doResolveDependency(DefaultListableBeanFactory.java:1740) ~[spring-beans-6.2.7.jar:6.2.7]
	at org.springframework.beans.factory.support.DefaultListableBeanFactory.resolveDependency(DefaultListableBeanFactory.java:1628) ~[spring-beans-6.2.7.jar:6.2.7]
	at org.springframework.beans.factory.support.ConstructorResolver.resolveAutowiredArgument(ConstructorResolver.java:913) ~[spring-beans-6.2.7.jar:6.2.7]
	at org.springframework.beans.factory.support.ConstructorResolver.createArgumentArray(ConstructorResolver.java:791) ~[spring-beans-6.2.7.jar:6.2.7]
	at org.springframework.beans.factory.support.ConstructorResolver.instantiateUsingFactoryMethod(ConstructorResolver.java:546) ~[spring-beans-6.2.7.jar:6.2.7]
	at org.springframework.beans.factory.support.AbstractAutowireCapableBeanFactory.instantiateUsingFactoryMethod(AbstractAutowireCapableBeanFactory.java:1375) ~[spring-beans-6.2.7.jar:6.2.7]
	at org.springframework.beans.factory.support.AbstractAutowireCapableBeanFactory.createBeanInstance(AbstractAutowireCapableBeanFactory.java:1205) ~[spring-beans-6.2.7.jar:6.2.7]
	at org.springframework.beans.factory.support.AbstractAutowireCapableBeanFactory.doCreateBean(AbstractAutowireCapableBeanFactory.java:569) ~[spring-beans-6.2.7.jar:6.2.7]
	at org.springframework.beans.factory.support.AbstractAutowireCapableBeanFactory.createBean(AbstractAutowireCapableBeanFactory.java:529) ~[spring-beans-6.2.7.jar:6.2.7]
	at org.springframework.beans.factory.support.AbstractBeanFactory.lambda$doGetBean$0(AbstractBeanFactory.java:339) ~[spring-beans-6.2.7.jar:6.2.7]
	at org.springframework.beans.factory.support.DefaultSingletonBeanRegistry.getSingleton(DefaultSingletonBeanRegistry.java:373) ~[spring-beans-6.2.7.jar:6.2.7]
	at org.springframework.beans.factory.support.AbstractBeanFactory.doGetBean(AbstractBeanFactory.java:337) ~[spring-beans-6.2.7.jar:6.2.7]
	at org.springframework.beans.factory.support.AbstractBeanFactory.getBean(AbstractBeanFactory.java:202) ~[spring-beans-6.2.7.jar:6.2.7]
	at org.springframework.beans.factory.config.DependencyDescriptor.resolveCandidate(DependencyDescriptor.java:254) ~[spring-beans-6.2.7.jar:6.2.7]
	at org.springframework.beans.factory.support.DefaultListableBeanFactory.addCandidateEntry(DefaultListableBeanFactory.java:1992) ~[spring-beans-6.2.7.jar:6.2.7]
	at org.springframework.beans.factory.support.DefaultListableBeanFactory.findAutowireCandidates(DefaultListableBeanFactory.java:1956) ~[spring-beans-6.2.7.jar:6.2.7]
	at org.springframework.beans.factory.support.DefaultListableBeanFactory.resolveMultipleBeanCollection(DefaultListableBeanFactory.java:1846) ~[spring-beans-6.2.7.jar:6.2.7]
	at org.springframework.beans.factory.support.DefaultListableBeanFactory.resolveMultipleBeans(DefaultListableBeanFactory.java:1814) ~[spring-beans-6.2.7.jar:6.2.7]
	at org.springframework.beans.factory.support.DefaultListableBeanFactory.doResolveDependency(DefaultListableBeanFactory.java:1689) ~[spring-beans-6.2.7.jar:6.2.7]
	at org.springframework.beans.factory.support.DefaultListableBeanFactory.resolveDependency(DefaultListableBeanFactory.java:1628) ~[spring-beans-6.2.7.jar:6.2.7]
	at org.springframework.beans.factory.annotation.AutowiredAnnotationBeanPostProcessor$AutowiredMethodElement.resolveMethodArguments(AutowiredAnnotationBeanPostProcessor.java:888) ~[spring-beans-6.2.7.jar:6.2.7]
	... 20 more
Caused by: java.lang.IllegalArgumentException: rawPassword cannot be null
	at org.springframework.security.crypto.bcrypt.BCryptPasswordEncoder.encode(BCryptPasswordEncoder.java:107) ~[spring-security-crypto-6.5.0.jar:6.5.0]
	at com.example.studentsbot.security.SecurityConfig.userDetailsService(SecurityConfig.java:65) ~[classes/:?]
	at com.example.studentsbot.security.SecurityConfig$$SpringCGLIB$$0.CGLIB$userDetailsService$2(<generated>) ~[classes/:?]
	at com.example.studentsbot.security.SecurityConfig$$SpringCGLIB$$FastClass$$1.invoke(<generated>) ~[classes/:?]
	at org.springframework.cglib.proxy.MethodProxy.invokeSuper(MethodProxy.java:258) ~[spring-core-6.2.7.jar:6.2.7]
	at org.springframework.context.annotation.ConfigurationClassEnhancer$BeanMethodInterceptor.intercept(ConfigurationClassEnhancer.java:393) ~[spring-context-6.2.7.jar:6.2.7]
	at com.example.studentsbot.security.SecurityConfig$$SpringCGLIB$$0.userDetailsService(<generated>) ~[classes/:?]
	at java.base/jdk.internal.reflect.DirectMethodHandleAccessor.invoke(DirectMethodHandleAccessor.java:103) ~[?:?]
	at java.base/java.lang.reflect.Method.invoke(Method.java:580) ~[?:?]
	at org.springframework.beans.factory.support.SimpleInstantiationStrategy.lambda$instantiate$0(SimpleInstantiationStrategy.java:171) ~[spring-beans-6.2.7.jar:6.2.7]
	at org.springframework.beans.factory.support.SimpleInstantiationStrategy.instantiateWithFactoryMethod(SimpleInstantiationStrategy.java:88) ~[spring-beans-6.2.7.jar:6.2.7]
	at org.springframework.beans.factory.support.SimpleInstantiationStrategy.instantiate(SimpleInstantiationStrategy.java:168) ~[spring-beans-6.2.7.jar:6.2.7]
	at org.springframework.beans.factory.support.ConstructorResolver.instantiate(ConstructorResolver.java:653) ~[spring-beans-6.2.7.jar:6.2.7]
	at org.springframework.beans.factory.support.ConstructorResolver.instantiateUsingFactoryMethod(ConstructorResolver.java:489) ~[spring-beans-6.2.7.jar:6.2.7]
	at org.springframework.beans.factory.support.AbstractAutowireCapableBeanFactory.instantiateUsingFactoryMethod(AbstractAutowireCapableBeanFactory.java:1375) ~[spring-beans-6.2.7.jar:6.2.7]
	at org.springframework.beans.factory.support.AbstractAutowireCapableBeanFactory.createBeanInstance(AbstractAutowireCapableBeanFactory.java:1205) ~[spring-beans-6.2.7.jar:6.2.7]
	at org.springframework.beans.factory.support.AbstractAutowireCapableBeanFactory.doCreateBean(AbstractAutowireCapableBeanFactory.java:569) ~[spring-beans-6.2.7.jar:6.2.7]
	at org.springframework.beans.factory.support.AbstractAutowireCapableBeanFactory.createBean(AbstractAutowireCapableBeanFactory.java:529) ~[spring-beans-6.2.7.jar:6.2.7]
	at org.springframework.beans.factory.support.AbstractBeanFactory.lambda$doGetBean$0(AbstractBeanFactory.java:339) ~[spring-beans-6.2.7.jar:6.2.7]
	at org.springframework.beans.factory.support.DefaultSingletonBeanRegistry.getSingleton(DefaultSingletonBeanRegistry.java:373) ~[spring-beans-6.2.7.jar:6.2.7]
	at org.springframework.beans.factory.support.AbstractBeanFactory.doGetBean(AbstractBeanFactory.java:337) ~[spring-beans-6.2.7.jar:6.2.7]
	at org.springframework.beans.factory.support.AbstractBeanFactory.getBean(AbstractBeanFactory.java:207) ~[spring-beans-6.2.7.jar:6.2.7]
	at org.springframework.context.support.AbstractApplicationContext.getBean(AbstractApplicationContext.java:1278) ~[spring-context-6.2.7.jar:6.2.7]
	at org.springframework.security.config.annotation.authentication.configuration.InitializeUserDetailsBeanManagerConfigurer$InitializeUserDetailsManagerConfigurer.configure(InitializeUserDetailsBeanManagerConfigurer.java:94) ~[spring-security-config-6.5.0.jar:6.5.0]
	at org.springframework.security.config.annotation.authentication.configuration.InitializeUserDetailsBeanManagerConfigurer$InitializeUserDetailsManagerConfigurer.configure(InitializeUserDetailsBeanManagerConfigurer.java:63) ~[spring-security-config-6.5.0.jar:6.5.0]
	at org.springframework.security.config.annotation.AbstractConfiguredSecurityBuilder.configure(AbstractConfiguredSecurityBuilder.java:398) ~[spring-security-config-6.5.0.jar:6.5.0]
	at org.springframework.security.config.annotation.AbstractConfiguredSecurityBuilder.doBuild(AbstractConfiguredSecurityBuilder.java:352) ~[spring-security-config-6.5.0.jar:6.5.0]
	at org.springframework.security.config.annotation.AbstractSecurityBuilder.build(AbstractSecurityBuilder.java:38) ~[spring-security-config-6.5.0.jar:6.5.0]
	at org.springframework.security.config.annotation.authentication.configuration.AuthenticationConfiguration.getAuthenticationManager(AuthenticationConfiguration.java:121) ~[spring-security-config-6.5.0.jar:6.5.0]
	at org.springframework.security.config.annotation.web.configuration.HttpSecurityConfiguration.authenticationManager(HttpSecurityConfiguration.java:143) ~[spring-security-config-6.5.0.jar:6.5.0]
	at org.springframework.security.config.annotation.web.configuration.HttpSecurityConfiguration.httpSecurity(HttpSecurityConfiguration.java:112) ~[spring-security-config-6.5.0.jar:6.5.0]
	at java.base/jdk.internal.reflect.DirectMethodHandleAccessor.invoke(DirectMethodHandleAccessor.java:103) ~[?:?]
	at java.base/java.lang.reflect.Method.invoke(Method.java:580) ~[?:?]
	at org.springframework.beans.factory.support.SimpleInstantiationStrategy.lambda$instantiate$0(SimpleInstantiationStrategy.java:171) ~[spring-beans-6.2.7.jar:6.2.7]
	at org.springframework.beans.factory.support.SimpleInstantiationStrategy.instantiateWithFactoryMethod(SimpleInstantiationStrategy.java:88) ~[spring-beans-6.2.7.jar:6.2.7]
	at org.springframework.beans.factory.support.SimpleInstantiationStrategy.instantiate(SimpleInstantiationStrategy.java:168) ~[spring-beans-6.2.7.jar:6.2.7]
	at org.springframework.beans.factory.support.ConstructorResolver.instantiate(ConstructorResolver.java:653) ~[spring-beans-6.2.7.jar:6.2.7]
	at org.springframework.beans.factory.support.ConstructorResolver.instantiateUsingFactoryMethod(ConstructorResolver.java:489) ~[spring-beans-6.2.7.jar:6.2.7]
	at org.springframework.beans.factory.support.AbstractAutowireCapableBeanFactory.instantiateUsingFactoryMethod(AbstractAutowireCapableBeanFactory.java:1375) ~[spring-beans-6.2.7.jar:6.2.7]
	at org.springframework.beans.factory.support.AbstractAutowireCapableBeanFactory.createBeanInstance(AbstractAutowireCapableBeanFactory.java:1205) ~[spring-beans-6.2.7.jar:6.2.7]
	at org.springframework.beans.factory.support.AbstractAutowireCapableBeanFactory.doCreateBean(AbstractAutowireCapableBeanFactory.java:569) ~[spring-beans-6.2.7.jar:6.2.7]
	at org.springframework.beans.factory.support.AbstractAutowireCapableBeanFactory.createBean(AbstractAutowireCapableBeanFactory.java:529) ~[spring-beans-6.2.7.jar:6.2.7]
	at org.springframework.beans.factory.support.AbstractBeanFactory.doGetBean(AbstractBeanFactory.java:357) ~[spring-beans-6.2.7.jar:6.2.7]
	at org.springframework.beans.factory.support.AbstractBeanFactory.getBean(AbstractBeanFactory.java:202) ~[spring-beans-6.2.7.jar:6.2.7]
	at org.springframework.beans.factory.config.DependencyDescriptor.resolveCandidate(DependencyDescriptor.java:254) ~[spring-beans-6.2.7.jar:6.2.7]
	at org.springframework.beans.factory.support.DefaultListableBeanFactory.doResolveDependency(DefaultListableBeanFactory.java:1740) ~[spring-beans-6.2.7.jar:6.2.7]
	at org.springframework.beans.factory.support.DefaultListableBeanFactory.resolveDependency(DefaultListableBeanFactory.java:1628) ~[spring-beans-6.2.7.jar:6.2.7]
	at org.springframework.beans.factory.support.ConstructorResolver.resolveAutowiredArgument(ConstructorResolver.java:913) ~[spring-beans-6.2.7.jar:6.2.7]
	at org.springframework.beans.factory.support.ConstructorResolver.createArgumentArray(ConstructorResolver.java:791) ~[spring-beans-6.2.7.jar:6.2.7]
	at org.springframework.beans.factory.support.ConstructorResolver.instantiateUsingFactoryMethod(ConstructorResolver.java:546) ~[spring-beans-6.2.7.jar:6.2.7]
	at org.springframework.beans.factory.support.AbstractAutowireCapableBeanFactory.instantiateUsingFactoryMethod(AbstractAutowireCapableBeanFactory.java:1375) ~[spring-beans-6.2.7.jar:6.2.7]
	at org.springframework.beans.factory.support.AbstractAutowireCapableBeanFactory.createBeanInstance(AbstractAutowireCapableBeanFactory.java:1205) ~[spring-beans-6.2.7.jar:6.2.7]
	at org.springframework.beans.factory.support.AbstractAutowireCapableBeanFactory.doCreateBean(AbstractAutowireCapableBeanFactory.java:569) ~[spring-beans-6.2.7.jar:6.2.7]
	at org.springframework.beans.factory.support.AbstractAutowireCapableBeanFactory.createBean(AbstractAutowireCapableBeanFactory.java:529) ~[spring-beans-6.2.7.jar:6.2.7]
	at org.springframework.beans.factory.support.AbstractBeanFactory.lambda$doGetBean$0(AbstractBeanFactory.java:339) ~[spring-beans-6.2.7.jar:6.2.7]
	at org.springframework.beans.factory.support.DefaultSingletonBeanRegistry.getSingleton(DefaultSingletonBeanRegistry.java:373) ~[spring-beans-6.2.7.jar:6.2.7]
	at org.springframework.beans.factory.support.AbstractBeanFactory.doGetBean(AbstractBeanFactory.java:337) ~[spring-beans-6.2.7.jar:6.2.7]
	at org.springframework.beans.factory.support.AbstractBeanFactory.getBean(AbstractBeanFactory.java:202) ~[spring-beans-6.2.7.jar:6.2.7]
	at org.springframework.beans.factory.config.DependencyDescriptor.resolveCandidate(DependencyDescriptor.java:254) ~[spring-beans-6.2.7.jar:6.2.7]
	at org.springframework.beans.factory.support.DefaultListableBeanFactory.addCandidateEntry(DefaultListableBeanFactory.java:1992) ~[spring-beans-6.2.7.jar:6.2.7]
	at org.springframework.beans.factory.support.DefaultListableBeanFactory.findAutowireCandidates(DefaultListableBeanFactory.java:1956) ~[spring-beans-6.2.7.jar:6.2.7]
	at org.springframework.beans.factory.support.DefaultListableBeanFactory.resolveMultipleBeanCollection(DefaultListableBeanFactory.java:1846) ~[spring-beans-6.2.7.jar:6.2.7]
	at org.springframework.beans.factory.support.DefaultListableBeanFactory.resolveMultipleBeans(DefaultListableBeanFactory.java:1814) ~[spring-beans-6.2.7.jar:6.2.7]
	at org.springframework.beans.factory.support.DefaultListableBeanFactory.doResolveDependency(DefaultListableBeanFactory.java:1689) ~[spring-beans-6.2.7.jar:6.2.7]
	at org.springframework.beans.factory.support.DefaultListableBeanFactory.resolveDependency(DefaultListableBeanFactory.java:1628) ~[spring-beans-6.2.7.jar:6.2.7]
	at org.springframework.beans.factory.annotation.AutowiredAnnotationBeanPostProcessor$AutowiredMethodElement.resolveMethodArguments(AutowiredAnnotationBeanPostProcessor.java:888) ~[spring-beans-6.2.7.jar:6.2.7]
	... 20 more
2025-07-31 17:21:22.512 [main] INFO  com.example.studentsbot.Main - Starting Main using Java 23.0.2 with PID 3456 (C:\Users\Serge\Documents\Bot\work\stud_tg\StudentsBot\StudentsBot\target\classes started by Serge in C:\Users\Serge\Documents\Bot\work\stud_tg)
2025-07-31 17:21:22.542 [main] DEBUG com.example.studentsbot.Main - Running with Spring Boot v3.5.0, Spring v6.2.7
2025-07-31 17:21:22.547 [main] INFO  com.example.studentsbot.Main - No active profile set, falling back to 1 default profile: "default"
2025-07-31 17:21:25.233 [main] INFO  org.springframework.data.repository.config.RepositoryConfigurationDelegate - Bootstrapping Spring Data JPA repositories in DEFAULT mode.
2025-07-31 17:21:25.393 [main] INFO  org.springframework.data.repository.config.RepositoryConfigurationDelegate - Finished Spring Data repository scanning in 133 ms. Found 2 JPA repository interfaces.
2025-07-31 17:21:27.281 [main] INFO  org.springframework.boot.web.embedded.tomcat.TomcatWebServer - Tomcat initialized with port 8080 (http)
2025-07-31 17:21:27.324 [main] INFO  org.apache.coyote.http11.Http11NioProtocol - Initializing ProtocolHandler ["http-nio-0.0.0.0-8080"]
2025-07-31 17:21:27.329 [main] INFO  org.apache.catalina.core.StandardService - Starting service [Tomcat]
2025-07-31 17:21:27.330 [main] INFO  org.apache.catalina.core.StandardEngine - Starting Servlet engine: [Apache Tomcat/10.1.41]
2025-07-31 17:21:27.545 [main] INFO  org.apache.catalina.core.ContainerBase.[Tomcat].[localhost].[/] - Initializing Spring embedded WebApplicationContext
2025-07-31 17:21:27.551 [main] INFO  org.springframework.boot.web.servlet.context.ServletWebServerApplicationContext - Root WebApplicationContext: initialization completed in 4809 ms
2025-07-31 17:21:28.247 [main] INFO  com.zaxxer.hikari.HikariDataSource - HikariPool-1 - Starting...
2025-07-31 17:21:28.842 [main] INFO  com.zaxxer.hikari.pool.HikariPool - HikariPool-1 - Added connection org.postgresql.jdbc.PgConnection@38f617f4
2025-07-31 17:21:28.845 [main] INFO  com.zaxxer.hikari.HikariDataSource - HikariPool-1 - Start completed.
2025-07-31 17:21:29.411 [main] INFO  liquibase.database - Set default schema name to public
2025-07-31 17:21:30.831 [main] INFO  liquibase.changelog - Reading from public.databasechangelog
2025-07-31 17:21:31.188 [main] INFO  liquibase.ui - Database is up to date, no changesets to execute
2025-07-31 17:21:31.205 [main] INFO  liquibase.changelog - Reading from public.databasechangelog
2025-07-31 17:21:31.243 [main] INFO  liquibase.util - UPDATE SUMMARY
2025-07-31 17:21:31.243 [main] INFO  liquibase.util - Run:                          0
2025-07-31 17:21:31.244 [main] INFO  liquibase.util - Previously run:               4
2025-07-31 17:21:31.244 [main] INFO  liquibase.util - Filtered out:                 0
2025-07-31 17:21:31.244 [main] INFO  liquibase.util - -------------------------------
2025-07-31 17:21:31.245 [main] INFO  liquibase.util - Total change sets:            4
2025-07-31 17:21:31.247 [main] INFO  liquibase.util - Update summary generated
2025-07-31 17:21:31.250 [main] INFO  liquibase.command - Command execution complete
2025-07-31 17:21:32.678 [main] INFO  org.hibernate.jpa.internal.util.LogHelper - HHH000204: Processing PersistenceUnitInfo [name: default]
2025-07-31 17:21:32.917 [main] INFO  org.hibernate.Version - HHH000412: Hibernate ORM core version 6.6.15.Final
2025-07-31 17:21:33.095 [main] INFO  org.hibernate.cache.internal.RegionFactoryInitiator - HHH000026: Second-level cache disabled
2025-07-31 17:21:34.042 [main] INFO  org.springframework.orm.jpa.persistenceunit.SpringPersistenceUnitInfo - No LoadTimeWeaver setup: ignoring JPA class transformer
2025-07-31 17:21:34.392 [main] INFO  org.hibernate.orm.connections.pooling - HHH10001005: Database info:
	Database JDBC URL [Connecting through datasource 'HikariDataSource (HikariPool-1)']
	Database driver: undefined/unknown
	Database version: 17.5
	Autocommit mode: undefined/unknown
	Isolation level: undefined/unknown
	Minimum pool size: undefined/unknown
	Maximum pool size: undefined/unknown
2025-07-31 17:21:36.565 [main] INFO  org.hibernate.engine.transaction.jta.platform.internal.JtaPlatformInitiator - HHH000489: No JTA platform available (set 'hibernate.transaction.jta.platform' to enable JTA platform integration)
2025-07-31 17:21:36.678 [main] INFO  org.springframework.orm.jpa.LocalContainerEntityManagerFactoryBean - Initialized JPA EntityManagerFactory for persistence unit 'default'
2025-07-31 17:21:38.507 [main] WARN  org.springframework.boot.autoconfigure.orm.jpa.JpaBaseConfiguration$JpaWebConfiguration - spring.jpa.open-in-view is enabled by default. Therefore, database queries may be performed during view rendering. Explicitly configure spring.jpa.open-in-view to disable this warning
2025-07-31 17:21:38.586 [main] INFO  org.springframework.boot.autoconfigure.web.servlet.WelcomePageHandlerMapping - Adding welcome page: class path resource [static/index.html]
2025-07-31 17:21:39.445 [main] INFO  org.springframework.security.config.annotation.authentication.configuration.InitializeUserDetailsBeanManagerConfigurer$InitializeUserDetailsManagerConfigurer - Global AuthenticationManager configured with UserDetailsService bean with name userDetailsService
2025-07-31 17:21:39.881 [main] INFO  org.springframework.validation.beanvalidation.OptionalValidatorFactoryBean - Failed to set up a Bean Validation provider: jakarta.validation.NoProviderFoundException: Unable to create a Configuration, because no Jakarta Bean Validation provider could be found. Add a provider like Hibernate Validator (RI) to your classpath.
2025-07-31 17:21:40.476 [main] INFO  org.apache.coyote.http11.Http11NioProtocol - Starting ProtocolHandler ["http-nio-0.0.0.0-8080"]
2025-07-31 17:21:40.562 [main] INFO  org.springframework.boot.web.embedded.tomcat.TomcatWebServer - Tomcat started on port 8080 (http) with context path '/'
2025-07-31 17:21:40.594 [main] INFO  com.example.studentsbot.Main - Started Main in 19.54 seconds (process running for 22.846)
2025-07-31 17:21:49.884 [http-nio-0.0.0.0-8080-exec-1] INFO  org.apache.catalina.core.ContainerBase.[Tomcat].[localhost].[/] - Initializing Spring DispatcherServlet 'dispatcherServlet'
2025-07-31 17:21:49.884 [http-nio-0.0.0.0-8080-exec-1] INFO  org.springframework.web.servlet.DispatcherServlet - Initializing Servlet 'dispatcherServlet'
2025-07-31 17:21:49.886 [http-nio-0.0.0.0-8080-exec-1] INFO  org.springframework.web.servlet.DispatcherServlet - Completed initialization in 2 ms
2025-07-31 17:22:04.790 [http-nio-0.0.0.0-8080-exec-8] INFO  com.example.studentsbot.services.UserCRUDServices - Get All
2025-07-31 17:28:56.944 [SpringApplicationShutdownHook] INFO  org.springframework.boot.web.embedded.tomcat.GracefulShutdown - Commencing graceful shutdown. Waiting for active requests to complete
2025-07-31 17:28:56.982 [tomcat-shutdown] INFO  org.springframework.boot.web.embedded.tomcat.GracefulShutdown - Graceful shutdown complete
2025-07-31 17:28:56.991 [SpringApplicationShutdownHook] INFO  org.springframework.orm.jpa.LocalContainerEntityManagerFactoryBean - Closing JPA EntityManagerFactory for persistence unit 'default'
2025-07-31 17:28:56.997 [SpringApplicationShutdownHook] INFO  com.zaxxer.hikari.HikariDataSource - HikariPool-1 - Shutdown initiated...
2025-07-31 17:28:57.002 [SpringApplicationShutdownHook] INFO  com.zaxxer.hikari.HikariDataSource - HikariPool-1 - Shutdown completed.
